IdUhrh;Annee;Mois;Jour;Heure;Apport (mm);Evp (mm);Wetsep (m3);Wetvol (m3);Wetflwi (m3);Wetflwo (m3);Wetprod (mm)
2;2020;1;1;0;1.50;0.19;458.87469;8554.52051;510.78967;154.05782;0.77
4;2020;1;1;0;1.49;0.19;58.26017;77.75639;44.40480;0.00000;0.23
11;2020;1;1;0;1.49;0.19;88.20657;0.00000;21.67592;0.00000;0.24
13;2020;1;1;0;1.55;0.19;39.20836;101.40302;31.40578;0.00000;0.04
17;2020;1;1;0;1.58;0.19;75.99599;1500.67456;101.31013;38.74162;0.19
19;2020;1;1;0;1.58;0.19;0.44921;0.00000;0.09917;0.00000;0.00
26;2020;1;1;0;1.58;0.19;155.05716;0.00000;65.20137;0.00000;0.38
2;2020;1;2;0;3.57;0.67;457.94247;8921.13965;898.26483;194.79326;0.82
4;2020;1;2;0;4.00;0.67;56.46679;110.59737;72.37517;0.00000;0.22
11;2020;1;2;0;3.91;0.67;0.00000;42.40376;42.40376;0.00000;0.00
13;2020;1;2;0;3.93;0.67;38.79053;129.65913;55.65040;0.00000;0.04
17;2020;1;2;0;4.01;0.67;75.92199;1575.99890;175.49890;47.11098;0.20
19;2020;1;2;0;3.94;0.67;0.00000;0.21437;0.21437;0.00000;0.00
26;2020;1;2;0;3.92;0.67;0.00000;133.51482;133.51482;0.00000;0.00
2;2020;1;3;0;13.23;0.36;464.81522;11328.71094;2830.64087;462.30118;1.16
4;2020;1;3;0;14.46;0.36;63.98941;315.04297;192.47153;0.00000;0.25
11;2020;1;3;0;14.46;0.36;105.37084;174.79822;112.68824;0.00000;0.29
13;2020;1;3;0;14.68;0.36;42.32732;308.41901;170.06267;0.00000;0.04
17;2020;1;3;0;14.78;0.36;77.25343;2017.09119;520.71490;96.12124;0.29
19;2020;1;3;0;14.79;0.36;0.50787;0.94600;0.62264;0.00000;0.00
26;2020;1;3;0;14.69;0.36;257.95724;564.10577;377.38864;0.00000;0.62
2;2020;1;4;0;1.36;0.25;505.95639;11051.01172;608.59149;431.44580;1.18
4;2020;1;4;0;0.12;0.25;92.78782;263.40741;41.36476;0.00000;0.36
11;2020;1;4;0;0.21;0.25;174.21291;27.64508;26.19378;0.00000;0.48
13;2020;1;4;0;0.28;0.25;57.57231;274.86703;23.38818;0.00000;0.06
17;2020;1;4;0;0.30;0.25;84.32587;1941.77405;95.68951;87.75267;0.29
19;2020;1;4;0;0.37;0.25;0.86023;0.20377;0.10255;0.00000;0.01
26;2020;1;4;0;0.46;0.25;430.23459;220.04483;75.21918;0.00000;1.04
2;2020;1;5;0;0.44;0.15;501.51849;10588.95996;404.93460;380.10663;1.11
4;2020;1;5;0;0.45;0.15;87.07513;221.26486;42.28567;0.00000;0.34
11;2020;1;5;0;0.45;0.15;60.24226;0.00000;29.84530;0.00000;0.17
13;2020;1;5;0;0.46;0.15;55.26600;244.91780;23.62614;0.00000;0.06
17;2020;1;5;0;0.46;0.15;83.19440;1874.87048;94.04851;80.31895;0.27
19;2020;1;5;0;0.46;0.15;0.33415;0.00000;0.11503;0.00000;0.00
26;2020;1;5;0;0.46;0.15;308.01505;0.75966;79.27087;0.00000;0.75
2;2020;1;6;0;0.37;0.40;493.97220;10129.85742;358.64310;329.09531;1.03
4;2020;1;6;0;0.39;0.40;81.84961;179.84462;39.40177;0.00000;0.32
11;2020;1;6;0;0.39;0.40;0.00000;31.78315;31.78315;0.00000;0.00
13;2020;1;6;0;0.39;0.40;53.04844;214.32469;21.78008;0.00000;0.06
17;2020;1;6;0;0.40;0.40;82.16534;1804.13318;82.82126;72.45924;0.26
19;2020;1;6;0;0.40;0.40;0.00000;0.12510;0.12510;0.00000;0.00
26;2020;1;6;0;0.39;0.40;41.17653;46.99429;86.88190;0.00000;0.10
2;2020;1;7;0;0.36;0.61;486.26071;9688.43848;325.01031;280.04874;0.96
4;2020;1;7;0;0.38;0.61;76.04367;140.60788;36.73384;0.00000;0.29
11;2020;1;7;0;0.38;0.61;60.29419;0.00000;28.41963;0.00000;0.17
13;2020;1;7;0;0.38;0.61;50.59436;184.55246;20.77900;0.00000;0.05
17;2020;1;7;0;0.38;0.61;81.05123;1734.91968;76.53440;64.76886;0.24
19;2020;1;7;0;0.38;0.61;0.23715;0.00000;0.11168;0.00000;0.00
26;2020;1;7;0;0.38;0.61;126.76491;0.00000;79.62675;0.00000;0.31
2;2020;1;8;0;0.41;0.48;478.63062;9292.48633;313.95636;236.05400;0.90
4;2020;1;8;0;0.42;0.48;69.68191;107.10552;35.43480;0.00000;0.27
11;2020;1;8;0;0.42;0.48;0.00000;30.68894;30.68894;0.00000;0.00
13;2020;1;8;0;0.42;0.48;47.97836;157.34004;20.23931;0.00000;0.05
17;2020;1;8;0;0.42;0.48;79.93349;1671.84229;73.72140;57.76025;0.23
19;2020;1;8;0;0.42;0.48;0.00000;0.12214;0.12214;0.00000;0.00
26;2020;1;8;0;0.42;0.48;0.00000;85.22227;85.22227;0.00000;0.00
2;2020;1;9;0;0.16;0.39;471.59326;8880.43848;252.95529;190.27090;0.83
4;2020;1;9;0;0.19;0.39;63.26480;74.85121;31.25074;0.00000;0.25
11;2020;1;9;0;0.19;0.39;56.37315;0.00000;26.04070;0.00000;0.16
13;2020;1;9;0;0.20;0.39;45.33693;128.94202;17.08216;0.00000;0.05
17;2020;1;9;0;0.21;0.39;78.88950;1604.67212;62.21898;50.29690;0.22
19;2020;1;9;0;0.21;0.39;0.22243;0.00000;0.10136;0.00000;0.00
26;2020;1;9;0;0.20;0.39;155.31528;0.00000;70.70056;0.00000;0.38
2;2020;1;10;0;0.42;1.19;464.06134;8529.30078;275.57541;151.25566;0.77
4;2020;1;10;0;0.43;1.19;55.70865;50.66510;32.83500;0.00000;0.22
11;2020;1;10;0;0.43;1.19;0.00000;29.15284;29.15284;0.00000;0.00
13;2020;1;10;0;0.43;1.19;42.24407;104.20717;18.49513;0.00000;0.04
17;2020;1;10;0;0.44;1.19;77.74947;1545.52637;64.12759;43.72515;0.20
19;2020;1;10;0;0.44;1.19;0.00000;0.11725;0.11725;0.00000;0.00
26;2020;1;10;0;0.44;1.19;0.00000;80.88070;80.88070;0.00000;0.00
2;2020;1;11;0;17.92;0.80;457.46277;11914.21484;3705.11572;527.35724;1.24
4;2020;1;11;0;17.24;0.80;48.50171;300.38037;230.49417;0.00000;0.19
11;2020;1;11;0;17.24;0.80;92.24798;215.09875;149.36174;0.00000;0.25
13;2020;1;11;0;18.27;0.80;39.16798;335.44501;212.34792;0.00000;0.04
17;2020;1;11;0;18.79;0.80;76.71985;2160.00000;639.46387;65.33276;0.24
19;2020;1;11;0;18.80;0.80;0.40995;1.19596;0.86279;0.00000;0.00
26;2020;1;11;0;18.84;0.80;215.91063;718.19165;522.90240;0.00000;0.52
2;2020;1;12;0;0.00;0.13;515.08844;11311.23633;375.90967;460.35956;1.22
4;2020;1;12;0;0.00;0.13;91.23122;248.13678;39.59703;0.00000;0.35
11;2020;1;12;0;0.00;0.13;187.52725;74.41579;48.09694;0.00000;0.52
13;2020;1;12;0;0.00;0.13;59.31485;295.97275;20.23879;0.00000;0.06
17;2020;1;12;0;0.00;0.13;86.40000;2160.00000;88.13277;1.15576;0.15
19;2020;1;12;0;0.00;0.13;0.93489;0.44275;0.18793;0.00000;0.01
26;2020;1;12;0;0.00;0.13;468.74384;366.31757;120.00092;0.00000;1.13
2;2020;1;13;0;0.00;0.22;505.67923;10734.85449;331.23785;396.31720;1.13
4;2020;1;13;0;0.00;0.22;85.24857;198.83942;36.89912;0.00000;0.33
11;2020;1;13;0;0.00;0.22;122.05276;0.00000;49.06755;0.00000;0.34
13;2020;1;13;0;0.00;0.22;56.73659;257.42383;18.81855;0.00000;0.06
17;2020;1;13;0;0.00;0.22;86.40000;2051.97900;79.33722;99.99766;0.31
19;2020;1;13;0;0.00;0.22;0.62949;0.00000;0.19404;0.00000;0.01
26;2020;1;13;0;0.00;0.22;369.10129;115.05170;121.93964;0.00000;0.89
2;2020;1;14;0;0.00;0.33;496.37753;10186.98828;292.18243;335.44318;1.04
4;2020;1;14;0;0.00;0.33;78.80286;153.09354;34.36323;0.00000;0.31
11;2020;1;14;0;0.00;0.33;0.00000;53.01545;53.01545;0.00000;0.00
13;2020;1;14;0;0.00;0.33;53.99460;219.98495;17.45075;0.00000;0.06
17;2020;1;14;0;0.00;0.33;84.84075;1949.56702;72.45365;88.61855;0.29
19;2020;1;14;0;0.00;0.33;0.00000;0.21572;0.21572;0.00000;0.00
26;2020;1;14;0;0.00;0.33;235.10635;0.00000;124.11050;0.00000;0.57
2;2020;1;15;0;0.00;0.65;487.23242;9665.21582;258.80093;277.46844;0.96
4;2020;1;15;0;0.00;0.65;71.81837;111.26668;32.33111;0.00000;0.28
11;2020;1;15;0;0.00;0.65;94.40485;0.00000;45.10526;0.00000;0.26
13;2020;1;15;0;0.00;0.65;51.06470;183.57036;16.31362;0.00000;0.05
17;2020;1;15;0;0.00;0.65;83.31278;1851.75171;65.96162;77.75020;0.27
19;2020;1;15;0;0.00;0.65;0.38261;0.00000;0.18348;0.00000;0.00
26;2020;1;15;0;0.00;0.65;0.00000;131.64832;131.64832;0.00000;0.00
2;2020;1;16;0;0.00;0.52;478.22308;9181.39844;230.60039;223.71094;0.88
4;2020;1;16;0;0.00;0.52;64.12660;76.08230;30.61634;0.00000;0.25
11;2020;1;16;0;0.00;0.52;0.00000;47.42979;47.42979;0.00000;0.00
13;2020;1;16;0;0.00;0.52;47.88757;149.69507;15.26245;0.00000;0.05
17;2020;1;16;0;0.00;0.52;81.80425;1760.27686;60.05125;67.58632;0.25
19;2020;1;16;0;0.00;0.52;0.00000;0.19441;0.19441;0.00000;0.00
26;2020;1;16;0;0.00;0.52;236.35916;0.00000;111.41161;0.00000;0.57
2;2020;1;17;0;0.00;0.14;469.58426;8742.17969;208.53795;174.90889;0.81
4;2020;1;17;0;0.00;0.14;56.03219;48.72215;29.06142;0.00000;0.22
11;2020;1;17;0;0.00;0.14;87.55110;0.00000;40.88327;0.00000;0.24
13;2020;1;17;0;0.00;0.14;44.54235;119.16760;14.32443;0.00000;0.05
17;2020;1;17;0;0.00;0.14;80.34627;1676.21973;55.09408;58.24663;0.23
19;2020;1;17;0;0.00;0.14;0.35826;0.00000;0.16726;0.00000;0.00
26;2020;1;17;0;0.00;0.14;0.00000;119.53750;119.53750;0.00000;0.00
2;2020;1;18;0;0.00;0.25;461.48364;8335.82812;190.59254;129.75870;0.74
4;2020;1;18;0;0.00;0.25;47.83311;28.01109;27.71307;0.00000;0.19
11;2020;1;18;0;0.00;0.25;0.00000;43.74369;43.74369;0.00000;0.00
13;2020;1;18;0;0.00;0.25;41.07831;91.38219;13.80045;0.00000;0.04
17;2020;1;18;0;0.00;0.25;78.96277;1597.60083;50.83067;49.51121;0.21
19;2020;1;18;0;0.00;0.25;0.00000;0.17998;0.17998;0.00000;0.00
26;2020;1;18;0;0.00;0.25;219.66531;0.00000;103.19238;0.00000;0.53
2;2020;1;19;0;0.00;0.32;453.75192;7961.83838;175.11847;88.20425;0.68
4;2020;1;19;0;0.00;0.32;39.30001;14.52250;26.43090;0.00000;0.15
11;2020;1;19;0;0.00;0.32;80.08633;0.00000;38.02202;0.00000;0.22
13;2020;1;19;0;0.00;0.32;37.38388;66.57970;13.17067;0.00000;0.04
17;2020;1;19;0;0.00;0.32;77.62767;1524.33191;46.95258;41.37022;0.20
19;2020;1;19;0;0.00;0.32;0.32853;0.00000;0.15607;0.00000;0.00
26;2020;1;19;0;0.00;0.32;0.00000;110.63077;110.63077;0.00000;0.00
2;2020;1;20;0;0.00;0.33;446.41815;7619.50195;161.63747;50.16689;0.62
4;2020;1;20;0;0.00;0.33;31.12583;8.06227;25.18080;0.00000;0.12
11;2020;1;20;0;0.00;0.33;0.00000;40.36080;40.36080;0.00000;0.00
13;2020;1;20;0;0.00;0.33;33.40931;45.18825;12.57087;0.00000;0.04
17;2020;1;20;0;0.00;0.33;76.34471;1456.34741;43.44027;33.81638;0.18
19;2020;1;20;0;0.00;0.33;0.00000;0.16668;0.16668;0.00000;0.00
26;2020;1;20;0;0.00;0.33;202.02412;0.00000;95.38748;0.00000;0.49
2;2020;1;21;0;0.00;0.79;439.50763;7297.68799;149.36121;14.40977;0.57
4;2020;1;21;0;0.00;0.79;25.25769;5.54140;23.72859;0.00000;0.10
11;2020;1;21;0;0.00;0.79;71.12230;0.00000;34.82710;0.00000;0.20
13;2020;1;21;0;0.00;0.79;29.11511;26.90837;11.97846;0.00000;0.03
17;2020;1;21;0;0.00;0.79;75.11820;1391.73328;40.09073;26.63704;0.17
19;2020;1;21;0;0.00;0.79;0.29200;0.00000;0.14355;0.00000;0.00
26;2020;1;21;0;0.00;0.79;0.00000;100.92336;100.92336;0.00000;0.00
2;2020;1;22;0;0.00;0.70;432.82629;6987.69092;138.08566;0.00000;0.54
4;2020;1;22;0;0.00;0.70;22.11003;4.76164;22.10961;0.00000;0.09
11;2020;1;22;0;0.00;0.70;0.00000;36.17410;36.17410;0.00000;0.00
13;2020;1;22;0;0.00;0.70;24.22137;13.24678;11.41354;0.00000;0.03
17;2020;1;22;0;0.00;0.70;73.91778;1332.12524;36.92907;20.01392;0.16
19;2020;1;22;0;0.00;0.70;0.00000;0.15017;0.15017;0.00000;0.00
26;2020;1;22;0;0.00;0.70;178.56601;0.00000;85.87533;0.00000;0.43
2;2020;1;23;0;0.00;0.78;426.20813;6673.01074;128.23557;0.00000;0.53
4;2020;1;23;0;0.00;0.78;20.95122;3.51147;20.52235;0.00000;0.08
11;2020;1;23;0;0.00;0.78;63.35892;0.00000;31.08886;0.00000;0.17
13;2020;1;23;0;0.00;0.78;18.83405;4.57912;10.90469;0.00000;0.02
17;2020;1;23;0;0.00;0.78;72.77805;1276.76379;34.13216;13.86265;0.14
19;2020;1;23;0;0.00;0.78;0.26147;0.00000;0.12884;0.00000;0.00
26;2020;1;23;0;0.00;0.78;0.00000;89.84732;89.84732;0.00000;0.00
2;2020;1;24;0;0.00;0.58;419.29327;6361.22168;119.71685;0.00000;0.53
4;2020;1;24;0;0.00;0.58;18.80430;3.32681;19.16733;0.00000;0.07
11;2020;1;24;0;0.00;0.58;0.00000;32.32232;32.32232;0.00000;0.00
13;2020;1;24;0;0.00;0.58;12.91757;1.74492;10.45961;0.00000;0.01
17;2020;1;24;0;0.00;0.58;71.68966;1226.42993;31.71384;8.26999;0.13
19;2020;1;24;0;0.00;0.58;0.00000;0.13488;0.13488;0.00000;0.00
26;2020;1;24;0;0.00;0.58;160.32880;0.00000;77.00917;0.00000;0.39
2;2020;1;25;0;0.00;0.61;412.23132;6048.84180;112.33028;0.00000;0.52
4;2020;1;25;0;0.00;0.61;18.44714;2.21940;17.89812;0.00000;0.07
11;2020;1;25;0;0.00;0.61;57.56416;0.00000;28.13843;0.00000;0.16
13;2020;1;25;0;0.00;0.61;9.17152;2.27008;9.97431;0.00000;0.01
17;2020;1;25;0;0.00;0.61;70.67337;1180.13965;29.64895;3.12662;0.12
19;2020;1;25;0;0.00;0.61;0.23900;0.00000;0.11716;0.00000;0.00
26;2020;1;25;0;0.00;0.61;0.00000;80.82166;80.82166;0.00000;0.00
2;2020;1;26;0;26.14;0.17;404.92834;11356.39062;5299.20605;465.37677;1.09
4;2020;1;26;0;26.78;0.17;15.97813;378.52899;356.76892;0.00000;0.06
11;2020;1;26;0;26.64;0.17;0.00000;251.29388;251.29388;0.00000;0.00
13;2020;1;26;0;27.32;0.17;10.06941;353.15262;338.11533;0.00000;0.01
17;2020;1;26;0;27.82;0.17;69.71469;2160.00000;901.48132;12.94189;0.14
19;2020;1;26;0;27.73;0.17;0.00000;1.41082;1.41082;0.00000;0.00
26;2020;1;26;0;27.69;0.17;215.85468;1135.42395;774.20819;0.00000;0.52
2;2020;1;27;0;10.76;0.19;506.39484;13440.00098;2442.14575;301.49023;1.01
4;2020;1;27;0;11.59;0.19;99.03603;532.94318;158.75261;0.00000;0.38
11;2020;1;27;0;11.43;0.19;198.17148;412.55939;172.64174;0.00000;0.55
13;2020;1;27;0;11.48;0.19;60.40795;506.09488;156.12607;0.00000;0.06
17;2020;1;27;0;11.66;0.19;86.40000;2160.00000;451.64951;448.40576;0.89
19;2020;1;27;0;11.55;0.19;0.99136;2.18951;0.82520;0.00000;0.01
26;2020;1;27;0;11.51;0.19;551.50238;1627.51172;520.10352;0.00000;1.33
2;2020;1;28;0;0.12;0.20;537.59998;12737.16992;453.34668;618.79669;1.45
4;2020;1;28;0;0.13;0.20;111.82447;467.19583;45.93379;0.00000;0.43
11;2020;1;28;0;0.13;0.20;236.30342;290.95389;114.43882;0.00000;0.65
13;2020;1;28;0;0.14;0.20;68.63834;459.12277;21.54495;0.00000;0.07
17;2020;1;28;0;0.15;0.20;86.40000;2160.00000;110.55997;24.36035;0.18
19;2020;1;28;0;0.15;0.20;1.15875;1.47077;0.43747;0.00000;0.01
26;2020;1;28;0;0.15;0.20;626.69220;1219.95996;217.80179;0.00000;1.52
2;2020;1;29;0;0.00;0.41;527.44708;12047.42676;390.68225;542.15851;1.34
4;2020;1;29;0;0.00;0.41;106.71816;398.84473;40.55636;0.00000;0.41
11;2020;1;29;0;0.00;0.41;208.75308;188.40556;110.48727;0.00000;0.58
13;2020;1;29;0;0.00;0.41;66.30557;410.60547;19.14850;0.00000;0.07
17;2020;1;29;0;0.00;0.41;86.40000;2160.00000;93.81306;5.64062;0.15
19;2020;1;29;0;0.00;0.41;1.00612;0.86642;0.42241;0.00000;0.01
26;2020;1;29;0;0.00;0.41;565.74194;859.74048;217.12849;0.00000;1.37
2;2020;1;30;0;0.00;0.53;517.12549;11388.73340;341.14038;468.97040;1.24
4;2020;1;30;0;0.00;0.53;100.89113;332.63196;37.35840;0.00000;0.39
11;2020;1;30;0;0.00;0.53;178.91112;111.09075;106.34888;0.00000;0.49
13;2020;1;30;0;0.00;0.53;63.72825;362.86841;17.68405;0.00000;0.07
17;2020;1;30;0;0.00;0.53;86.40000;2055.02173;84.05244;100.33574;0.31
19;2020;1;30;0;0.00;0.53;0.83381;0.42636;0.41590;0.00000;0.01
26;2020;1;30;0;0.00;0.53;499.65369;559.60742;212.79338;0.00000;1.21
2;2020;1;31;0;0.00;0.62;506.90631;10765.35742;298.87863;399.70636;1.14
4;2020;1;31;0;0.00;0.62;94.59461;269.63260;34.51441;0.00000;0.37
11;2020;1;31;0;0.00;0.62;148.31985;60.99670;102.80294;0.00000;0.41
13;2020;1;31;0;0.00;0.62;60.99274;316.36160;16.36817;0.00000;0.06
17;2020;1;31;0;0.00;0.62;84.88538;1953.96387;75.55411;89.10709;0.29
19;2020;1;31;0;0.00;0.62;0.64826;0.16661;0.40852;0.00000;0.01
26;2020;1;31;0;0.00;0.62;429.01361;323.04379;205.68929;0.00000;1.04
2;2020;2;1;0;0.00;0.49;496.87775;10185.05273;263.94455;335.22803;1.04
4;2020;2;1;0;0.00;0.49;87.80014;212.11688;32.43026;0.00000;0.34
11;2020;2;1;0;0.00;0.49;119.88712;37.01384;98.83430;0.00000;0.33
13;2020;2;1;0;0.00;0.49;58.09431;272.20090;15.35342;0.00000;0.06
17;2020;2;1;0;0.00;0.49;83.37943;1858.86719;68.86131;78.54079;0.27
19;2020;2;1;0;0.00;0.49;0.46440;0.09333;0.40247;0.00000;0.00
26;2020;2;1;0;0.00;0.49;352.99203;161.36664;199.94202;0.00000;0.85
2;2020;2;2;0;0.00;0.63;487.19958;9642.53906;235.06732;274.94882;0.96
4;2020;2;2;0;0.00;0.63;80.63197;159.37636;30.44557;0.00000;0.31
11;2020;2;2;0;0.00;0.63;100.40663;27.53880;94.11212;0.00000;0.28
13;2020;2;2;0;0.00;0.63;55.07511;229.72321;14.34200;0.00000;0.06
17;2020;2;2;0;0.00;0.63;81.91570;1768.52441;62.67044;68.50271;0.25
19;2020;2;2;0;0.00;0.63;0.37805;0.08852;0.38521;0.00000;0.00
26;2020;2;2;0;0.00;0.63;275.90338;72.32683;195.60323;0.00000;0.67
2;2020;2;3;0;0.00;0.80;477.82446;9137.38477;210.66948;218.82051;0.87
4;2020;2;3;0;0.00;0.80;72.85109;112.37556;28.77453;0.00000;0.28
11;2020;2;3;0;0.00;0.80;90.40160;21.80877;88.30029;0.00000;0.25
13;2020;2;3;0;0.00;0.80;51.85596;189.25174;13.46599;0.00000;0.05
17;2020;2;3;0;0.00;0.80;80.47970;1682.83069;56.99763;58.98119;0.23
19;2020;2;3;0;0.00;0.80;0.37102;0.06641;0.36380;0.00000;0.00
26;2020;2;3;0;0.00;0.80;207.51109;46.77306;190.28680;0.00000;0.50
2;2020;2;4;0;0.00;0.63;468.78391;8676.70605;190.52356;167.63399;0.80
4;2020;2;4;0;0.00;0.63;64.35274;73.13324;27.13999;0.00000;0.25
11;2020;2;4;0;0.00;0.63;83.21693;18.57118;82.60387;0.00000;0.23
13;2020;2;4;0;0.00;0.63;48.40851;152.18144;12.86493;0.00000;0.05
17;2020;2;4;0;0.00;0.63;79.07318;1603.09546;51.95334;50.12172;0.22
19;2020;2;4;0;0.00;0.63;0.33504;0.06647;0.34567;0.00000;0.00
26;2020;2;4;0;0.00;0.63;177.76338;43.90799;180.50467;0.00000;0.43
2;2020;2;5;0;0.00;0.24;460.25375;8263.75000;174.50212;121.75000;0.73
4;2020;2;5;0;0.00;0.24;55.25136;43.06793;25.84082;0.00000;0.21
11;2020;2;5;0;0.00;0.24;78.60262;17.01553;77.97846;0.00000;0.22
13;2020;2;5;0;0.00;0.24;44.80359;119.08575;12.23884;0.00000;0.05
17;2020;2;5;0;0.00;0.24;77.72234;1530.20276;47.77322;42.02253;0.20
19;2020;2;5;0;0.00;0.24;0.33515;0.05551;0.32815;0.00000;0.00
26;2020;2;5;0;0.00;0.24;173.81903;38.24252;170.21344;0.00000;0.42
2;2020;2;6;0;0.00;0.37;452.35529;7884.64746;161.19136;79.62749;0.67
4;2020;2;6;0;0.00;0.37;45.78376;21.18328;24.74027;0.00000;0.18
11;2020;2;6;0;0.00;0.37;76.19911;13.37487;73.95842;0.00000;0.21
13;2020;2;6;0;0.00;0.37;41.06829;88.95123;11.68830;0.00000;0.04
17;2020;2;6;0;0.00;0.37;76.44896;1462.09937;44.20562;34.45548;0.18
19;2020;2;6;0;0.00;0.37;0.31437;0.04992;0.31456;0.00000;0.00
26;2020;2;6;0;0.00;0.37;165.50061;35.32449;165.62323;0.00000;0.40
2;2020;2;7;0;0.00;0.13;444.87695;7544.93018;149.82320;41.88115;0.61
4;2020;2;7;0;0.00;0.13;35.58938;9.16205;23.79073;0.00000;0.14
11;2020;2;7;0;0.00;0.13;69.95757;13.59332;70.61352;0.00000;0.19
13;2020;2;7;0;0.00;0.13;37.02779;62.88869;11.19683;0.00000;0.04
17;2020;2;7;0;0.00;0.13;75.22339;1399.91260;41.05302;27.54585;0.17
19;2020;2;7;0;0.00;0.13;0.30275;0.04677;0.30149;0.00000;0.00
26;2020;2;7;0;0.00;0.13;160.90265;32.47015;159.05458;0.00000;0.39
2;2020;2;8;0;0.00;0.14;437.97586;7236.46143;140.19978;7.60684;0.56
4;2020;2;8;0;0.00;0.14;26.43064;5.45992;22.91471;0.00000;0.10
11;2020;2;8;0;0.00;0.14;70.36104;10.12901;67.39242;0.00000;0.19
13;2020;2;8;0;0.00;0.14;32.73972;40.69098;10.77265;0.00000;0.03
17;2020;2;8;0;0.00;0.14;74.07169;1342.49805;38.34537;21.16644;0.16
19;2020;2;8;0;0.00;0.14;0.29582;0.03889;0.29002;0.00000;0.00
26;2020;2;8;0;0.00;0.14;156.16147;28.56103;153.35248;0.00000;0.38
2;2020;2;9;0;0.00;0.55;431.53372;6924.30322;131.17465;0.00000;0.54
4;2020;2;9;0;0.00;0.55;21.99409;4.55407;21.68962;0.00000;0.09
11;2020;2;9;0;0.00;0.55;63.38413;9.28405;64.27230;0.00000;0.17
13;2020;2;9;0;0.00;0.55;28.05157;22.22501;10.35262;0.00000;0.03
17;2020;2;9;0;0.00;0.55;72.97871;1288.13000;35.73182;15.12556;0.15
19;2020;2;9;0;0.00;0.55;0.27707;0.03210;0.27785;0.00000;0.00
26;2020;2;9;0;0.00;0.55;149.20995;22.33655;147.06535;0.00000;0.36
2;2020;2;10;0;0.00;0.52;424.83157;6611.18457;122.65738;0.00000;0.53
4;2020;2;10;0;0.00;0.52;20.62235;3.67563;20.27519;0.00000;0.08
11;2020;2;10;0;0.00;0.52;61.45424;6.74877;60.50215;0.00000;0.17
13;2020;2;10;0;0.00;0.52;22.63180;8.96137;9.95121;0.00000;0.02
17;2020;2;10;0;0.00;0.52;71.91556;1238.05249;33.25203;9.56139;0.14
19;2020;2;10;0;0.00;0.52;0.25883;0.03084;0.26424;0.00000;0.00
26;2020;2;10;0;0.00;0.52;136.74167;22.55618;140.48405;0.00000;0.33
2;2020;2;11;0;0.00;0.85;417.91010;6290.45898;114.84277;0.00000;0.52
4;2020;2;11;0;0.00;0.85;19.11177;2.67852;18.92220;0.00000;0.07
11;2020;2;11;0;0.00;0.85;54.87601;6.46799;56.91394;0.00000;0.15
13;2020;2;11;0;0.00;0.85;16.39422;1.45557;9.58113;0.00000;0.02
17;2020;2;11;0;0.00;0.85;70.91039;1190.79443;30.95897;4.31049;0.13
19;2020;2;11;0;0.00;0.85;0.25517;0.01410;0.24922;0.00000;0.00
26;2020;2;11;0;0.00;0.85;137.21747;12.32350;132.78273;0.00000;0.33
2;2020;2;12;0;0.00;0.53;410.59760;5976.64209;107.70292;0.00000;0.52
4;2020;2;12;0;0.00;0.53;17.08100;2.84349;17.70035;0.00000;0.07
11;2020;2;12;0;0.00;0.53;54.05442;4.21801;53.24236;0.00000;0.15
13;2020;2;12;0;0.00;0.53;8.59983;1.90841;9.28143;0.00000;0.01
17;2020;2;12;0;0.00;0.53;69.93747;1147.88550;28.88901;0.00000;0.12
19;2020;2;12;0;0.00;0.53;0.19330;0.05354;0.23788;0.00000;0.00
26;2020;2;12;0;0.00;0.53;110.71741;25.58234;126.92147;0.00000;0.27
2;2020;2;13;0;0.00;0.79;403.20596;5658.94678;101.49986;0.00000;0.51
4;2020;2;13;0;0.00;0.79;17.44728;1.22717;16.52284;0.00000;0.07
11;2020;2;13;0;0.00;0.79;46.44351;6.26849;50.33572;0.00000;0.13
13;2020;2;13;0;0.00;0.79;9.46780;0.76596;8.70080;0.00000;0.01
17;2020;2;13;0;0.00;0.79;69.03228;1103.18689;27.07114;0.00000;0.11
19;2020;2;13;0;0.00;0.79;0.25997;0.00000;0.21874;0.00000;0.00
26;2020;2;13;0;0.00;0.79;138.22974;0.00000;118.33749;0.00000;0.33
2;2020;2;14;0;0.00;0.27;395.46332;5354.16504;96.05335;0.00000;0.50
4;2020;2;14;0;0.00;0.27;12.94729;3.82376;15.71974;0.00000;0.05
11;2020;2;14;0;0.00;0.27;52.77984;0.00000;47.23743;0.00000;0.15
13;2020;2;14;0;0.00;0.27;6.84716;2.12562;8.29983;0.00000;0.01
17;2020;2;14;0;0.00;0.27;68.06580;1059.70581;25.50922;0.00000;0.11
19;2020;2;14;0;0.00;0.27;0.00000;0.22167;0.22167;0.00000;0.00
26;2020;2;14;0;0.00;0.27;0.00000;119.62232;119.62232;0.00000;0.00
2;2020;2;15;0;0.00;0.99;387.76727;5038.40576;91.22521;0.00000;0.49
4;2020;2;15;0;0.00;0.99;17.39363;0.00000;14.53041;0.00000;0.07
11;2020;2;15;0;0.00;0.99;0.00000;46.83592;46.83592;0.00000;0.00
13;2020;2;15;0;0.00;0.99;9.38287;0.00000;7.74476;0.00000;0.01
17;2020;2;15;0;0.00;0.99;67.10111;1013.33923;24.06007;0.00000;0.11
19;2020;2;15;0;0.00;0.99;0.38347;0.00000;0.18727;0.00000;0.00
26;2020;2;15;0;0.00;0.99;208.92111;0.00000;101.59391;0.00000;0.51
2;2020;2;16;0;0.00;1.15;379.48990;4723.09814;85.99106;0.00000;0.48
4;2020;2;16;0;0.00;1.15;0.00000;14.21963;14.21963;0.00000;0.00
11;2020;2;16;0;0.00;1.15;79.63432;0.00000;39.07150;0.00000;0.22
13;2020;2;16;0;0.00;1.15;0.00000;7.53801;7.53801;0.00000;0.00
17;2020;2;16;0;0.00;1.15;66.04383;965.98297;22.48301;0.00000;0.11
19;2020;2;16;0;0.00;1.15;0.00000;0.19454;0.19454;0.00000;0.00
26;2020;2;16;0;0.00;1.15;0.00000;105.59654;105.59654;0.00000;0.00
2;2020;2;17;0;0.00;0.44;370.88327;4425.62939;81.49307;0.00000;0.47
4;2020;2;17;0;0.00;0.44;25.81666;0.00000;12.26996;0.00000;0.10
11;2020;2;17;0;0.00;0.44;0.00000;40.55825;40.55825;0.00000;0.00
13;2020;2;17;0;0.00;0.44;13.89140;0.00000;6.68922;0.00000;0.01
17;2020;2;17;0;0.00;0.44;64.93127;920.82471;21.18729;0.00000;0.11
19;2020;2;17;0;0.00;0.44;0.34768;0.00000;0.16383;0.00000;0.00
26;2020;2;17;0;0.00;0.44;189.86307;0.00000;89.43639;0.00000;0.46
2;2020;2;18;0;0.00;1.39;362.41684;4116.10938;78.16032;0.00000;0.45
4;2020;2;18;0;0.00;1.39;0.00000;12.53459;12.53459;0.00000;0.00
11;2020;2;18;0;0.00;1.39;67.77090;0.00000;34.44285;0.00000;0.19
13;2020;2;18;0;0.00;1.39;0.00000;6.71732;6.71732;0.00000;0.00
17;2020;2;18;0;0.00;1.39;63.83707;872.52783;19.99018;0.00000;0.11
19;2020;2;18;0;0.00;1.39;0.00000;0.17106;0.17106;0.00000;0.00
26;2020;2;18;0;0.00;1.39;0.00000;93.14847;93.14847;0.00000;0.00
2;2020;2;19;0;0.00;0.40;353.20816;3829.58765;73.72997;0.00000;0.44
4;2020;2;19;0;0.00;0.40;22.79688;0.00000;10.85138;0.00000;0.09
11;2020;2;19;0;0.00;0.40;0.00000;35.44047;35.44047;0.00000;0.00
13;2020;2;19;0;0.00;0.40;12.40413;0.00000;5.98194;0.00000;0.01
17;2020;2;19;0;0.00;0.40;62.62782;827.49872;18.84759;0.00000;0.10
19;2020;2;19;0;0.00;0.40;0.30609;0.00000;0.14439;0.00000;0.00
26;2020;2;19;0;0.00;0.40;167.52708;0.00000;78.90556;0.00000;0.41
2;2020;2;20;0;0.00;0.29;344.27658;3550.86255;70.54523;0.00000;0.43
4;2020;2;20;0;0.00;0.29;0.00000;11.26094;11.26094;0.00000;0.00
11;2020;2;20;0;0.00;0.29;65.06793;0.00000;31.06154;0.00000;0.18
13;2020;2;20;0;0.00;0.29;0.00000;6.08264;6.08264;0.00000;0.00
17;2020;2;20;0;0.00;0.29;61.46084;783.22943;18.08300;0.00000;0.10
19;2020;2;20;0;0.00;0.29;0.00000;0.15395;0.15395;0.00000;0.00
26;2020;2;20;0;0.00;0.29;0.00000;83.76989;83.76989;0.00000;0.00
2;2020;2;21;0;0.00;0.92;335.16425;3269.40894;69.13910;0.00000;0.42
4;2020;2;21;0;0.00;0.92;19.88254;0.00000;9.93070;0.00000;0.08
11;2020;2;21;0;0.00;0.92;0.00000;32.48434;32.48434;0.00000;0.00
13;2020;2;21;0;0.00;0.92;10.91535;0.00000;5.49039;0.00000;0.01
17;2020;2;21;0;0.00;0.92;60.27291;737.46265;17.28063;0.00000;0.10
19;2020;2;21;0;0.00;0.92;0.26609;0.00000;0.13293;0.00000;0.00
26;2020;2;21;0;0.00;0.92;146.12192;0.00000;72.41553;0.00000;0.35
2;2020;2;22;0;0.00;0.68;325.48163;2997.28125;64.43953;0.00000;0.41
4;2020;2;22;0;0.00;0.68;0.00000;10.14705;10.14705;0.00000;0.00
11;2020;2;22;0;0.00;0.68;57.18177;0.00000;27.96227;0.00000;0.16
13;2020;2;22;0;0.00;0.68;0.00000;5.52666;5.52666;0.00000;0.00
17;2020;2;22;0;0.00;0.68;58.99834;692.88409;16.42917;0.00000;0.10
19;2020;2;22;0;0.00;0.68;0.00000;0.13845;0.13845;0.00000;0.00
26;2020;2;22;0;0.00;0.68;0.00000;75.17884;75.17884;0.00000;0.00
2;2020;2;23;0;0.00;1.18;315.59415;2726.96216;63.84867;0.00000;0.40
4;2020;2;23;0;0.00;1.18;17.44029;0.00000;8.90616;0.00000;0.07
11;2020;2;23;0;0.00;1.18;0.00000;28.74508;28.74508;0.00000;0.00
13;2020;2;23;0;0.00;1.18;9.68670;0.00000;4.97275;0.00000;0.01
17;2020;2;23;0;0.00;1.18;57.70682;647.39008;15.60899;0.00000;0.10
19;2020;2;23;0;0.00;1.18;0.23127;0.00000;0.11842;0.00000;0.00
26;2020;2;23;0;0.00;1.18;127.24087;0.00000;64.44334;0.00000;0.31
2;2020;2;24;0;18.72;0.89;305.18106;6693.83057;3809.58228;0.00000;0.38
4;2020;2;24;0;21.12;0.89;0.00000;284.20554;284.20554;0.00000;0.00
11;2020;2;24;0;20.66;0.89;91.78786;269.52359;178.64888;0.00000;0.25
13;2020;2;24;0;20.74;0.89;0.00000;259.34573;259.34573;0.00000;0.00
17;2020;2;24;0;21.17;0.89;56.33226;1348.78760;682.74310;21.86528;0.13
19;2020;2;24;0;21.01;0.89;0.00000;1.08919;1.08919;0.00000;0.00
26;2020;2;24;0;20.84;0.89;0.00000;628.93341;628.93341;0.00000;0.00
2;2020;2;25;0;5.25;0.78;419.75717;7557.91162;1159.88916;43.32354;0.58
4;2020;2;25;0;5.72;0.78;89.45612;310.30042;76.35455;0.00000;0.35
11;2020;2;25;0;5.63;0.78;203.15981;251.77951;97.93845;0.00000;0.56
13;2020;2;25;0;5.62;0.78;54.13736;293.10681;64.63954;0.00000;0.06
17;2020;2;25;0;5.69;0.78;73.09990;1487.46838;217.22548;37.27427;0.18
19;2020;2;25;0;5.66;0.78;0.90437;1.04092;0.46443;0.00000;0.01
26;2020;2;25;0;5.63;0.78;447.17349;626.24664;252.07582;0.00000;1.08
2;2020;2;26;0;0.36;0.39;438.24319;7341.06445;236.03171;19.22939;0.57
4;2020;2;26;0;0.37;0.39;92.28955;244.12112;25.04980;0.00000;0.36
11;2020;2;26;0;0.37;0.39;198.30734;125.22640;69.51620;0.00000;0.55
13;2020;2;26;0;0.38;0.39;56.54096;251.97649;14.74626;0.00000;0.06
17;2020;2;26;0;0.38;0.39;75.68414;1439.48975;58.72609;31.94331;0.18
19;2020;2;26;0;0.38;0.39;0.88993;0.46273;0.30097;0.00000;0.01
26;2020;2;26;0;0.38;0.39;446.49442;340.85333;155.73059;0.00000;1.08
2;2020;2;27;0;3.46;0.51;433.73779;7784.31934;831.48572;68.47993;0.63
4;2020;2;27;0;3.46;0.51;84.75626;238.01314;56.36768;0.00000;0.33
11;2020;2;27;0;3.46;0.51;154.76210;105.80252;94.67250;0.00000;0.43
13;2020;2;27;0;3.52;0.51;53.58621;257.98407;45.22529;0.00000;0.06
17;2020;2;27;0;3.56;0.51;74.80838;1501.00403;154.81323;38.77822;0.19
19;2020;2;27;0;3.56;0.51;0.66738;0.41337;0.43701;0.00000;0.01
26;2020;2;27;0;3.56;0.51;359.78094;315.89111;237.25459;0.00000;0.87
2;2020;2;28;0;0.00;0.33;442.85913;7480.61865;181.09335;34.73540;0.60
4;2020;2;28;0;0.00;0.33;83.99731;175.72789;23.07753;0.00000;0.33
11;2020;2;28;0;0.00;0.33;145.77403;36.54542;78.88667;0.00000;0.40
13;2020;2;28;0;0.00;0.33;54.03629;214.95149;11.88215;0.00000;0.06
17;2020;2;28;0;0.00;0.33;75.92790;1440.48865;48.70109;32.05430;0.18
19;2020;2;28;0;0.00;0.33;0.64118;0.09127;0.32950;0.00000;0.01
26;2020;2;28;0;0.00;0.33;350.19757;120.94217;160.94153;0.00000;0.85
2;2020;2;29;0;0.00;0.22;436.64694;7202.34961;166.99106;3.81665;0.55
4;2020;2;29;0;0.00;0.22;75.42115;121.63659;22.15834;0.00000;0.29
11;2020;2;29;0;0.00;0.22;99.95370;13.59388;78.10015;0.00000;0.28
13;2020;2;29;0;0.00;0.22;50.64684;175.09880;11.35050;0.00000;0.05
17;2020;2;29;0;0.00;0.22;74.82681;1384.06812;45.01350;25.78534;0.17
19;2020;2;29;0;0.00;0.22;0.37506;0.04643;0.33435;0.00000;0.00
26;2020;2;29;0;0.00;0.22;249.05811;31.31531;162.16711;0.00000;0.60
2;2020;3;1;0;0.00;0.62;430.81055;6912.68115;154.39883;0.00000;0.54
4;2020;3;1;0;0.00;0.62;66.18745;74.64064;21.22822;0.00000;0.26
11;2020;3;1;0;0.00;0.62;70.36208;16.76527;75.69865;0.00000;0.19
13;2020;3;1;0;0.00;0.62;47.09109;137.38332;10.82471;0.00000;0.05
17;2020;3;1;0;0.00;0.62;73.77300;1329.88000;41.61936;19.76444;0.16
19;2020;3;1;0;0.00;0.62;0.29507;0.06584;0.32356;0.00000;0.00
26;2020;3;1;0;0.00;0.62;154.16681;33.81439;161.40993;0.00000;0.37
2;2020;3;2;0;0.00;1.18;424.57831;6605.14258;142.12244;0.00000;0.53
4;2020;3;2;0;0.00;1.18;55.65297;35.87974;20.17991;0.00000;0.22
11;2020;3;2;0;0.00;1.18;75.79939;6.08138;69.59354;0.00000;0.21
13;2020;3;2;0;0.00;1.18;43.20577;101.88745;10.26239;0.00000;0.05
17;2020;3;2;0;0.00;1.18;72.73448;1277.10828;38.16059;13.90092;0.14
19;2020;3;2;0;0.00;1.18;0.33402;0.01204;0.29995;0.00000;0.00
26;2020;3;2;0;0.00;1.18;158.42644;18.26257;152.23407;0.00000;0.38
2;2020;3;3;0;16.33;0.53;417.77448;9804.31250;3352.33643;292.92365;0.89
4;2020;3;3;0;17.10;0.53;42.91013;273.23700;220.25691;0.00000;0.17
11;2020;3;3;0;16.96;0.53;52.88462;235.17172;208.64658;0.00000;0.15
13;2020;3;3;0;16.67;0.53;38.85622;300.69678;184.71442;0.00000;0.04
17;2020;3;3;0;16.58;0.53;71.69653;1785.95227;553.83051;70.43913;0.24
19;2020;3;3;0;16.52;0.53;0.18275;1.15249;1.07651;0.00000;0.00
26;2020;3;3;0;16.46;0.53;127.30821;662.49103;600.34216;0.00000;0.31
2;2020;3;4;0;22.68;0.31;480.65488;13440.00098;4749.92480;1534.34668;2.53
4;2020;3;4;0;23.62;0.31;88.21500;702.84387;345.57932;0.00000;0.34
11;2020;3;4;0;23.43;0.31;193.56143;1094.26965;677.84106;0.00000;0.53
13;2020;3;4;0;24.20;0.31;57.05642;682.12677;324.29553;0.00000;0.06
17;2020;3;4;0;24.79;0.31;80.76033;2160.00000;890.60046;601.37280;1.14
19;2020;3;4;0;24.77;0.31;0.92268;7.48487;5.36523;0.00000;0.01
26;2020;3;4;0;24.69;0.31;455.50153;4285.01709;3148.07910;0.00000;1.10
2;2020;3;5;0;0.37;0.46;537.59998;13440.00098;608.20142;74.56543;0.77
4;2020;3;5;0;0.37;0.46;123.36661;628.52380;48.04233;0.00000;0.48
11;2020;3;5;0;0.37;0.46;334.08194;910.35956;147.50604;0.00000;0.92
13;2020;3;5;0;0.37;0.46;76.31047;629.10522;22.67296;0.00000;0.08
17;2020;3;5;0;0.37;0.46;86.40000;2160.00000;133.50928;47.80396;0.22
19;2020;3;5;0;0.37;0.46;1.79263;6.12771;0.42136;0.00000;0.01
26;2020;3;5;0;0.37;0.46;883.68610;3597.74902;189.53183;0.00000;2.14
2;2020;3;6;0;0.14;0.22;537.59998;12757.68262;476.25638;621.07587;1.45
4;2020;3;6;0;0.15;0.22;118.56812;553.40631;43.32719;0.00000;0.46
11;2020;3;6;0;0.14;0.22;312.95801;741.85449;144.18170;0.00000;0.86
13;2020;3;6;0;0.14;0.22;74.14970;574.91394;19.91850;0.00000;0.08
17;2020;3;6;0;0.14;0.22;86.40000;2160.00000;113.20435;26.82324;0.19
19;2020;3;6;0;0.13;0.22;1.66974;4.88426;0.42628;0.00000;0.01
26;2020;3;6;0;0.13;0.22;830.51465;2957.97998;190.81218;0.00000;2.01
2;2020;3;7;0;0.00;0.76;527.74841;12073.46875;408.73062;545.05206;1.35
4;2020;3;7;0;0.00;0.76;113.33015;473.90161;38.15136;0.00000;0.44
11;2020;3;7;0;0.00;0.76;291.02505;574.48047;134.75972;0.00000;0.80
13;2020;3;7;0;0.00;0.76;71.81619;517.47925;17.12282;0.00000;0.08
17;2020;3;7;0;0.00;0.76;86.40000;2160.00000;95.65264;5.95483;0.15
19;2020;3;7;0;0.00;0.76;1.54058;3.69443;0.40955;0.00000;0.01
26;2020;3;7;0;0.00;0.76;774.74957;2336.18091;182.52347;0.00000;1.87
2;2020;3;8;0;0.36;1.16;517.52203;11464.48145;400.61514;477.38681;1.25
4;2020;3;8;0;0.47;1.16;107.25941;404.12610;39.50521;0.00000;0.42
11;2020;3;8;0;0.45;1.16;265.77377;431.94962;128.74422;0.00000;0.73
13;2020;3;8;0;0.43;1.16;69.18250;466.54947;19.79354;0.00000;0.07
17;2020;3;8;0;0.43;1.16;86.40000;2160.00000;98.36005;9.99170;0.16
19;2020;3;8;0;0.41;1.16;1.39522;2.67478;0.40866;0.00000;0.01
26;2020;3;8;0;0.40;1.16;712.49182;1790.59692;184.39828;0.00000;1.72
2;2020;3;9;0;45.59;1.78;508.10062;13440.00098;10629.91016;10031.34473;13.22
4;2020;3;9;0;49.36;1.78;101.36336;1679.64771;968.99963;0.00000;0.39
11;2020;3;9;0;48.65;1.78;240.18765;3882.49097;2738.28516;0.00000;0.66
13;2020;3;9;0;48.18;1.78;66.68433;1353.84106;692.19409;0.00000;0.07
17;2020;3;9;0;48.47;1.78;86.40000;2160.00000;2400.16602;2655.04492;4.56
19;2020;3;9;0;48.42;1.78;1.24409;18.06062;11.72102;0.00000;0.01
26;2020;3;9;0;48.12;1.78;648.30090;9471.87988;5787.40820;0.00000;1.57
2;2020;3;10;0;14.13;0.49;537.59998;13440.00098;4241.81396;4324.06152;6.10
4;2020;3;10;0;14.77;0.49;168.07677;1977.00159;262.63907;0.00000;0.65
11;2020;3;10;0;14.63;0.49;523.70551;4683.58008;698.95154;0.00000;1.45
13;2020;3;10;0;14.75;0.49;97.33362;1571.45325;197.68510;0.00000;0.10
17;2020;3;10;0;14.90;0.49;86.40000;2160.00000;869.03033;887.80737;1.62
19;2020;3;10;0;14.88;0.49;2.45069;21.42529;2.83622;0.00000;0.02
26;2020;3;10;0;14.83;0.49;1171.07007;11183.04883;1463.34119;0.00000;2.83
2;2020;3;11;0;0.24;0.34;537.59998;13440.00098;832.41125;296.59082;1.05
4;2020;3;11;0;0.38;0.34;178.08867;1839.47107;38.02340;0.00000;0.69
11;2020;3;11;0;0.35;0.34;559.76599;4235.43848;104.77439;0.00000;1.54
13;2020;3;11;0;0.33;0.34;102.62240;1489.07080;19.12423;0.00000;0.11
17;2020;3;11;0;0.33;0.34;86.40000;2160.00000;132.16194;46.65112;0.22
19;2020;3;11;0;0.31;0.34;2.60391;19.15171;0.30655;0.00000;0.02
26;2020;3;11;0;0.30;0.34;1242.18262;10094.43262;143.54514;0.00000;3.01
2;2020;3;12;0;2.57;0.82;537.59998;13440.00098;1132.89600;688.15137;1.54
4;2020;3;12;0;3.99;0.82;173.58829;1783.03210;66.58753;0.00000;0.67
11;2020;3;12;0;3.40;0.82;540.13348;3945.60059;119.64031;0.00000;1.49
13;2020;3;12;0;3.10;0.82;100.67937;1451.11047;40.90083;0.00000;0.11
17;2020;3;12;0;3.02;0.82;86.40000;2160.00000;206.98236;138.77295;0.37
19;2020;3;12;0;2.81;0.82;2.50225;17.50326;0.37087;0.00000;0.02
26;2020;3;12;0;2.77;0.82;1197.83374;9303.45605;179.77036;0.00000;2.90
2;2020;3;13;0;21.32;1.01;537.59998;13440.00098;5206.30811;5596.58301;7.69
4;2020;3;13;0;12.31;1.01;171.67862;1953.45654;174.65759;0.00000;0.67
11;2020;3;13;0;14.42;1.01;526.71173;4590.11572;564.85297;0.00000;1.45
13;2020;3;13;0;16.91;1.01;99.76069;1691.35913;204.43321;0.00000;0.10
17;2020;3;13;0;18.07;1.01;86.40000;2160.00000;887.99841;927.31714;1.69
19;2020;3;13;0;19.16;1.01;2.42357;22.17975;3.35271;0.00000;0.02
26;2020;3;13;0;19.90;1.01;1163.63538;11842.45410;1831.49451;0.00000;2.82
2;2020;3;14;0;0.38;0.40;537.59998;13440.00098;854.20764;322.80566;1.08
4;2020;3;14;0;0.10;0.40;177.33287;1810.25317;36.16826;0.00000;0.69
11;2020;3;14;0;0.10;0.40;555.77484;4132.44043;104.48941;0.00000;1.53
13;2020;3;14;0;0.10;0.40;105.33634;1601.89026;17.07851;0.00000;0.11
17;2020;3;14;0;0.10;0.40;86.40000;2160.00000;124.88767;37.49438;0.21
19;2020;3;14;0;0.10;0.40;2.63610;19.81123;0.29788;0.00000;0.02
26;2020;3;14;0;0.11;0.40;1267.70410;10699.44727;138.06387;0.00000;3.07
2;2020;3;15;0;0.00;0.43;537.59998;13440.00098;648.22180;98.97461;0.80
4;2020;3;15;0;0.00;0.43;172.60448;1666.90247;32.99349;0.00000;0.67
11;2020;3;15;0;0.00;0.43;535.43378;3686.68579;101.27992;0.00000;1.48
13;2020;3;15;0;0.00;0.43;103.32361;1511.74048;15.41252;0.00000;0.11
17;2020;3;15;0;0.00;0.43;86.40000;2160.00000;107.90012;19.62817;0.18
19;2020;3;15;0;0.00;0.43;2.53251;17.52243;0.29859;0.00000;0.02
26;2020;3;15;0;0.00;0.43;1222.84167;9588.08887;137.97765;0.00000;2.96
2;2020;3;16;0;0.00;1.01;537.59998;12788.62891;538.01202;624.51434;1.46
4;2020;3;16;0;0.00;1.01;167.62291;1520.93701;30.16023;0.00000;0.65
11;2020;3;16;0;0.00;1.01;514.17297;3242.19214;95.76099;0.00000;1.42
13;2020;3;16;0;0.00;1.01;101.22082;1419.52124;14.13607;0.00000;0.11
17;2020;3;16;0;0.00;1.01;86.40000;2160.00000;94.58309;3.80054;0.15
19;2020;3;16;0;0.00;1.01;2.42451;15.26822;0.29328;0.00000;0.02
26;2020;3;16;0;0.00;1.01;1176.15015;8487.32715;135.04988;0.00000;2.85
2;2020;3;17;0;4.52;0.93;528.20251;13440.00098;1312.04260;307.06836;1.05
4;2020;3;17;0;4.50;0.93;162.25780;1475.95129;63.93435;0.00000;0.63
11;2020;3;17;0;4.50;0.93;491.24966;3033.50586;121.05120;0.00000;1.36
13;2020;3;17;0;4.69;0.93;98.98430;1404.54651;49.88580;0.00000;0.10
17;2020;3;17;0;4.80;0.93;86.40000;2160.00000;233.04811;177.19556;0.44
19;2020;3;17;0;4.80;0.93;2.30884;14.21230;0.43623;0.00000;0.02
26;2020;3;17;0;4.80;0.93;1126.32227;7982.26465;222.85410;0.00000;2.73
2;2020;3;18;0;0.11;0.56;537.59998;12734.80762;461.23260;618.53418;1.45
4;2020;3;18;0;0.10;0.56;160.53764;1342.33435;30.09224;0.00000;0.62
11;2020;3;18;0;0.10;0.56;479.78369;2641.87451;97.62208;0.00000;1.32
13;2020;3;18;0;0.16;0.56;98.61237;1319.78027;15.26778;0.00000;0.10
17;2020;3;18;0;0.20;0.56;86.40000;2160.00000;94.29662;6.90503;0.16
19;2020;3;18;0;0.20;0.56;2.25085;12.25319;0.31745;0.00000;0.02
26;2020;3;18;0;0.20;0.56;1102.05750;7014.76904;147.15027;0.00000;2.67
2;2020;3;19;0;0.00;1.05;527.41229;12036.59180;397.74588;540.95459;1.34
4;2020;3;19;0;0.00;1.05;155.22000;1206.00427;27.01130;0.00000;0.60
11;2020;3;19;0;0.00;1.05;456.80948;2253.09570;91.93195;0.00000;1.26
13;2020;3;19;0;0.00;1.05;96.45719;1231.19800;12.92172;0.00000;0.10
17;2020;3;19;0;0.00;1.05;86.40000;2047.84216;78.30044;99.53801;0.31
19;2020;3;19;0;0.00;1.05;2.13540;10.30800;0.30194;0.00000;0.02
26;2020;3;19;0;0.00;1.05;1052.65320;6045.89941;138.86018;0.00000;2.55
2;2020;3;20;0;7.33;2.36;516.96033;13440.00098;1689.36047;23.65234;0.68
4;2020;3;20;0;7.30;2.36;149.42972;1214.75403;84.93312;0.00000;0.58
11;2020;3;20;0;7.30;2.36;431.71234;2162.95557;129.92711;0.00000;1.19
13;2020;3;20;0;7.56;2.36;94.10735;1257.30835;72.07911;0.00000;0.10
17;2020;3;20;0;7.70;2.36;84.77998;2160.00000;314.04156;161.46753;0.41
19;2020;3;20;0;7.70;2.36;2.00831;9.91408;0.56304;0.00000;0.02
26;2020;3;20;0;7.70;2.36;998.55157;5857.18311;287.08841;0.00000;2.42
2;2020;3;21;0;0.27;0.41;537.59998;12704.51074;416.39365;615.16785;1.45
4;2020;3;21;0;0.27;0.41;149.81364;1095.84314;30.63093;0.00000;0.58
11;2020;3;21;0;0.27;0.41;425.50031;1839.41077;101.18611;0.00000;1.17
13;2020;3;21;0;0.25;0.41;94.81102;1178.43225;15.90332;0.00000;0.10
17;2020;3;21;0;0.24;0.41;86.40000;2160.00000;87.28152;0.84009;0.15
19;2020;3;21;0;0.24;0.41;1.98072;8.27883;0.34645;0.00000;0.02
26;2020;3;21;0;0.24;0.41;987.37390;5029.03467;159.71585;0.00000;2.39
2;2020;3;22;0;0.36;0.54;526.96661;12026.82227;387.42029;539.86914;1.34
4;2020;3;22;0;0.36;0.54;144.43405;981.42059;29.52300;0.00000;0.56
11;2020;3;22;0;0.36;0.54;401.71716;1537.89282;98.84163;0.00000;1.11
13;2020;3;22;0;0.35;0.54;92.65538;1102.08020;16.07351;0.00000;0.10
17;2020;3;22;0;0.35;0.54;86.40000;2054.74609;81.27922;100.30513;0.31
19;2020;3;22;0;0.35;0.54;1.85795;6.76998;0.34542;0.00000;0.02
26;2020;3;22;0;0.35;0.54;935.36371;4254.19434;158.67062;0.00000;2.26
2;2020;3;23;0;0.54;0.70;516.81134;11432.38770;391.02399;473.82089;1.24
4;2020;3;23;0;0.54;0.70;138.88919;873.27209;29.36275;0.00000;0.54
11;2020;3;23;0;0.54;0.70;376.98120;1261.25867;96.60571;0.00000;1.04
13;2020;3;23;0;0.55;0.70;90.47816;1029.30652;16.73480;0.00000;0.09
17;2020;3;23;0;0.55;0.70;84.88135;1962.66711;81.92936;90.07412;0.29
19;2020;3;23;0;0.55;0.70;1.72988;5.40447;0.34505;0.00000;0.01
26;2020;3;23;0;0.55;0.70;881.42438;3542.95020;160.33829;0.00000;2.13
2;2020;3;24;0;8.36;0.89;507.59518;12538.24805;1879.10815;596.69421;1.39
4;2020;3;24;0;8.33;0.89;133.25053;923.81604;97.24156;0.00000;0.52
11;2020;3;24;0;8.33;0.89;351.35663;1284.38770;146.23401;0.00000;0.97
13;2020;3;24;0;8.60;0.89;88.31042;1082.79810;82.41395;0.00000;0.09
17;2020;3;24;0;8.76;0.89;83.51107;2160.00000;336.52356;112.89429;0.33
19;2020;3;24;0;8.76;0.89;1.59693;5.58516;0.68316;0.00000;0.01
26;2020;3;24;0;8.76;0.89;826.00201;3639.90771;356.85867;0.00000;2.00
2;2020;3;25;0;0.00;1.42;524.50806;11806.53223;345.54694;515.39246;1.30
4;2020;3;25;0;0.00;1.42;135.93874;806.80457;28.61066;0.00000;0.53
11;2020;3;25;0;0.00;1.42;353.63043;1013.30133;107.73440;0.00000;0.98
13;2020;3;25;0;0.00;1.42;89.91301;1000.58600;14.10574;0.00000;0.09
17;2020;3;25;0;0.00;1.42;86.40000;2044.03955;75.70958;99.11550;0.31
19;2020;3;25;0;0.00;1.42;1.61568;4.24773;0.39334;0.00000;0.01
26;2020;3;25;0;0.00;1.42;833.95630;2923.31958;176.77362;0.00000;2.02
2;2020;3;26;0;0.10;1.56;513.43097;11126.40723;308.94943;439.82306;1.20
4;2020;3;26;0;0.10;1.56;129.55801;694.72278;26.51498;0.00000;0.50
11;2020;3;26;0;0.10;1.56;325.08859;766.63690;101.10434;0.00000;0.90
13;2020;3;26;0;0.10;1.56;87.42773;920.90466;13.84591;0.00000;0.09
17;2020;3;26;0;0.10;1.56;84.72408;1934.64917;68.20570;86.96102;0.29
19;2020;3;26;0;0.10;1.56;1.46608;3.05491;0.37554;0.00000;0.01
26;2020;3;26;0;0.10;1.56;771.51471;2267.49756;169.51831;0.00000;1.87
2;2020;3;27;0;3.21;1.03;502.73038;11137.13672;845.88049;441.01514;1.18
4;2020;3;27;0;3.20;1.03;122.85870;651.17401;52.84657;0.00000;0.48
11;2020;3;27;0;3.20;1.03;294.43967;654.16943;118.54543;0.00000;0.81
13;2020;3;27;0;3.26;1.03;84.88985;894.22760;39.47457;0.00000;0.09
17;2020;3;27;0;3.30;1.03;83.08592;1943.51917;161.31819;87.94657;0.28
19;2020;3;27;0;3.30;1.03;1.30418;2.53201;0.48950;0.00000;0.01
26;2020;3;27;0;3.30;1.03;704.98431;1957.92834;237.68880;0.00000;1.71
2;2020;3;28;0;0.00;1.32;502.90250;10496.28125;265.05630;369.80908;1.09
4;2020;3;28;0;0.00;1.32;120.06760;548.75244;25.57267;0.00000;0.47
11;2020;3;28;0;0.00;1.32;278.31610;455.21628;97.73682;0.00000;0.77
13;2020;3;28;0;0.00;1.32;84.00862;817.15326;12.48032;0.00000;0.09
17;2020;3;28;0;0.00;1.32;83.22093;1840.81592;62.54690;76.53511;0.27
19;2020;3;28;0;0.00;1.32;1.22010;1.60471;0.37334;0.00000;0.01
26;2020;3;28;0;0.00;1.32;669.19000;1412.43420;167.87448;0.00000;1.62
2;2020;3;29;0;9.53;0.50;492.43314;11939.81836;2087.42676;530.20203;1.28
4;2020;3;29;0;9.50;0.50;112.99091;637.33417;114.94354;0.00000;0.44
11;2020;3;29;0;9.50;0.50;244.70273;562.56042;164.41745;0.00000;0.68
13;2020;3;29;0;9.76;0.50;81.36324;895.12457;95.21651;0.00000;0.09
17;2020;3;29;0;9.90;0.50;81.63243;2160.00000;362.95502;27.42822;0.18
19;2020;3;29;0;9.90;0.50;1.03773;2.22244;0.82526;0.00000;0.01
26;2020;3;29;0;9.90;0.50;595.94086;1720.93970;427.67914;0.00000;1.44
2;2020;3;30;0;22.88;0.56;515.48108;13440.00098;4816.73340;3769.39355;5.37
4;2020;3;30;0;22.80;0.56;119.15546;1060.58569;319.37515;0.00000;0.46
11;2020;3;30;0;22.80;0.56;263.80298;1741.62085;949.03101;0.00000;0.73
13;2020;3;30;0;23.50;0.56;84.03851;1264.36279;291.04028;0.00000;0.09
17;2020;3;30;0;23.89;0.56;86.40000;2160.00000;936.70074;1019.88916;1.84
19;2020;3;30;0;23.90;0.56;1.16491;9.43473;6.08997;0.00000;0.01
26;2020;3;30;0;23.90;0.56;639.23352;5448.28223;3111.48022;0.00000;1.55
2;2020;3;31;0;7.38;0.80;537.59998;13440.00098;2059.77393;1831.20410;2.97
4;2020;3;31;0;7.10;0.80;142.76701;1133.42932;136.85532;0.00000;0.55
11;2020;3;31;0;7.11;0.80;394.00201;1950.85425;385.61426;0.00000;1.09
13;2020;3;31;0;9.53;0.80;94.99951;1369.41699;128.37508;0.00000;0.10
17;2020;3;31;0;10.87;0.80;86.40000;2160.00000;625.34265;613.78174;1.17
19;2020;3;31;0;10.90;0.80;1.94618;11.60908;2.43065;0.00000;0.02
26;2020;3;31;0;10.90;0.80;962.33209;6542.25049;1220.70508;0.00000;2.33
2;2020;4;1;0;0.00;0.80;537.59998;13440.00098;630.38318;71.18848;0.76
4;2020;4;1;0;0.00;0.80;146.17349;1021.87524;40.49111;0.00000;0.57
11;2020;4;1;0;0.00;0.80;410.19348;1655.00854;130.82495;0.00000;1.13
13;2020;4;1;0;0.00;0.80;97.72966;1284.84875;17.08722;0.00000;0.10
17;2020;4;1;0;0.00;0.80;86.40000;2160.00000;120.91174;31.04102;0.20
19;2020;4;1;0;0.00;0.80;2.09486;9.80001;0.36994;0.00000;0.02
26;2020;4;1;0;0.00;0.80;1026.91467;5640.26123;166.17601;0.00000;2.49
2;2020;4;2;0;0.11;1.00;537.59998;12787.67090;531.87177;624.40790;1.46
4;2020;4;2;0;0.10;1.00;140.89505;913.40668;38.32928;0.00000;0.55
11;2020;4;2;0;0.10;1.00;386.93179;1378.19275;126.31937;0.00000;1.07
13;2020;4;2;0;0.16;1.00;95.54308;1203.19775;17.38480;0.00000;0.10
17;2020;4;2;0;0.20;1.00;86.40000;2160.00000;113.02358;23.71924;0.18
19;2020;4;2;0;0.20;1.00;1.97260;8.13835;0.37715;0.00000;0.02
26;2020;4;2;0;0.20;1.00;974.23499;4803.99121;170.66145;0.00000;2.36
2;2020;4;3;0;10.20;0.76;528.18842;13440.00098;2451.21948;1699.59277;2.79
4;2020;4;3;0;10.30;0.76;135.39302;1019.17975;130.06924;0.00000;0.52
11;2020;4;3;0;10.30;0.76;362.59091;1560.19080;247.15828;0.00000;1.00
13;2020;4;3;0;9.40;0.76;93.34196;1271.60925;92.13837;0.00000;0.10
17;2020;4;3;0;8.91;0.76;86.40000;2160.00000;381.89267;356.37549;0.74
19;2020;4;3;0;8.90;0.76;1.84670;8.53745;0.94594;0.00000;0.02
26;2020;4;3;0;8.90;0.76;920.28577;5047.00195;515.52203;0.00000;2.23
2;2020;4;4;0;0.19;1.89;537.59998;12797.02637;562.20251;625.44739;1.46
4;2020;4;4;0;0.20;1.89;140.76302;909.58478;42.11308;0.00000;0.55
11;2020;4;4;0;0.20;1.89;378.91251;1288.89905;137.09021;0.00000;1.05
13;2020;4;4;0;0.14;1.89;95.19244;1186.88928;18.38229;0.00000;0.10
17;2020;4;4;0;0.10;1.89;86.40000;2160.00000;110.97801;17.14502;0.17
19;2020;4;4;0;0.10;1.89;1.87835;6.89782;0.40042;0.00000;0.02
26;2020;4;4;0;0.10;1.89;936.54865;4208.24072;178.41400;0.00000;2.27
2;2020;4;5;0;0.11;0.89;528.32562;12151.62598;455.49860;553.73621;1.36
4;2020;4;5;0;0.10;0.89;135.19164;806.84204;37.35196;0.00000;0.52
11;2020;4;5;0;0.10;0.89;354.07083;1050.52637;128.53261;0.00000;0.98
13;2020;4;5;0;0.16;0.89;92.89088;1108.44653;17.32105;0.00000;0.10
17;2020;4;5;0;0.20;0.89;86.40000;2160.00000;100.32523;11.50708;0.16
19;2020;4;5;0;0.20;0.89;1.74140;5.50428;0.39650;0.00000;0.01
26;2020;4;5;0;0.20;0.89;878.03265;3483.35596;177.67462;0.00000;2.12
2;2020;4;6;0;0.30;2.05;518.70880;11528.17969;419.95380;484.46445;1.26
4;2020;4;6;0;0.30;2.05;129.56015;703.03082;35.79659;0.00000;0.50
11;2020;4;6;0;0.30;2.05;329.27875;815.71265;120.00124;0.00000;0.91
13;2020;4;6;0;0.30;2.05;90.66335;1027.79590;17.04383;0.00000;0.10
17;2020;4;6;0;0.30;2.05;86.40000;2058.89966;92.76688;100.76662;0.31
19;2020;4;6;0;0.30;2.05;1.60734;4.15024;0.37795;0.00000;0.01
26;2020;4;6;0;0.30;2.05;821.04297;2768.55225;169.91254;0.00000;1.99
2;2020;4;7;0;0.00;2.10;509.10095;10887.79199;335.51584;413.31024;1.16
4;2020;4;7;0;0.00;2.10;123.37825;596.72388;30.03477;0.00000;0.48
11;2020;4;7;0;0.00;2.10;300.99695;591.29565;108.20607;0.00000;0.83
13;2020;4;7;0;0.00;2.10;88.26440;943.59619;13.33872;0.00000;0.09
17;2020;4;7;0;0.00;2.10;84.94221;1949.74121;73.34663;88.63792;0.29
19;2020;4;7;0;0.00;2.10;1.45404;2.89089;0.34747;0.00000;0.01
26;2020;4;7;0;0.00;2.10;756.76031;2085.59644;153.31813;0.00000;1.83
2;2020;4;8;0;0.00;1.23;498.87640;10299.07031;288.67114;347.89667;1.06
4;2020;4;8;0;0.00;1.23;116.40287;500.66986;27.49339;0.00000;0.45
11;2020;4;8;0;0.00;1.23;268.50964;405.85446;99.54893;0.00000;0.74
13;2020;4;8;0;0.00;1.23;85.62655;865.13428;12.42014;0.00000;0.09
17;2020;4;8;0;0.00;1.23;83.31542;1849.50830;65.69708;77.50093;0.27
19;2020;4;8;0;0.00;1.23;1.27888;1.86338;0.32987;0.00000;0.01
26;2020;4;8;0;0.00;1.23;684.36505;1506.29053;147.06372;0.00000;1.66
2;2020;4;9;0;2.33;0.32;489.12866;10252.57031;698.18866;342.72998;1.04
4;2020;4;9;0;2.30;0.32;109.37206;457.45728;46.93500;0.00000;0.42
11;2020;4;9;0;2.30;0.32;234.93292;324.05417;111.82079;0.00000;0.65
13;2020;4;9;0;2.56;0.32;83.02802;831.91846;33.44511;0.00000;0.09
17;2020;4;9;0;2.70;0.32;81.76906;1849.45166;142.12689;77.49463;0.27
19;2020;4;9;0;2.70;0.32;1.09427;1.43660;0.43867;0.00000;0.01
26;2020;4;9;0;2.70;0.32;609.70740;1226.63928;202.56334;0.00000;1.48
2;2020;4;10;0;3.12;0.77;488.34360;10350.22656;831.31000;353.58075;1.06
4;2020;4;10;0;3.10;0.77;105.92314;430.09833;55.27385;0.00000;0.41
11;2020;4;10;0;3.10;0.77;216.89206;286.10687;131.24258;0.00000;0.60
13;2020;4;10;0;3.29;0.77;81.88211;809.30371;39.95165;0.00000;0.09
17;2020;4;10;0;3.40;0.77;81.76817;1871.29846;163.52722;79.92204;0.27
19;2020;4;10;0;3.40;0.77;0.99776;1.16409;0.48091;0.00000;0.01
26;2020;4;10;0;3.40;0.77;566.83954;1023.19196;224.58463;0.00000;1.37
2;2020;4;11;0;0.39;0.94;489.98978;9869.20312;316.07397;300.13370;0.99
4;2020;4;11;0;0.40;0.94;103.62952;355.13412;30.07710;0.00000;0.40
11;2020;4;11;0;0.40;0.94;207.51190;180.85800;105.09384;0.00000;0.57
13;2020;4;11;0;0.34;0.94;81.08494;741.90613;15.22497;0.00000;0.08
17;2020;4;11;0;0.30;0.94;82.10974;1786.23022;69.30976;70.47002;0.25
19;2020;4;11;0;0.30;0.94;0.92597;0.59957;0.38179;0.00000;0.01
26;2020;4;11;0;0.30;0.94;531.49841;651.76733;171.74370;0.00000;1.29
2;2020;4;12;0;0.00;2.31;481.78180;9324.69336;232.46170;239.63261;0.90
4;2020;4;12;0;0.00;2.31;96.81841;272.71298;25.56182;0.00000;0.38
11;2020;4;12;0;0.00;2.31;176.33328;82.03368;97.84268;0.00000;0.49
13;2020;4;12;0;0.00;2.31;78.62039;665.77704;11.55733;0.00000;0.08
17;2020;4;12;0;0.00;2.31;80.76479;1692.64709;56.56691;60.07190;0.23
19;2020;4;12;0;0.00;2.31;0.73166;0.13860;0.35506;0.00000;0.01
26;2020;4;12;0;0.00;2.31;452.87039;303.02612;156.35156;0.00000;1.10
2;2020;4;13;0;13.60;1.94;472.17282;11659.73828;2817.00000;499.08203;1.22
4;2020;4;13;0;13.60;1.94;88.15490;438.57788;162.66719;0.00000;0.34
11;2020;4;13;0;13.60;1.94;133.18442;298.34082;211.47604;0.00000;0.37
13;2020;4;13;0;13.60;1.94;75.65609;799.13660;130.61516;0.00000;0.08
17;2020;4;13;0;13.60;1.94;79.23661;2160.00000;473.51889;9.04028;0.15
19;2020;4;13;0;13.60;1.94;0.43502;1.15108;0.99670;0.00000;0.00
26;2020;4;13;0;13.60;1.94;345.06674;823.07739;507.53433;0.00000;0.84
2;2020;4;14;0;8.61;0.74;511.15579;13440.00098;1980.39551;36.76953;0.69
4;2020;4;14;0;8.60;0.74;104.35023;523.23804;118.07367;0.00000;0.40
11;2020;4;14;0;8.60;0.74;210.61926;438.72327;207.82010;0.00000;0.58
13;2020;4;14;0;8.66;0.74;80.72186;865.54755;91.82766;0.00000;0.08
17;2020;4;14;0;8.70;0.74;86.40000;2160.00000;345.35147;318.40112;0.67
19;2020;4;14;0;8.70;0.74;0.92228;1.75985;0.89641;0.00000;0.01
26;2020;4;14;0;8.70;0.74;491.98352;1210.52051;540.87933;0.00000;1.19
2;2020;4;15;0;0.10;0.63;537.59998;12684.21094;407.17886;612.91229;1.44
4;2020;4;15;0;0.10;0.63;111.09731;448.51682;38.95041;0.00000;0.43
11;2020;4;15;0;0.10;0.63;241.51797;333.96848;142.35954;0.00000;0.67
13;2020;4;15;0;0.10;0.63;83.04210;799.19873;18.61754;0.00000;0.09
17;2020;4;15;0;0.10;0.63;86.40000;2160.00000;91.97651;3.57471;0.15
19;2020;4;15;0;0.10;0.63;1.07229;1.17381;0.51109;0.00000;0.01
26;2020;4;15;0;0.10;0.63;564.18408;857.99048;224.72717;0.00000;1.37
2;2020;4;16;0;0.62;0.88;526.66754;12055.11133;436.58545;543.01239;1.34
4;2020;4;16;0;0.60;0.88;105.18361;384.63168;40.69299;0.00000;0.41
11;2020;4;16;0;0.60;0.88;219.22473;253.23491;137.21709;0.00000;0.60
13;2020;4;16;0;0.79;0.88;80.72408;743.41650;23.18422;0.00000;0.08
17;2020;4;16;0;0.90;0.88;86.40000;2160.00000;107.09334;23.33618;0.18
19;2020;4;16;0;0.90;0.88;0.92871;0.82955;0.55589;0.00000;0.01
26;2020;4;16;0;0.90;0.88;499.29245;623.74719;249.69269;0.00000;1.21
2;2020;4;17;0;0.69;0.82;517.24249;11484.42578;417.73322;479.60284;1.25
4;2020;4;17;0;0.70;0.82;99.59991;326.74640;39.97048;0.00000;0.39
11;2020;4;17;0;0.70;0.82;198.71350;192.83344;134.83961;0.00000;0.55
13;2020;4;17;0;0.57;0.82;78.67717;685.61157;20.33461;0.00000;0.08
17;2020;4;17;0;0.50;0.82;86.40000;2160.00000;87.44373;1.12622;0.15
19;2020;4;17;0;0.50;0.82;0.82104;0.51812;0.50891;0.00000;0.01
26;2020;4;17;0;0.50;0.82;445.86105;412.05420;233.79146;0.00000;1.08
2;2020;4;18;0;0.00;1.66;508.41418;10813.06445;284.15472;405.00714;1.15
4;2020;4;18;0;0.00;1.66;93.99703;255.67302;30.70617;0.00000;0.36
11;2020;4;18;0;0.00;1.66;180.39255;116.49635;118.99110;0.00000;0.50
13;2020;4;18;0;0.00;1.66;76.44862;617.19965;14.36625;0.00000;0.08
17;2020;4;18;0;0.00;1.66;86.40000;2035.67151;67.41072;98.18571;0.31
19;2020;4;18;0;0.00;1.66;0.69470;0.22614;0.46025;0.00000;0.01
26;2020;4;18;0;0.00;1.66;384.84320;204.64728;209.29945;0.00000;0.93
2;2020;4;19;0;0.51;1.34;497.65829;10288.34473;331.60846;346.70499;1.06
4;2020;4;19;0;0.50;1.34;86.15879;200.15601;32.81849;0.00000;0.33
11;2020;4;19;0;0.50;1.34;150.84262;75.83168;113.98328;0.00000;0.42
13;2020;4;19;0;0.63;1.34;73.64851;561.46423;18.98731;0.00000;0.08
17;2020;4;19;0;0.70;1.34;84.60078;1942.73157;80.25655;87.85905;0.29
19;2020;4;19;0;0.70;1.34;0.51760;0.17467;0.47058;0.00000;0.00
26;2020;4;19;0;0.70;1.34;300.18445;120.53696;218.65489;0.00000;0.73
2;2020;4;20;0;2.54;1.07;488.94785;10224.18945;686.96130;339.57666;1.04
4;2020;4;20;0;2.50;1.07;78.98769;186.11391;52.72975;0.00000;0.31
11;2020;4;20;0;2.50;1.07;129.51912;89.53021;123.17255;0.00000;0.36
13;2020;4;20;0;2.88;1.07;71.21525;542.29059;38.74650;0.00000;0.07
17;2020;4;20;0;3.10;1.07;83.20897;1938.77100;149.66606;87.41899;0.28
19;2020;4;20;0;3.10;1.07;0.47226;0.35521;0.55615;0.00000;0.00
26;2020;4;20;0;3.10;1.07;248.76160;199.88026;277.19455;0.00000;0.60
2;2020;4;21;0;2.93;1.43;487.86334;10231.31152;751.06158;340.36798;1.04
4;2020;4;21;0;2.90;1.43;76.97428;179.41512;57.16404;0.00000;0.30
11;2020;4;21;0;2.90;1.43;137.38353;101.61374;126.05566;0.00000;0.38
13;2020;4;21;0;3.16;1.43;70.34225;526.94202;41.50966;0.00000;0.07
17;2020;4;21;0;3.30;1.43;83.14871;1941.74365;156.95438;87.74929;0.28
19;2020;4;21;0;3.30;1.43;0.60758;0.47326;0.60188;0.00000;0.00
26;2020;4;21;0;3.30;1.43;297.68341;244.44543;281.61978;0.00000;0.72
2;2020;4;22;0;0.72;0.61;487.98392;9814.66699;350.82178;294.07413;0.98
4;2020;4;22;0;0.72;0.61;75.97916;140.36996;34.68869;0.00000;0.29
11;2020;4;22;0;0.72;0.61;143.69858;69.89813;107.73490;0.00000;0.40
13;2020;4;22;0;0.75;0.61;69.62897;479.68509;20.10016;0.00000;0.07
17;2020;4;22;0;0.78;0.61;83.19395;1863.26648;80.89110;79.02962;0.27
19;2020;4;22;0;0.78;0.61;0.67273;0.27562;0.45198;0.00000;0.01
26;2020;4;22;0;0.78;0.61;319.73056;154.50197;218.80307;0.00000;0.77
2;2020;4;23;0;0.40;1.31;480.83502;9353.92773;278.35284;242.88086;0.91
4;2020;4;23;0;0.38;1.31;69.64003;98.75193;30.35189;0.00000;0.27
11;2020;4;23;0;0.38;1.31;125.82671;41.29590;101.42856;0.00000;0.35
13;2020;4;23;0;0.54;1.31;67.34485;428.45322;17.49463;0.00000;0.07
17;2020;4;23;0;0.62;1.31;81.98447;1781.95520;71.76624;69.99502;0.25
19;2020;4;23;0;0.62;1.31;0.55526;0.15446;0.44146;0.00000;0.00
26;2020;4;23;0;0.62;1.31;271.67841;86.74250;207.52097;0.00000;0.66
2;2020;4;24;0;0.00;1.63;472.69775;8849.66016;193.73532;186.85107;0.83
4;2020;4;24;0;0.00;1.63;61.46719;57.52378;25.23958;0.00000;0.24
11;2020;4;24;0;0.00;1.63;104.38525;24.66891;96.25031;0.00000;0.29
13;2020;4;24;0;0.00;1.63;64.69810;370.54510;12.05337;0.00000;0.07
17;2020;4;24;0;0.00;1.63;80.69612;1686.35950;51.03858;59.37328;0.23
19;2020;4;24;0;0.00;1.63;0.45208;0.05667;0.39107;0.00000;0.00
26;2020;4;24;0;0.00;1.63;221.34047;32.29060;184.89526;0.00000;0.54
2;2020;4;25;0;0.00;2.84;463.48972;8359.32129;171.34390;132.36905;0.75
4;2020;4;25;0;0.00;2.84;50.73763;22.81473;23.23422;0.00000;0.20
11;2020;4;25;0;0.00;2.84;86.93803;11.43336;86.04924;0.00000;0.24
13;2020;4;25;0;0.00;2.84;61.44770;311.55310;11.18235;0.00000;0.06
17;2020;4;25;0;0.00;2.84;79.13200;1592.23254;45.15781;48.91472;0.21
19;2020;4;25;0;0.00;2.84;0.31669;0.05955;0.36455;0.00000;0.00
26;2020;4;25;0;0.00;2.84;155.85440;24.82281;170.52071;0.00000;0.38
2;2020;4;26;0;0.00;1.94;454.20547;7928.62646;152.06694;84.51406;0.68
4;2020;4;26;0;0.00;1.94;36.53918;4.09003;21.35750;0.00000;0.14
11;2020;4;26;0;0.00;1.94;66.16907;15.10489;76.25667;0.00000;0.18
13;2020;4;26;0;0.00;1.94;57.77931;258.48569;10.31447;0.00000;0.06
17;2020;4;26;0;0.00;1.94;77.53497;1507.53699;39.86176;39.50411;0.19
19;2020;4;26;0;0.00;1.94;0.32232;0.03048;0.32450;0.00000;0.00
26;2020;4;26;0;0.00;1.94;141.96178;24.51515;155.41943;0.00000;0.34
2;2020;4;27;0;0.00;1.06;445.75623;7554.55322;138.28711;42.95034;0.61
4;2020;4;27;0;0.00;1.06;19.85044;3.43028;20.24403;0.00000;0.08
11;2020;4;27;0;0.00;1.06;73.04449;6.27633;68.09197;0.00000;0.20
13;2020;4;27;0;0.00;1.06;54.07356;211.20999;9.66724;0.00000;0.06
17;2020;4;27;0;0.00;1.06;76.04504;1432.35522;36.04912;31.15057;0.18
19;2020;4;27;0;0.00;1.06;0.25411;0.06415;0.30127;0.00000;0.00
26;2020;4;27;0;0.00;1.06;141.33466;18.61034;142.92964;0.00000;0.34
2;2020;4;28;0;0.00;2.08;438.17410;7194.38086;126.49137;2.93120;0.55
4;2020;4;28;0;0.00;2.08;18.64879;1.24486;18.40234;0.00000;0.07
11;2020;4;28;0;0.00;2.08;53.48030;9.56046;62.32491;0.00000;0.15
13;2020;4;28;0;0.00;2.08;50.33213;164.70596;9.06126;0.00000;0.05
17;2020;4;28;0;0.00;2.08;74.67655;1359.56738;32.71599;23.06304;0.16
19;2020;4;28;0;0.00;2.08;0.30006;0.00000;0.27031;0.00000;0.00
26;2020;4;28;0;0.00;2.08;128.16356;9.00703;131.88574;0.00000;0.31
2;2020;4;29;0;0.00;3.43;430.64130;6803.41406;113.54414;0.00000;0.54
4;2020;4;29;0;0.00;3.43;13.01325;2.38658;16.38717;0.00000;0.05
11;2020;4;29;0;0.00;3.43;51.52835;0.00000;52.61975;0.00000;0.14
13;2020;4;29;0;0.00;3.43;46.07926;119.04930;8.32676;0.00000;0.05
17;2020;4;29;0;0.00;3.43;73.30676;1287.60193;28.98276;15.06688;0.15
19;2020;4;29;0;0.00;3.43;0.00000;0.25283;0.25283;0.00000;0.00
26;2020;4;29;0;0.00;3.43;99.05682;10.18105;117.22246;0.00000;0.24
2;2020;4;30;0;1.71;0.83;422.18378;6835.84619;411.86624;0.00000;0.53
4;2020;4;30;0;1.70;0.83;16.39540;23.40997;35.77865;0.00000;0.06
11;2020;4;30;0;1.70;0.83;0.00000;62.75985;62.75985;0.00000;0.00
13;2020;4;30;0;1.83;0.83;41.06383;109.06828;26.53643;0.00000;0.04
17;2020;4;30;0;1.90;0.83;71.90510;1293.04834;84.63997;15.67203;0.15
19;2020;4;30;0;1.90;0.83;0.53850;0.04960;0.27243;0.00000;0.00
26;2020;4;30;0;1.90;0.83;103.46019;70.96177;152.16675;0.00000;0.25
2;2020;5;1;0;3.97;1.49;422.89706;7338.22314;835.81543;18.91367;0.55
4;2020;5;1;0;3.70;1.49;36.87478;52.76982;57.61794;0.00000;0.14
11;2020;5;1;0;3.71;1.49;121.10599;41.19308;71.15739;0.00000;0.33
13;2020;5;1;0;6.07;1.49;39.80706;157.25545;70.82883;0.00000;0.04
17;2020;5;1;0;7.38;1.49;72.01292;1478.91626;255.32114;36.32402;0.18
19;2020;5;1;0;7.40;1.49;0.30206;0.44182;0.53056;0.00000;0.00
26;2020;5;1;0;7.40;1.49;206.11230;258.44702;281.88312;0.00000;0.50
2;2020;5;2;0;0.00;3.65;433.67822;6942.74463;117.31346;0.00000;0.54
4;2020;5;2;0;0.00;3.65;49.20758;8.87541;14.28989;0.00000;0.19
11;2020;5;2;0;0.00;3.65;68.19843;0.00000;46.03103;0.00000;0.19
13;2020;5;2;0;0.00;3.65;45.32827;112.86936;9.21122;0.00000;0.05
17;2020;5;2;0;0.00;3.65;75.52938;1396.70276;34.28360;27.18920;0.17
19;2020;5;2;0;0.00;3.65;0.56022;0.00000;0.23817;0.00000;0.00
26;2020;5;2;0;0.00;3.65;314.19040;0.00000;115.23509;0.00000;0.76
2;2020;5;3;0;0.21;4.00;425.23291;6577.64941;137.51674;0.00000;0.53
4;2020;5;3;0;0.20;4.00;19.51579;0.00000;15.42786;0.00000;0.08
11;2020;5;3;0;0.20;4.00;0.00000;42.73722;42.73722;0.00000;0.00
13;2020;5;3;0;0.33;4.00;40.29409;77.18948;11.56541;0.00000;0.04
17;2020;5;3;0;0.40;4.00;74.01137;1331.99988;41.64120;19.99999;0.16
19;2020;5;3;0;0.40;4.00;0.00000;0.24458;0.24458;0.00000;0.00
26;2020;5;3;0;0.40;4.00;0.00000;120.77625;120.77625;0.00000;0.00
2;2020;5;4;0;0.10;1.04;417.15637;6252.54932;110.27295;0.00000;0.52
4;2020;5;4;0;0.10;1.04;0.00000;13.79403;13.79403;0.00000;0.00
11;2020;5;4;0;0.10;1.04;71.11722;0.00000;32.99416;0.00000;0.20
13;2020;5;4;0;0.10;1.04;35.20977;49.03509;8.59292;0.00000;0.04
17;2020;5;4;0;0.10;1.04;72.77562;1272.50085;29.84358;13.38899;0.14
19;2020;5;4;0;0.10;1.04;0.40177;0.00000;0.18043;0.00000;0.00
26;2020;5;4;0;0.10;1.04;199.35530;0.00000;89.44965;0.00000;0.48
2;2020;5;5;0;0.00;1.97;409.71747;5891.45361;88.89433;0.00000;0.51
4;2020;5;5;0;0.00;1.97;21.47708;0.00000;10.68714;0.00000;0.08
11;2020;5;5;0;0.00;1.97;0.00000;32.75611;32.75611;0.00000;0.00
13;2020;5;5;0;0.00;1.97;29.97186;23.50778;7.39060;0.00000;0.03
17;2020;5;5;0;0.00;1.97;71.60460;1212.00757;24.81719;6.66750;0.13
19;2020;5;5;0;0.00;1.97;0.00000;0.18481;0.18481;0.00000;0.00
26;2020;5;5;0;0.00;1.97;0.00000;92.14075;92.14075;0.00000;0.00
2;2020;5;6;0;0.00;2.15;401.15637;5529.65234;82.49619;0.00000;0.50
4;2020;5;6;0;0.00;2.15;0.00000;10.55118;10.55118;0.00000;0.00
11;2020;5;6;0;0.00;2.15;48.98637;0.00000;26.56976;0.00000;0.14
13;2020;5;6;0;0.00;2.15;23.08712;4.93860;7.00077;0.00000;0.02
17;2020;5;6;0;0.00;2.15;70.37722;1156.18298;22.58578;0.46477;0.12
19;2020;5;6;0;0.00;2.15;0.28133;0.00000;0.14834;0.00000;0.00
26;2020;5;6;0;0.00;2.15;142.11845;0.00000;74.29665;0.00000;0.34
2;2020;5;7;0;0.00;3.01;392.23196;5155.48438;77.03495;0.00000;0.49
4;2020;5;7;0;0.00;3.01;15.15627;0.00000;8.78309;0.00000;0.06
11;2020;5;7;0;0.00;3.01;0.00000;25.34908;25.34908;0.00000;0.00
13;2020;5;7;0;0.00;3.01;9.56192;0.00000;6.61827;0.00000;0.01
17;2020;5;7;0;0.00;3.01;69.20900;1096.93921;20.37063;0.00000;0.12
19;2020;5;7;0;0.00;3.01;0.00000;0.14368;0.14368;0.00000;0.00
26;2020;5;7;0;0.00;3.01;0.00000;71.71793;71.71793;0.00000;0.00
2;2020;5;8;0;2.49;0.93;382.59702;5364.30469;529.81671;0.00000;0.48
4;2020;5;8;0;2.50;0.93;0.00000;40.91476;40.91476;0.00000;0.00
11;2020;5;8;0;2.50;0.93;77.90383;0.00000;38.36943;0.00000;0.21
13;2020;5;8;0;2.44;0.93;0.00000;36.27651;36.27651;0.00000;0.00
17;2020;5;8;0;2.40;0.93;67.92872;1132.10693;92.68037;0.00000;0.11
19;2020;5;8;0;2.40;0.93;0.42568;0.00000;0.21446;0.00000;0.00
26;2020;5;8;0;2.40;0.93;206.88928;13.22723;116.68594;0.00000;0.50
2;2020;5;9;0;0.10;0.84;388.02780;5054.01465;90.89600;0.00000;0.49
4;2020;5;9;0;0.10;0.84;44.95776;3.78052;9.34806;0.00000;0.17
11;2020;5;9;0;0.10;0.84;0.00000;24.75740;24.75740;0.00000;0.00
13;2020;5;9;0;0.10;0.84;26.93105;15.68156;7.24935;0.00000;0.03
17;2020;5;9;0;0.10;0.84;68.69392;1084.04211;22.95846;0.00000;0.11
19;2020;5;9;0;0.10;0.84;0.00000;0.14049;0.14049;0.00000;0.00
26;2020;5;9;0;0.10;0.84;76.83528;0.00000;67.45805;0.00000;0.19
2;2020;5;10;0;0.10;1.50;379.90677;4735.98340;87.15023;0.00000;0.48
4;2020;5;10;0;0.10;1.50;12.05814;0.00000;9.56188;0.00000;0.05
11;2020;5;10;0;0.10;1.50;40.35610;0.00000;21.38999;0.00000;0.11
13;2020;5;10;0;0.10;1.50;19.99661;1.46689;7.11230;0.00000;0.02
17;2020;5;10;0;0.10;1.50;67.64413;1033.71570;21.81801;0.00000;0.11
19;2020;5;10;0;0.10;1.50;0.23109;0.00000;0.11968;0.00000;0.00
26;2020;5;10;0;0.10;1.50;0.00000;66.46206;66.46206;0.00000;0.00
2;2020;5;11;0;0.00;1.39;371.24213;4407.76270;68.85210;0.00000;0.47
4;2020;5;11;0;0.00;1.39;0.00000;8.24596;8.24596;0.00000;0.00
11;2020;5;11;0;0.00;1.39;0.00000;20.99345;20.99345;0.00000;0.00
13;2020;5;11;0;0.00;1.39;6.75685;0.00000;5.88998;0.00000;0.01
17;2020;5;11;0;0.00;1.39;66.51223;980.20013;17.62452;0.00000;0.11
19;2020;5;11;0;0.00;1.39;0.00000;0.11749;0.11749;0.00000;0.00
26;2020;5;11;0;0.00;1.39;106.51158;0.00000;54.06104;0.00000;0.26
2;2020;5;12;0;0.19;1.70;361.89682;4115.76904;94.89078;0.00000;0.45
4;2020;5;12;0;0.20;1.70;16.03606;0.00000;9.53250;0.00000;0.06
11;2020;5;12;0;0.20;1.70;34.26480;0.00000;18.89132;0.00000;0.09
13;2020;5;12;0;0.14;1.70;0.00000;7.35381;7.35381;0.00000;0.00
17;2020;5;12;0;0.10;1.70;65.26891;929.37634;19.45211;0.00000;0.11
19;2020;5;12;0;0.10;1.70;0.18826;0.00000;0.10227;0.00000;0.00
26;2020;5;12;0;0.10;1.70;0.00000;56.70508;56.70508;0.00000;0.00
2;2020;5;13;0;0.00;2.68;353.19781;3777.89941;62.59249;0.00000;0.44
4;2020;5;13;0;0.00;2.68;0.00000;7.13171;7.13171;0.00000;0.00
11;2020;5;13;0;0.00;2.68;0.00000;18.09568;18.09568;0.00000;0.00
13;2020;5;13;0;0.00;2.68;10.29199;0.00000;4.98333;0.00000;0.01
17;2020;5;13;0;0.00;2.68;64.04690;871.96558;15.20673;0.00000;0.11
19;2020;5;13;0;0.00;2.68;0.00000;0.09655;0.09655;0.00000;0.00
26;2020;5;13;0;0.00;2.68;76.00349;0.00000;44.76925;0.00000;0.18
2;2020;5;14;0;0.00;3.62;342.61987;3433.97705;60.65380;0.00000;0.43
4;2020;5;14;0;0.00;3.62;8.77369;0.00000;6.01477;0.00000;0.03
11;2020;5;14;0;0.00;3.62;18.62914;0.00000;14.61697;0.00000;0.05
13;2020;5;14;0;0.00;3.62;0.00000;4.79575;4.79575;0.00000;0.00
17;2020;5;14;0;0.00;3.62;62.61349;811.75049;13.72083;0.00000;0.10
19;2020;5;14;0;0.00;3.62;0.10361;0.00000;0.07626;0.00000;0.00
26;2020;5;14;0;0.00;3.62;0.00000;41.74135;41.74135;0.00000;0.00
2;2020;5;15;0;2.86;0.93;331.20551;3760.74756;594.49268;0.00000;0.42
4;2020;5;15;0;2.80;0.93;0.00000;41.64042;41.64042;0.00000;0.00
11;2020;5;15;0;2.80;0.93;0.00000;34.66192;34.66192;0.00000;0.00
13;2020;5;15;0;3.31;0.93;13.13128;37.27185;42.59374;0.00000;0.01
17;2020;5;15;0;3.59;0.93;61.04305;890.21521;124.06311;0.00000;0.10
19;2020;5;15;0;3.60;0.93;0.00000;0.22994;0.22994;0.00000;0.00
26;2020;5;15;0;3.60;0.93;170.72452;34.97202;120.68396;0.00000;0.41
2;2020;5;16;0;21.84;1.81;342.06689;8255.69531;4366.14209;120.85498;0.58
4;2020;5;16;0;21.90;1.81;45.23920;330.37012;255.49052;0.00000;0.18
11;2020;5;16;0;21.90;1.81;98.09376;272.90219;166.18100;0.00000;0.27
13;2020;5;16;0;21.39;1.81;27.19106;295.36328;239.27437;0.00000;0.03
17;2020;5;16;0;21.11;1.81;63.07557;1560.40088;673.39612;45.37787;0.18
19;2020;5;16;0;21.10;1.81;0.52066;1.49369;0.91590;0.00000;0.00
26;2020;5;16;0;21.10;1.81;160.33089;700.13635;558.05115;0.00000;0.39
2;2020;5;17;0;0.00;2.88;452.19873;7826.68262;161.43913;73.18697;0.66
4;2020;5;17;0;0.00;2.88;94.36577;235.82034;13.39408;0.00000;0.37
11;2020;5;17;0;0.00;2.88;204.06021;71.23385;31.75366;0.00000;0.56
13;2020;5;17;0;0.00;2.88;56.69510;240.37798;9.86753;0.00000;0.06
17;2020;5;17;0;0.00;2.88;76.98114;1474.25024;37.71276;35.80558;0.19
19;2020;5;17;0;0.00;2.88;1.01165;0.50305;0.16658;0.00000;0.01
26;2020;5;17;0;0.00;2.88;464.52628;253.97760;85.20721;0.00000;1.12
2;2020;5;18;0;0.00;2.61;443.71317;7437.96338;142.94267;29.99595;0.59
4;2020;5;18;0;0.00;2.61;83.72179;153.36359;12.19982;0.00000;0.32
11;2020;5;18;0;0.00;2.61;84.19942;0.00000;29.51044;0.00000;0.23
13;2020;5;18;0;0.00;2.61;52.69728;189.85172;9.05374;0.00000;0.06
17;2020;5;18;0;0.00;2.61;75.44471;1395.10498;33.16477;27.01166;0.17
19;2020;5;18;0;0.00;2.61;0.56893;0.00000;0.15567;0.00000;0.00
26;2020;5;18;0;0.00;2.61;291.01550;0.00000;79.36842;0.00000;0.70
2;2020;5;19;0;0.00;3.31;435.76147;7056.91162;126.91374;0.00000;0.55
4;2020;5;19;0;0.00;3.31;71.86332;80.71422;11.12144;0.00000;0.28
11;2020;5;19;0;0.00;3.31;0.00000;28.37284;28.37284;0.00000;0.00
13;2020;5;19;0;0.00;3.31;48.46294;141.64169;8.28305;0.00000;0.05
17;2020;5;19;0;0.00;3.31;73.98130;1319.45508;29.19588;18.60612;0.15
19;2020;5;19;0;0.00;3.31;0.00000;0.15529;0.15529;0.00000;0.00
26;2020;5;19;0;0.00;3.31;0.00000;78.78697;78.78697;0.00000;0.00
2;2020;5;20;0;0.00;5.00;427.70209;6633.13867;110.89645;0.00000;0.54
4;2020;5;20;0;0.00;5.00;57.22011;19.08174;9.89824;0.00000;0.22
11;2020;5;20;0;0.00;5.00;26.87818;0.00000;21.35530;0.00000;0.07
13;2020;5;20;0;0.00;5.00;43.67650;94.45154;7.40973;0.00000;0.05
17;2020;5;20;0;0.00;5.00;72.53157;1243.68701;25.09091;10.18744;0.14
19;2020;5;20;0;0.00;5.00;0.15647;0.00000;0.11446;0.00000;0.00
26;2020;5;20;0;0.00;5.00;83.91809;0.00000;58.62942;0.00000;0.20
2;2020;5;21;0;0.00;5.77;418.40219;6189.17725;95.24590;0.00000;0.52
4;2020;5;21;0;0.00;5.77;17.86624;0.00000;8.68609;0.00000;0.07
11;2020;5;21;0;0.00;5.77;0.00000;19.12007;19.12007;0.00000;0.00
13;2020;5;21;0;0.00;5.77;37.82488;52.18083;6.47533;0.00000;0.04
17;2020;5;21;0;0.00;5.77;71.02479;1171.03125;20.99066;2.11459;0.12
19;2020;5;21;0;0.00;5.77;0.00000;0.09736;0.09736;0.00000;0.00
26;2020;5;21;0;0.00;5.77;0.00000;49.85701;49.85701;0.00000;0.00
2;2020;5;22;0;0.00;7.01;408.23853;5719.83887;82.04910;0.00000;0.51
4;2020;5;22;0;0.00;7.01;0.00000;7.67579;7.67579;0.00000;0.00
11;2020;5;22;0;0.00;7.01;4.63393;0.00000;13.36236;0.00000;0.01
13;2020;5;22;0;0.00;7.01;30.64077;16.37674;5.58088;0.00000;0.03
17;2020;5;22;0;0.00;7.01;69.52322;1094.37085;17.24109;0.00000;0.12
19;2020;5;22;0;0.00;7.01;0.03025;0.00000;0.06746;0.00000;0.00
26;2020;5;22;0;0.00;7.01;20.50325;0.00000;34.40803;0.00000;0.05
2;2020;5;23;0;0.00;2.61;396.96869;5342.18945;71.18022;0.00000;0.50
4;2020;5;23;0;0.00;2.61;10.38498;0.00000;5.95187;0.00000;0.04
11;2020;5;23;0;0.00;2.61;0.00000;14.28612;14.28612;0.00000;0.00
13;2020;5;23;0;0.00;2.61;18.75611;0.00000;5.03231;0.00000;0.02
17;2020;5;23;0;0.00;2.61;67.87222;1032.26672;14.63507;0.00000;0.11
19;2020;5;23;0;0.00;2.61;0.00000;0.05825;0.05825;0.00000;0.00
26;2020;5;23;0;0.00;2.61;0.00000;29.31065;29.31065;0.00000;0.00
2;2020;5;24;0;0.00;5.80;387.45917;4907.74268;65.39751;0.00000;0.49
4;2020;5;24;0;0.00;5.80;0.00000;5.86014;5.86014;0.00000;0.00
11;2020;5;24;0;0.00;5.80;4.22050;0.00000;10.70647;0.00000;0.01
13;2020;5;24;0;0.00;5.80;0.00000;4.83706;4.83706;0.00000;0.00
17;2020;5;24;0;0.00;5.80;66.47913;959.54089;13.03606;0.00000;0.11
19;2020;5;24;0;0.00;5.80;0.01180;0.00000;0.04631;0.00000;0.00
26;2020;5;24;0;0.00;5.80;10.46092;0.00000;24.82963;0.00000;0.03
2;2020;5;25;0;0.49;3.41;375.96671;4619.99219;137.14766;0.00000;0.47
4;2020;5;25;0;0.50;3.41;13.37354;0.00000;10.42113;0.00000;0.05
11;2020;5;25;0;0.50;3.41;0.00000;13.76378;13.76378;0.00000;0.00
13;2020;5;25;0;0.37;3.41;11.29817;0.00000;8.29989;0.00000;0.01
17;2020;5;25;0;0.30;3.41;64.77722;905.41559;20.07578;0.00000;0.11
19;2020;5;25;0;0.30;3.41;0.00000;0.05518;0.05518;0.00000;0.00
26;2020;5;25;0;0.30;3.41;0.00000;27.95237;27.95237;0.00000;0.00
2;2020;5;26;0;0.00;9.06;367.98871;4142.85156;57.57536;0.00000;0.46
4;2020;5;26;0;0.00;9.06;0.00000;4.58731;4.58731;0.00000;0.00
11;2020;5;26;0;0.00;9.06;0.00000;0.00000;9.10695;0.00000;0.00
13;2020;5;26;0;0.00;9.06;0.00000;3.68495;3.68495;0.00000;0.00
17;2020;5;26;0;0.00;9.06;63.45580;823.62897;10.41957;0.00000;0.11
19;2020;5;26;0;0.00;9.06;0.00000;0.00000;0.03820;0.00000;0.00
26;2020;5;26;0;0.00;9.06;0.00000;0.00000;18.49048;0.00000;0.00
2;2020;5;27;0;0.00;11.81;354.02106;3632.15381;52.32943;0.00000;0.44
4;2020;5;27;0;0.00;11.81;0.00000;0.00000;3.62974;0.00000;0.00
11;2020;5;27;0;0.00;11.81;0.00000;7.72227;7.72227;0.00000;0.00
13;2020;5;27;0;0.00;11.81;0.00000;0.00000;2.77787;0.00000;0.00
17;2020;5;27;0;0.00;11.81;61.35866;734.51068;8.46516;0.00000;0.10
19;2020;5;27;0;0.00;11.81;0.00000;0.03192;0.03192;0.00000;0.00
26;2020;5;27;0;0.00;11.81;0.00000;15.65407;15.65407;0.00000;0.00
2;2020;5;28;0;0.00;4.83;337.86816;3258.34106;45.58184;0.00000;0.42
4;2020;5;28;0;0.00;4.83;0.00000;3.33215;3.33215;0.00000;0.00
11;2020;5;28;0;0.00;4.83;0.17427;0.00000;6.34216;0.00000;0.00
13;2020;5;28;0;0.00;4.83;0.00000;2.36782;2.36782;0.00000;0.00
17;2020;5;28;0;0.00;4.83;58.91440;668.94800;7.56752;0.00000;0.10
19;2020;5;28;0;0.00;4.83;0.00000;0.00000;0.02562;0.00000;0.00
26;2020;5;28;0;0.00;4.83;0.00000;0.00000;12.35349;0.00000;0.00
2;2020;5;29;0;0.22;5.99;325.09006;2920.32666;78.46664;0.00000;0.41
4;2020;5;29;0;0.20;5.99;3.28376;0.00000;5.17431;0.00000;0.01
11;2020;5;29;0;0.20;5.99;0.00000;7.11330;7.11330;0.00000;0.00
13;2020;5;29;0;0.39;5.99;6.11561;0.00000;6.47623;0.00000;0.01
17;2020;5;29;0;0.50;5.99;56.99113;619.13190;21.88574;0.00000;0.09
19;2020;5;29;0;0.50;5.99;0.00000;0.04406;0.04406;0.00000;0.00
26;2020;5;29;0;0.50;5.99;0.00000;23.58808;23.58808;0.00000;0.00
2;2020;5;30;0;1.48;3.03;312.69363;2884.15527;285.30676;0.00000;0.39
4;2020;5;30;0;1.50;3.03;0.00000;21.88167;21.88167;0.00000;0.00
11;2020;5;30;0;1.50;3.03;21.15655;0.00000;15.51465;0.00000;0.06
13;2020;5;30;0;1.31;3.03;0.00000;17.75335;17.75335;0.00000;0.00
17;2020;5;30;0;1.20;3.03;55.44682;604.15100;43.29899;0.00000;0.09
19;2020;5;30;0;1.20;3.03;0.09745;0.00000;0.06824;0.00000;0.00
26;2020;5;30;0;1.20;3.03;54.70245;0.00000;38.26097;0.00000;0.13
2;2020;5;31;0;6.41;1.23;311.31326;4000.91724;1281.06824;0.00000;0.39
4;2020;5;31;0;6.40;1.23;36.00155;79.31857;76.45993;0.00000;0.14
11;2020;5;31;0;6.40;1.23;0.00000;51.90509;51.90509;0.00000;0.00
13;2020;5;31;0;6.46;1.23;20.89713;80.68071;73.85772;0.00000;0.02
17;2020;5;31;0;6.50;1.23;54.96680;784.13269;208.57089;0.00000;0.09
19;2020;5;31;0;6.50;1.23;0.00000;0.29657;0.29657;0.00000;0.00
26;2020;5;31;0;6.50;1.23;0.00000;173.62041;173.62041;0.00000;0.00
2;2020;6;1;0;0.21;2.23;349.66708;3698.52979;80.20327;0.00000;0.44
4;2020;6;1;0;0.20;2.23;56.86691;21.88892;4.82642;0.00000;0.22
11;2020;6;1;0;0.20;2.23;47.72771;0.00000;6.54932;0.00000;0.13
13;2020;6;1;0;0.26;2.23;35.76703;46.52072;4.80565;0.00000;0.04
17;2020;6;1;0;0.30;2.23;60.29758;735.00043;16.38048;0.00000;0.10
19;2020;6;1;0;0.30;2.23;0.27931;0.00000;0.03199;0.00000;0.00
26;2020;6;1;0;0.30;2.23;165.81241;0.00000;16.66730;0.00000;0.40
2;2020;6;2;0;0.00;2.74;340.04718;3357.71118;45.74503;0.00000;0.43
4;2020;6;2;0;0.00;2.74;19.74575;0.00000;2.78223;0.00000;0.08
11;2020;6;2;0;0.00;2.74;0.00000;5.73974;5.73974;0.00000;0.00
13;2020;6;2;0;0.00;2.74;29.41702;15.13112;2.05150;0.00000;0.03
17;2020;6;2;0;0.00;2.74;58.92834;675.18762;7.17664;0.00000;0.10
19;2020;6;2;0;0.00;2.74;0.00000;0.02324;0.02324;0.00000;0.00
26;2020;6;2;0;0.00;2.74;0.00000;11.20210;11.20210;0.00000;0.00
2;2020;6;3;0;0.01;1.76;328.57541;3045.29785;44.92559;0.00000;0.41
4;2020;6;3;0;0.00;1.76;0.00000;2.94680;2.94680;0.00000;0.00
11;2020;6;3;0;0.00;1.76;6.36443;0.00000;5.19082;0.00000;0.02
13;2020;6;3;0;0.06;1.76;16.13975;0.00000;2.64370;0.00000;0.02
17;2020;6;3;0;0.10;1.76;57.17926;623.30518;9.86384;0.00000;0.10
19;2020;6;3;0;0.10;1.76;0.02969;0.00000;0.02487;0.00000;0.00
26;2020;6;3;0;0.10;1.76;15.12934;0.00000;12.47008;0.00000;0.04
2;2020;6;4;0;0.00;5.86;317.37970;2678.13086;43.26264;0.00000;0.40
4;2020;6;4;0;0.00;5.86;0.48632;0.00000;2.71997;0.00000;0.00
11;2020;6;4;0;0.00;5.86;0.00000;5.37778;5.37778;0.00000;0.00
13;2020;6;4;0;0.00;5.86;0.00000;2.04594;2.04594;0.00000;0.00
17;2020;6;4;0;0.00;5.86;55.57920;558.18481;6.75372;0.00000;0.09
19;2020;6;4;0;0.00;5.86;0.00000;0.02163;0.02163;0.00000;0.00
26;2020;6;4;0;0.00;5.86;0.00000;10.41016;10.41016;0.00000;0.00
2;2020;6;5;0;0.00;7.23;303.22983;2306.33667;41.08034;0.00000;0.38
4;2020;6;5;0;0.00;7.23;0.00000;2.53654;2.53654;0.00000;0.00
11;2020;6;5;0;0.00;7.23;0.00000;0.00000;4.55454;0.00000;0.00
13;2020;6;5;0;0.00;7.23;0.34959;0.00000;1.81273;0.00000;0.00
17;2020;6;5;0;0.00;7.23;53.44422;491.52625;6.11053;0.00000;0.09
19;2020;6;5;0;0.00;7.23;0.00000;0.00000;0.01820;0.00000;0.00
26;2020;6;5;0;0.00;7.23;0.00000;0.00000;8.84036;0.00000;0.00
2;2020;6;6;0;2.19;3.66;287.56137;2421.17407;402.53372;0.00000;0.36
4;2020;6;6;0;2.20;3.66;16.75395;14.87367;29.08870;0.00000;0.06
11;2020;6;6;0;2.20;3.66;0.00000;20.52559;20.52559;0.00000;0.00
13;2020;6;6;0;2.14;3.66;0.00000;27.61010;27.61010;0.00000;0.00
17;2020;6;6;0;2.10;3.66;51.08515;510.75958;70.73412;0.00000;0.09
19;2020;6;6;0;2.10;3.66;0.00000;0.10638;0.10638;0.00000;0.00
26;2020;6;6;0;2.10;3.66;0.00000;61.25571;61.25571;0.00000;0.00
2;2020;6;7;0;1.25;3.57;292.56461;2352.39648;245.57599;0.00000;0.37
4;2020;6;7;0;1.30;3.57;30.02826;0.00000;17.35830;0.00000;0.12
11;2020;6;7;0;1.30;3.57;27.61656;0.00000;12.81903;0.00000;0.08
13;2020;6;7;0;0.85;3.57;24.44374;11.43797;10.90112;0.00000;0.03
17;2020;6;7;0;0.60;3.57;51.78598;476.63089;24.29353;0.00000;0.09
19;2020;6;7;0;0.60;3.57;0.09450;0.00000;0.03902;0.00000;0.00
26;2020;6;7;0;0.60;3.57;57.49597;0.00000;21.38521;0.00000;0.14
2;2020;6;8;0;0.00;4.50;289.58698;2035.59656;38.01402;0.00000;0.36
4;2020;6;8;0;0.00;4.50;0.00000;2.34297;2.34297;0.00000;0.00
11;2020;6;8;0;0.00;4.50;0.00000;4.40337;4.40337;0.00000;0.00
13;2020;6;8;0;0.00;4.50;9.00181;0.00000;1.59062;0.00000;0.01
17;2020;6;8;0;0.00;4.50;50.53015;420.30566;5.58643;0.00000;0.08
19;2020;6;8;0;0.00;4.50;0.00000;0.01693;0.01693;0.00000;0.00
26;2020;6;8;0;0.00;4.50;0.00000;8.12163;8.12163;0.00000;0.00
2;2020;6;9;0;0.80;2.62;275.09305;1912.46851;169.64766;0.00000;0.35
4;2020;6;9;0;0.80;2.62;13.14023;0.00000;11.84427;0.00000;0.05
11;2020;6;9;0;0.80;2.62;10.88353;0.00000;9.51143;0.00000;0.03
13;2020;6;9;0;0.80;2.62;0.00000;11.28907;11.28907;0.00000;0.00
17;2020;6;9;0;0.80;2.62;48.32397;398.89728;30.02182;0.00000;0.08
19;2020;6;9;0;0.80;2.62;0.05112;0.00000;0.04744;0.00000;0.00
26;2020;6;9;0;0.80;2.62;28.50129;0.00000;26.51730;0.00000;0.07
2;2020;6;10;0;0.22;5.92;269.06708;1640.92493;72.22312;0.00000;0.34
4;2020;6;10;0;0.20;5.92;0.00000;4.64658;4.64658;0.00000;0.00
11;2020;6;10;0;0.20;5.92;0.00000;5.46365;5.46365;0.00000;0.00
13;2020;6;10;0;0.39;5.92;12.46576;0.00000;5.86450;0.00000;0.01
17;2020;6;10;0;0.50;5.92;47.43546;359.89786;20.51418;0.00000;0.08
19;2020;6;10;0;0.50;5.92;0.00000;0.03631;0.03631;0.00000;0.00
26;2020;6;10;0;0.50;5.92;0.00000;19.81285;19.81285;0.00000;0.00
2;2020;6;11;0;0.32;3.26;254.83112;1439.29065;87.85781;0.00000;0.32
4;2020;6;11;0;0.30;3.26;7.28808;0.00000;5.50459;0.00000;0.03
11;2020;6;11;0;0.30;3.26;4.24039;0.00000;5.79192;0.00000;0.01
13;2020;6;11;0;0.49;3.26;0.00000;7.44121;7.44121;0.00000;0.00
17;2020;6;11;0;0.60;3.26;45.73429;332.45853;23.46352;0.00000;0.08
19;2020;6;11;0;0.60;3.26;0.04352;0.00000;0.03772;0.00000;0.00
26;2020;6;11;0;0.60;3.26;25.84624;0.00000;20.82130;0.00000;0.06
2;2020;6;12;0;0.00;2.60;243.24268;1197.89758;33.49803;0.00000;0.31
4;2020;6;12;0;0.00;2.60;0.00000;1.97039;1.97039;0.00000;0.00
11;2020;6;12;0;0.00;2.60;0.00000;3.86404;3.86404;0.00000;0.00
13;2020;6;12;0;0.00;2.60;6.82087;0.00000;1.37651;0.00000;0.01
17;2020;6;12;0;0.00;2.60;44.46475;287.04718;4.83876;0.00000;0.07
19;2020;6;12;0;0.00;2.60;0.00000;0.01454;0.01454;0.00000;0.00
26;2020;6;12;0;0.00;2.60;0.00000;6.93075;6.93075;0.00000;0.00
2;2020;6;13;0;0.00;2.20;227.89653;977.82178;32.91284;0.00000;0.29
4;2020;6;13;0;0.00;2.20;2.14176;0.00000;1.85784;0.00000;0.01
11;2020;6;13;0;0.00;2.20;2.61137;0.00000;3.70424;0.00000;0.01
13;2020;6;13;0;0.00;2.20;0.00000;1.43701;1.43701;0.00000;0.00
17;2020;6;13;0;0.00;2.20;42.20596;244.98889;4.79467;0.00000;0.07
19;2020;6;13;0;0.00;2.20;0.00691;0.00000;0.01388;0.00000;0.00
26;2020;6;13;0;0.00;2.20;3.60095;0.00000;6.60790;0.00000;0.01
2;2020;6;14;0;0.00;3.52;212.05214;760.18762;31.76991;0.00000;0.27
4;2020;6;14;0;0.00;3.52;0.00000;1.71398;1.71398;0.00000;0.00
11;2020;6;14;0;0.00;3.52;0.00000;3.21874;3.21874;0.00000;0.00
13;2020;6;14;0;0.00;3.52;1.25043;0.00000;1.32136;0.00000;0.00
17;2020;6;14;0;0.00;3.52;39.89778;202.59532;4.53202;0.00000;0.07
19;2020;6;14;0;0.00;3.52;0.00000;0.01258;0.01258;0.00000;0.00
26;2020;6;14;0;0.00;3.52;0.00000;6.19387;6.19387;0.00000;0.00
2;2020;6;15;0;0.00;5.12;193.92311;546.96429;30.31442;0.00000;0.24
4;2020;6;15;0;0.00;5.12;0.08965;0.00000;2.10531;0.00000;0.00
11;2020;6;15;0;0.00;5.12;0.00000;0.00000;5.82511;0.00000;0.00
13;2020;6;15;0;0.00;5.12;0.00000;1.29306;1.29306;0.00000;0.00
17;2020;6;15;0;0.00;5.12;37.29554;160.07370;4.31586;0.00000;0.06
19;2020;6;15;0;0.00;5.12;0.00000;0.00000;0.01751;0.00000;0.00
26;2020;6;15;0;0.00;5.12;0.00000;0.00000;7.45939;0.00000;0.00
2;2020;6;16;0;0.00;6.61;172.53650;348.45331;31.04744;0.00000;0.22
4;2020;6;16;0;0.00;6.61;0.00000;1.58787;1.58787;0.00000;0.00
11;2020;6;16;0;0.00;6.61;0.00000;2.85401;2.85401;0.00000;0.00
13;2020;6;16;0;0.00;6.61;0.00000;0.00000;1.23989;0.00000;0.00
17;2020;6;16;0;0.00;6.61;34.30355;118.80254;4.36944;0.00000;0.06
19;2020;6;16;0;0.00;6.61;0.00000;0.01093;0.01093;0.00000;0.00
26;2020;6;16;0;0.00;6.61;0.00000;5.19277;5.19277;0.00000;0.00
2;2020;6;17;0;0.00;7.71;147.01811;171.90205;27.14526;0.00000;0.18
4;2020;6;17;0;0.00;7.71;0.00000;0.00000;1.62976;0.00000;0.00
11;2020;6;17;0;0.00;7.71;0.00000;0.00000;5.12590;0.00000;0.00
13;2020;6;17;0;0.00;7.71;0.00000;1.12653;1.12653;0.00000;0.00
17;2020;6;17;0;0.00;7.71;30.85825;79.81054;3.76271;0.00000;0.05
19;2020;6;17;0;0.00;7.71;0.00000;0.00000;0.01793;0.00000;0.00
26;2020;6;17;0;0.00;7.71;0.00000;0.00000;8.83386;0.00000;0.00
2;2020;6;18;0;0.00;9.87;114.40382;28.89667;27.87181;0.00000;0.14
4;2020;6;18;0;0.00;9.87;0.00000;1.37667;1.37667;0.00000;0.00
11;2020;6;18;0;0.00;9.87;0.00000;2.51310;2.51310;0.00000;0.00
13;2020;6;18;0;0.00;9.87;0.00000;0.00000;1.07731;0.00000;0.00
17;2020;6;18;0;0.00;9.87;26.79433;43.66288;3.87321;0.00000;0.04
19;2020;6;18;0;0.00;9.87;0.00000;0.00998;0.00998;0.00000;0.00
26;2020;6;18;0;0.00;9.87;0.00000;4.80530;4.80530;0.00000;0.00
2;2020;6;19;0;0.00;8.66;26.62009;0.00000;24.04053;0.00000;0.03
4;2020;6;19;0;0.00;8.66;0.00000;0.00000;1.45269;0.00000;0.00
11;2020;6;19;0;0.00;8.66;0.00000;0.00000;3.24532;0.00000;0.00
13;2020;6;19;0;0.00;8.66;0.00000;0.94565;0.94565;0.00000;0.00
17;2020;6;19;0;0.00;8.66;21.63001;15.89001;3.22764;0.00000;0.04
19;2020;6;19;0;0.00;8.66;0.00000;0.00000;0.01348;0.00000;0.00
26;2020;6;19;0;0.00;8.66;0.00000;0.00000;5.96605;0.00000;0.00
2;2020;6;20;0;0.00;9.43;0.00000;25.45868;25.45868;0.00000;0.00
4;2020;6;20;0;0.00;9.43;0.00000;1.17130;1.17130;0.00000;0.00
11;2020;6;20;0;0.00;9.43;0.00000;2.26936;2.26936;0.00000;0.00
13;2020;6;20;0;0.00;9.43;0.00000;0.00000;0.91862;0.00000;0.00
17;2020;6;20;0;0.00;9.43;12.19036;0.00000;3.42579;0.00000;0.02
19;2020;6;20;0;0.00;9.43;0.00000;0.00857;0.00857;0.00000;0.00
26;2020;6;20;0;0.00;9.43;0.00000;4.22535;4.22535;0.00000;0.00
2;2020;6;21;0;0.00;9.14;19.92183;0.00000;21.00713;0.00000;0.02
4;2020;6;21;0;0.00;9.14;0.00000;0.00000;1.33841;0.00000;0.00
11;2020;6;21;0;0.00;9.14;0.00000;0.00000;2.62143;0.00000;0.00
13;2020;6;21;0;0.00;9.14;0.00000;0.80509;0.80509;0.00000;0.00
17;2020;6;21;0;0.00;9.14;0.00000;2.84105;2.84105;0.00000;0.00
19;2020;6;21;0;0.00;9.14;0.00000;0.00000;0.01052;0.00000;0.00
26;2020;6;21;0;0.00;9.14;0.00000;0.00000;5.16560;0.00000;0.00
2;2020;6;22;0;0.00;9.24;0.00000;22.78603;22.78603;0.00000;0.00
4;2020;6;22;0;0.00;9.24;0.00000;1.02931;1.02931;0.00000;0.00
11;2020;6;22;0;0.00;9.24;0.00000;2.05242;2.05242;0.00000;0.00
13;2020;6;22;0;0.00;9.24;0.00000;0.00000;0.79675;0.00000;0.00
17;2020;6;22;0;0.00;9.24;2.14033;0.00000;3.08903;0.00000;0.00
19;2020;6;22;0;0.00;9.24;0.00000;0.00779;0.00779;0.00000;0.00
26;2020;6;22;0;0.00;9.24;0.00000;3.73192;3.73192;0.00000;0.00
2;2020;6;23;0;0.09;6.81;39.54354;0.00000;35.33583;0.00000;0.05
4;2020;6;23;0;0.10;6.81;0.00000;0.00000;2.35644;0.00000;0.00
11;2020;6;23;0;0.10;6.81;0.00000;0.00000;2.68900;0.00000;0.00
13;2020;6;23;0;0.04;6.81;0.00000;1.13716;1.13716;0.00000;0.00
17;2020;6;23;0;0.00;6.81;0.00000;2.57726;2.57726;0.00000;0.00
19;2020;6;23;0;0.00;6.81;0.00000;0.00000;0.00870;0.00000;0.00
26;2020;6;23;0;0.00;6.81;0.00000;0.00000;4.38769;0.00000;0.00
2;2020;6;24;0;9.55;1.76;0.00000;2016.39453;2016.39453;0.00000;0.00
4;2020;6;24;0;9.80;1.76;0.00000;125.83245;125.83245;0.00000;0.00
11;2020;6;24;0;9.79;1.76;0.00000;72.93397;72.93397;0.00000;0.00
13;2020;6;24;0;7.62;1.76;7.87828;87.74025;90.17025;0.00000;0.01
17;2020;6;24;0;6.42;1.76;7.92141;212.70979;214.51076;0.00000;0.01
19;2020;6;24;0;6.40;1.76;0.00000;0.27783;0.27783;0.00000;0.00
26;2020;6;24;0;6.40;1.76;0.00000;164.06192;164.06192;0.00000;0.00
2;2020;6;25;0;0.00;3.43;274.16907;1716.41980;21.18827;0.00000;0.34
4;2020;6;25;0;0.00;3.43;66.98907;48.38850;1.02736;0.00000;0.26
11;2020;6;25;0;0.00;3.43;53.32806;0.00000;2.28935;0.00000;0.15
13;2020;6;25;0;0.00;3.43;36.84805;45.25477;0.67850;0.00000;0.04
17;2020;6;25;0;0.00;3.43;37.94614;170.98869;2.72918;0.00000;0.06
19;2020;6;25;0;0.00;3.43;0.19038;0.00000;0.00799;0.00000;0.00
26;2020;6;25;0;0.00;3.43;120.30394;0.00000;3.81204;0.00000;0.29
2;2020;6;26;0;0.01;5.03;258.93271;1414.92053;22.19620;0.00000;0.32
4;2020;6;26;0;0.00;5.03;37.31062;0.00000;0.91495;0.00000;0.14
11;2020;6;26;0;0.00;5.03;0.00000;2.01302;2.01302;0.00000;0.00
13;2020;6;26;0;0.13;5.03;29.13032;11.15183;2.03779;0.00000;0.03
17;2020;6;26;0;0.20;5.03;35.11627;136.42589;8.79803;0.00000;0.06
19;2020;6;26;0;0.20;5.03;0.00000;0.01634;0.01634;0.00000;0.00
26;2020;6;26;0;0.20;5.03;0.00000;8.82309;8.82309;0.00000;0.00
2;2020;6;27;0;0.21;3.92;241.77263;1184.40930;54.51039;0.00000;0.30
4;2020;6;27;0;0.20;3.92;0.00000;3.73054;3.73054;0.00000;0.00
11;2020;6;27;0;0.20;3.92;0.00000;0.00000;3.30482;0.00000;0.00
13;2020;6;27;0;0.26;3.92;11.72347;0.00000;3.65723;0.00000;0.01
17;2020;6;27;0;0.30;3.92;32.41121;110.46481;11.99943;0.00000;0.05
19;2020;6;27;0;0.30;3.92;0.00101;0.00000;0.01953;0.00000;0.00
26;2020;6;27;0;0.30;3.92;2.79288;0.00000;10.80066;0.00000;0.01
2;2020;6;28;0;0.20;4.48;226.98227;963.39398;53.03827;0.00000;0.28
4;2020;6;28;0;0.20;4.48;3.19966;0.00000;3.45341;0.00000;0.01
11;2020;6;28;0;0.20;4.48;0.00000;3.35693;3.35693;0.00000;0.00
13;2020;6;28;0;0.20;4.48;0.00000;3.13114;3.13114;0.00000;0.00
17;2020;6;28;0;0.20;4.48;30.07137;82.99160;8.83433;0.00000;0.05
19;2020;6;28;0;0.20;4.48;0.00000;0.01597;0.01597;0.00000;0.00
26;2020;6;28;0;0.20;4.48;0.00000;8.66226;8.66226;0.00000;0.00
2;2020;6;29;0;6.37;3.35;210.93614;2035.57129;1206.47900;0.00000;0.26
4;2020;6;29;0;6.50;3.35;0.00000;83.81011;83.81011;0.00000;0.00
11;2020;6;29;0;6.50;3.35;42.82757;23.54089;46.99556;0.00000;0.12
13;2020;6;29;0;5.35;3.35;11.28706;57.57411;62.59003;0.00000;0.01
17;2020;6;29;0;4.71;3.35;27.16867;215.09019;153.14633;0.00000;0.05
19;2020;6;29;0;4.70;3.35;0.20200;0.05619;0.19692;0.00000;0.00
26;2020;6;29;0;4.70;3.35;97.69389;49.21986;116.33923;0.00000;0.24
