PARAMETRES HYDROTEL VERSION;4.3.6.0033

SOUS MODELE;TEMP EAU CEQUEAU

UHRH ID; TEMPERATURE BASE; CRITERE GEL
1;4;0.01
2;4;0.01
3;4;0.01
4;4;0.01
5;4;0.01
6;4;0.01
7;4;0.01
8;4;0.01
9;4;0.01
10;4;0.01
11;4;0.01
12;4;0.01
13;4;0.01
14;4;0.01
15;4;0.01
16;4;0.01
17;4;0.01
18;4;0.01
19;4;0.01
20;4;0.01
21;4;0.01
22;4;0.01
23;4;0.01
24;4;0.01
25;4;0.01
26;4;0.01
27;4;0.01
28;4;0.01
29;4;0.01
30;4;0.01
31;4;0.01
32;4;0.01
33;4;0.01
34;4;0.01
35;4;0.01
36;4;0.01
37;4;0.01
38;4;0.01
39;4;0.01
40;4;0.01
41;4;0.01
42;4;0.01
43;4;0.01
44;4;0.01
45;4;0.01
46;4;0.01
47;4;0.01
48;4;0.01
49;4;0.01
50;4;0.01
51;4;0.01
52;4;0.01
53;4;0.01
54;4;0.01
55;4;0.01
56;4;0.01
57;4;0.01
58;4;0.01
59;4;0.01
60;4;0.01
61;4;0.01
62;4;0.01
63;4;0.01
64;4;0.01
65;4;0.01
66;4;0.01
67;4;0.01
68;4;0.01
69;4;0.01
70;4;0.01
71;4;0.01
72;4;0.01
73;4;0.01
74;4;0.01
75;4;0.01
76;4;0.01
77;4;0.01
78;4;0.01
79;4;0.01
80;4;0.01
81;4;0.01
82;4;0.01
83;4;0.01
84;4;0.01
85;4;0.01
86;4;0.01
87;4;0.01
88;4;0.01
89;4;0.01
90;4;0.01
91;4;0.01
92;4;0.01
93;4;0.01
94;4;0.01
95;4;0.01
96;4;0.01
97;4;0.01
98;4;0.01
99;4;0.01
100;4;0.01
101;4;0.01
102;4;0.01
103;4;0.01
104;4;0.01
105;4;0.01
106;4;0.01
107;4;0.01
108;4;0.01
109;4;0.01
110;4;0.01
111;4;0.01
112;4;0.01
113;4;0.01
114;4;0.01
115;4;0.01
116;4;0.01
117;4;0.01
118;4;0.01
119;4;0.01
120;4;0.01
121;4;0.01
122;4;0.01
123;4;0.01
124;4;0.01
125;4;0.01
126;4;0.01
127;4;0.01
128;4;0.01
129;4;0.01
130;4;0.01
131;4;0.01
132;4;0.01
133;4;0.01
134;4;0.01
135;4;0.01
136;4;0.01
137;4;0.01
138;4;0.01
139;4;0.01
140;4;0.01
141;4;0.01
142;4;0.01
143;4;0.01
144;4;0.01
145;4;0.01
146;4;0.01
147;4;0.01
148;4;0.01
149;4;0.01
150;4;0.01
151;4;0.01
152;4;0.01
153;4;0.01
154;4;0.01
155;4;0.01
156;4;0.01
157;4;0.01
158;4;0.01
159;4;0.01
160;4;0.01
161;4;0.01
162;4;0.01
163;4;0.01
164;4;0.01
165;4;0.01
166;4;0.01
167;4;0.01
168;4;0.01
169;4;0.01
170;4;0.01
171;4;0.01
172;4;0.01
173;4;0.01
174;4;0.01
175;4;0.01
176;4;0.01
177;4;0.01
178;4;0.01
179;4;0.01
180;4;0.01
181;4;0.01
182;4;0.01
183;4;0.01
184;4;0.01
185;4;0.01
186;4;0.01
187;4;0.01
188;4;0.01
189;4;0.01
190;4;0.01
191;4;0.01
192;4;0.01
193;4;0.01
194;4;0.01
195;4;0.01
196;4;0.01
197;4;0.01
198;4;0.01
199;4;0.01
200;4;0.01
201;4;0.01
202;4;0.01
203;4;0.01
204;4;0.01
205;4;0.01
206;4;0.01
207;4;0.01
208;4;0.01
209;4;0.01
210;4;0.01
211;4;0.01
212;4;0.01
213;4;0.01
214;4;0.01
215;4;0.01
216;4;0.01
217;4;0.01
218;4;0.01
219;4;0.01
220;4;0.01
221;4;0.01
222;4;0.01
223;4;0.01
224;4;0.01
225;4;0.01
226;4;0.01
227;4;0.01
228;4;0.01
229;4;0.01
230;4;0.01
231;4;0.01
232;4;0.01
233;4;0.01
234;4;0.01
235;4;0.01
236;4;0.01
237;4;0.01
238;4;0.01
239;4;0.01
240;4;0.01
241;4;0.01
242;4;0.01
243;4;0.01
244;4;0.01
245;4;0.01
246;4;0.01
247;4;0.01
248;4;0.01
249;4;0.01
250;4;0.01
251;4;0.01
252;4;0.01
253;4;0.01
254;4;0.01
255;4;0.01
256;4;0.01
257;4;0.01
258;4;0.01
259;4;0.01
260;4;0.01
261;4;0.01
262;4;0.01
263;4;0.01
264;4;0.01
265;4;0.01
266;4;0.01
267;4;0.01
268;4;0.01
269;4;0.01
270;4;0.01
271;4;0.01
272;4;0.01
273;4;0.01
274;4;0.01
275;4;0.01
276;4;0.01
277;4;0.01
278;4;0.01
279;4;0.01
280;4;0.01
281;4;0.01
282;4;0.01
283;4;0.01
284;4;0.01
285;4;0.01
286;4;0.01
287;4;0.01
288;4;0.01
289;4;0.01
290;4;0.01
291;4;0.01
292;4;0.01
293;4;0.01
294;4;0.01
295;4;0.01
296;4;0.01
297;4;0.01
298;4;0.01
299;4;0.01
300;4;0.01
301;4;0.01
302;4;0.01
303;4;0.01
304;4;0.01
305;4;0.01
306;4;0.01
307;4;0.01
308;4;0.01
309;4;0.01
310;4;0.01
311;4;0.01
312;4;0.01
313;4;0.01
314;4;0.01
315;4;0.01
316;4;0.01
317;4;0.01
318;4;0.01
319;4;0.01
320;4;0.01
321;4;0.01
322;4;0.01
323;4;0.01
324;4;0.01
325;4;0.01
326;4;0.01
327;4;0.01
328;4;0.01
329;4;0.01
330;4;0.01
331;4;0.01
332;4;0.01
333;4;0.01
334;4;0.01
335;4;0.01
336;4;0.01
337;4;0.01
338;4;0.01
339;4;0.01
340;4;0.01
341;4;0.01
342;4;0.01
343;4;0.01
344;4;0.01
345;4;0.01
346;4;0.01
347;4;0.01
348;4;0.01
349;4;0.01
350;4;0.01
351;4;0.01
352;4;0.01
353;4;0.01
354;4;0.01
355;4;0.01
356;4;0.01
357;4;0.01
358;4;0.01
359;4;0.01
360;4;0.01
361;4;0.01
362;4;0.01
363;4;0.01
364;4;0.01
365;4;0.01
366;4;0.01
367;4;0.01
368;4;0.01
369;4;0.01
370;4;0.01
371;4;0.01
372;4;0.01
373;4;0.01
374;4;0.01
375;4;0.01
376;4;0.01
377;4;0.01
378;4;0.01
379;4;0.01
380;4;0.01
381;4;0.01
382;4;0.01
383;4;0.01
384;4;0.01
385;4;0.01
386;4;0.01
387;4;0.01
388;4;0.01
389;4;0.01
390;4;0.01
391;4;0.01
392;4;0.01
393;4;0.01
394;4;0.01
395;4;0.01
396;4;0.01
397;4;0.01
398;4;0.01
399;4;0.01
400;4;0.01
401;4;0.01
402;4;0.01
403;4;0.01
404;4;0.01
405;4;0.01
406;4;0.01
407;4;0.01
408;4;0.01
409;4;0.01
410;4;0.01
411;4;0.01
412;4;0.01
413;4;0.01
414;4;0.01
415;4;0.01
416;4;0.01
417;4;0.01
418;4;0.01
419;4;0.01
420;4;0.01
421;4;0.01
422;4;0.01
423;4;0.01
424;4;0.01
425;4;0.01
426;4;0.01
427;4;0.01
428;4;0.01
429;4;0.01
430;4;0.01
431;4;0.01
432;4;0.01
433;4;0.01
434;4;0.01
435;4;0.01
436;4;0.01
437;4;0.01
438;4;0.01
439;4;0.01
440;4;0.01
441;4;0.01
442;4;0.01
443;4;0.01
444;4;0.01
445;4;0.01
446;4;0.01
447;4;0.01
448;4;0.01
449;4;0.01
450;4;0.01
451;4;0.01
452;4;0.01
453;4;0.01
454;4;0.01
455;4;0.01
456;4;0.01
457;4;0.01
458;4;0.01
459;4;0.01
460;4;0.01
461;4;0.01
462;4;0.01
463;4;0.01
464;4;0.01
465;4;0.01
466;4;0.01
467;4;0.01
468;4;0.01
469;4;0.01
470;4;0.01
471;4;0.01
472;4;0.01
473;4;0.01
474;4;0.01
475;4;0.01
476;4;0.01
477;4;0.01
478;4;0.01
479;4;0.01
480;4;0.01
481;4;0.01
482;4;0.01
483;4;0.01
484;4;0.01
485;4;0.01
486;4;0.01
487;4;0.01
488;4;0.01
489;4;0.01
490;4;0.01
491;4;0.01
492;4;0.01
493;4;0.01
494;4;0.01
495;4;0.01
