IdUhrh;Annee;Mois;Jour;Heure;Apport (mm);Evp (mm);Wetsep (m3);Wetvol (m3);Wetflwi (m3);Wetflwo (m3);Wetprod (mm)
2;2020;1;1;0;0.08;0.19;458.87469;8505.88184;510.78967;148.65352;0.76
4;2020;1;1;0;0.13;0.19;58.26017;71.16943;44.40480;0.00000;0.23
11;2020;1;1;0;0.35;0.19;77.33914;0.00000;21.67592;0.00000;0.21
13;2020;1;1;0;0.02;0.19;39.20836;96.40231;31.40578;0.00000;0.04
17;2020;1;1;0;0.02;0.19;75.99599;1491.77380;101.31013;37.75265;0.19
19;2020;1;1;0;0.01;0.19;0.37573;0.00000;0.09917;0.00000;0.00
26;2020;1;1;0;0.69;0.19;140.27432;0.00000;65.20137;0.00000;0.34
2;2020;1;2;0;0.20;0.67;457.01654;8762.55273;898.48798;177.17256;0.80
4;2020;1;2;0;0.36;0.67;54.72007;89.02138;72.76114;0.00000;0.21
11;2020;1;2;0;0.92;0.67;0.00000;42.40376;42.40376;0.00000;0.00
13;2020;1;2;0;0.05;0.67;38.10037;112.99939;55.82466;0.00000;0.04
17;2020;1;2;0;0.05;0.67;75.76183;1545.58923;175.53816;43.73214;0.20
19;2020;1;2;0;0.01;0.67;0.00000;0.21437;0.21437;0.00000;0.00
26;2020;1;2;0;1.72;0.67;0.00000;133.51482;133.51482;0.00000;0.00
2;2020;1;3;0;0.74;0.36;461.86508;10755.18848;2832.88525;398.57648;1.08
4;2020;1;3;0;1.30;0.36;59.24491;230.44196;195.32512;0.00000;0.23
11;2020;1;3;0;3.40;0.36;105.37084;77.65578;112.68824;0.00000;0.29
13;2020;1;3;0;0.17;0.36;40.31056;244.17642;171.64413;0.00000;0.04
17;2020;1;3;0;0.18;0.36;76.72095;1905.93323;521.10284;83.77036;0.27
19;2020;1;3;0;0.05;0.36;0.50787;0.32194;0.62264;0.00000;0.00
26;2020;1;3;0;6.46;0.36;257.95724;387.06110;377.38864;0.00000;0.62
2;2020;1;4;0;0.08;0.25;496.71106;10495.73340;610.12054;369.74814;1.09
4;2020;1;4;0;0.01;0.25;83.03893;189.17857;42.74952;0.00000;0.32
11;2020;1;4;0;0.05;0.25;103.95284;0.00000;27.40942;0.00000;0.29
13;2020;1;4;0;0.00;0.25;52.99139;214.44833;23.91955;0.00000;0.06
17;2020;1;4;0;0.00;0.25;82.64603;1841.56433;95.91665;76.61826;0.27
19;2020;1;4;0;0.00;0.25;0.42424;0.00000;0.10967;0.00000;0.00
26;2020;1;4;0;0.20;0.25;376.38934;89.50300;77.29051;0.00000;0.91
2;2020;1;5;0;0.02;0.15;492.42404;10082.76562;405.93423;323.86288;1.02
4;2020;1;5;0;0.04;0.15;77.42186;155.10971;43.66041;0.00000;0.30
11;2020;1;5;0;0.11;0.15;0.00000;32.48612;32.48612;0.00000;0.00
13;2020;1;5;0;0.01;0.15;50.60473;187.65955;24.16616;0.00000;0.05
17;2020;1;5;0;0.01;0.15;81.64421;1783.44922;94.25420;70.16103;0.25
19;2020;1;5;0;0.00;0.15;0.00000;0.12837;0.12837;0.00000;0.00
26;2020;1;5;0;0.20;0.15;174.08319;0.00000;82.48351;0.00000;0.42
2;2020;1;6;0;0.02;0.40;485.45706;9669.94238;359.47037;277.99356;0.96
4;2020;1;6;0;0.04;0.40;72.15270;122.39515;40.66629;0.00000;0.28
11;2020;1;6;0;0.09;0.40;60.35387;0.00000;29.04716;0.00000;0.17
13;2020;1;6;0;0.00;0.40;48.26355;160.73756;22.28561;0.00000;0.05
17;2020;1;6;0;0.00;0.40;80.72014;1720.92688;82.98988;63.21410;0.24
19;2020;1;6;0;0.00;0.40;0.23404;0.00000;0.11407;0.00000;0.00
26;2020;1;6;0;0.17;0.40;0.00000;88.40785;88.40785;0.00000;0.00
2;2020;1;7;0;0.02;0.61;478.30603;9269.96289;325.70920;233.55147;0.89
4;2020;1;7;0;0.03;0.61;66.33368;92.11055;37.89207;0.00000;0.26
11;2020;1;7;0;0.09;0.61;0.00000;31.07387;31.07387;0.00000;0.00
13;2020;1;7;0;0.00;0.61;45.68205;134.94173;21.26831;0.00000;0.05
17;2020;1;7;0;0.00;0.61;79.70404;1659.14258;76.67943;56.34917;0.23
19;2020;1;7;0;0.00;0.61;0.00000;0.12237;0.12237;0.00000;0.00
26;2020;1;7;0;0.17;0.61;162.67355;0.00000;78.01157;0.00000;0.39
2;2020;1;8;0;0.02;0.48;471.18716;8909.38965;314.58679;193.48770;0.83
4;2020;1;8;0;0.04;0.48;59.96669;67.41237;36.53005;0.00000;0.23
11;2020;1;8;0;0.10;0.48;57.65483;0.00000;28.08850;0.00000;0.16
13;2020;1;8;0;0.00;0.48;42.93163;111.71296;20.72288;0.00000;0.05
17;2020;1;8;0;0.01;0.48;78.67625;1602.40454;73.85156;50.04494;0.21
19;2020;1;8;0;0.00;0.48;0.22391;0.00000;0.11155;0.00000;0.00
26;2020;1;8;0;0.19;0.48;0.00000;85.22227;85.22227;0.00000;0.00
2;2020;1;9;0;0.01;0.39;464.59778;8537.25684;253.43173;152.13965;0.77
4;2020;1;9;0;0.02;0.39;53.67666;44.93828;32.18496;0.00000;0.21
11;2020;1;9;0;0.04;0.39;0.00000;28.43993;28.43993;0.00000;0.00
13;2020;1;9;0;0.00;0.39;40.14705;88.27812;17.49670;0.00000;0.04
17;2020;1;9;0;0.00;0.39;77.71045;1542.14856;62.32186;43.34984;0.20
19;2020;1;9;0;0.00;0.39;0.00000;0.11098;0.11098;0.00000;0.00
26;2020;1;9;0;0.09;0.39;153.22275;0.00000;70.70056;0.00000;0.37
2;2020;1;10;0;0.02;1.19;457.61420;8213.21777;276.05280;116.13535;0.72
4;2020;1;10;0;0.04;1.19;46.47991;29.59982;33.75803;0.00000;0.18
11;2020;1;10;0;0.10;1.19;50.52883;0.00000;26.75902;0.00000;0.14
13;2020;1;10;0;0.01;1.19;36.92808;68.11574;18.94831;0.00000;0.04
17;2020;1;10;0;0.01;1.19;76.66028;1487.86523;64.22537;37.31836;0.19
19;2020;1;10;0;0.00;1.19;0.19452;0.00000;0.10743;0.00000;0.00
26;2020;1;10;0;0.19;1.19;0.00000;80.88070;80.88070;0.00000;0.00
2;2020;1;11;0;1.01;0.80;451.37143;11060.31152;3711.16943;432.47910;1.11
4;2020;1;11;0;1.55;0.80;40.07723;229.37447;236.28197;0.00000;0.16
11;2020;1;11;0;4.05;0.80;0.00000;162.85199;162.85199;0.00000;0.00
13;2020;1;11;0;0.21;0.80;33.68091;251.33000;217.64337;0.00000;0.04
17;2020;1;11;0;0.23;0.80;75.69131;1961.04907;640.38330;89.89433;0.28
19;2020;1;11;0;0.06;0.80;0.00000;0.94336;0.94336;0.00000;0.00
26;2020;1;11;0;8.28;0.80;215.91063;528.19531;522.90240;0.00000;0.52
2;2020;1;12;0;0.00;0.13;501.66824;10556.11816;377.28409;376.45761;1.10
4;2020;1;12;0;0.00;0.13;82.90217;186.64204;40.72353;0.00000;0.32
11;2020;1;12;0;0.00;0.13;169.88963;40.84049;49.01298;0.00000;0.47
13;2020;1;12;0;0.00;0.13;53.53737;218.25879;20.82377;0.00000;0.06
17;2020;1;12;0;0.00;0.13;83.48663;1884.15137;88.49668;81.35014;0.27
19;2020;1;12;0;0.00;0.13;0.85938;0.26984;0.19160;0.00000;0.01
26;2020;1;12;0;0.00;0.13;420.30539;228.11565;123.03331;0.00000;1.02
2;2020;1;13;0;0.00;0.22;493.42780;10067.39062;332.34064;322.15448;1.02
4;2020;1;13;0;0.00;0.22;77.05176;146.64502;37.91151;0.00000;0.30
11;2020;1;13;0;0.00;0.22;89.98140;0.00000;50.29705;0.00000;0.25
13;2020;1;13;0;0.00;0.22;50.92211;186.12946;19.35899;0.00000;0.05
17;2020;1;13;0;0.00;0.22;82.30950;1807.85132;79.79715;72.87238;0.26
19;2020;1;13;0;0.00;0.22;0.46272;0.00000;0.19900;0.00000;0.00
26;2020;1;13;0;0.00;0.22;311.97888;38.06160;125.39388;0.00000;0.76
2;2020;1;14;0;0.00;0.33;485.19412;9597.29980;293.06815;269.92218;0.95
4;2020;1;14;0;0.00;0.33;70.72959;110.01524;35.27223;0.00000;0.27
11;2020;1;14;0;0.00;0.33;0.00000;53.01545;53.01545;0.00000;0.00
13;2020;1;14;0;0.00;0.33;48.12349;155.15829;17.95003;0.00000;0.05
17;2020;1;14;0;0.00;0.33;81.11048;1733.60901;72.83585;64.62321;0.24
19;2020;1;14;0;0.00;0.33;0.00000;0.21572;0.21572;0.00000;0.00
26;2020;1;14;0;0.00;0.33;164.03975;0.00000;128.71687;0.00000;0.40
2;2020;1;15;0;0.00;0.65;477.02750;9144.62207;259.51505;219.62471;0.87
4;2020;1;15;0;0.00;0.65;63.86964;77.21927;33.15432;0.00000;0.25
11;2020;1;15;0;0.00;0.65;94.40485;0.00000;45.10526;0.00000;0.26
13;2020;1;15;0;0.00;0.65;45.11275;125.35605;16.78013;0.00000;0.05
17;2020;1;15;0;0.00;0.65;79.91204;1660.83472;66.27814;56.53719;0.23
19;2020;1;15;0;0.00;0.65;0.38261;0.00000;0.18348;0.00000;0.00
26;2020;1;15;0;0.00;0.65;0.00000;131.64832;131.64832;0.00000;0.00
2;2020;1;16;0;0.00;0.52;468.91565;8721.97949;231.17931;172.66435;0.80
4;2020;1;16;0;0.00;0.52;56.32801;50.78350;31.36277;0.00000;0.22
11;2020;1;16;0;0.00;0.52;0.00000;47.42979;47.42979;0.00000;0.00
13;2020;1;16;0;0.00;0.52;41.82323;98.14143;15.70046;0.00000;0.04
17;2020;1;16;0;0.00;0.52;78.70473;1591.54980;60.31333;48.83887;0.21
19;2020;1;16;0;0.00;0.52;0.00000;0.19441;0.19441;0.00000;0.00
26;2020;1;16;0;0.00;0.52;236.35916;0.00000;111.41161;0.00000;0.57
2;2020;1;17;0;0.00;0.14;461.10477;8336.81641;209.01379;129.86845;0.74
4;2020;1;17;0;0.00;0.14;48.54192;31.62939;29.72514;0.00000;0.19
11;2020;1;17;0;0.00;0.14;87.55110;0.00000;40.88327;0.00000;0.24
13;2020;1;17;0;0.00;0.14;38.34295;74.27014;14.73813;0.00000;0.04
17;2020;1;17;0;0.00;0.14;77.52316;1527.12048;55.31263;41.68005;0.20
19;2020;1;17;0;0.00;0.14;0.35826;0.00000;0.16726;0.00000;0.00
26;2020;1;17;0;0.00;0.14;0.00000;119.53750;119.53750;0.00000;0.00
2;2020;1;18;0;0.00;0.25;453.77106;7978.38379;190.98726;90.04263;0.68
4;2020;1;18;0;0.00;0.25;41.03191;18.36425;28.27375;0.00000;0.16
11;2020;1;18;0;0.00;0.25;0.00000;43.74369;43.74369;0.00000;0.00
13;2020;1;18;0;0.00;0.25;34.73116;53.31187;14.20203;0.00000;0.04
17;2020;1;18;0;0.00;0.25;76.39426;1465.91638;51.01377;34.87960;0.19
19;2020;1;18;0;0.00;0.25;0.00000;0.17998;0.17998;0.00000;0.00
26;2020;1;18;0;0.00;0.25;219.66531;0.00000;103.19238;0.00000;0.53
2;2020;1;19;0;0.00;0.32;446.74725;7646.83789;175.44717;53.20420;0.63
4;2020;1;19;0;0.00;0.32;33.83021;10.85110;26.85031;0.00000;0.13
11;2020;1;19;0;0.00;0.32;80.08633;0.00000;38.02202;0.00000;0.22
13;2020;1;19;0;0.00;0.32;30.87490;35.50746;13.55715;0.00000;0.03
17;2020;1;19;0;0.00;0.32;75.29304;1408.08838;47.10602;28.45426;0.17
19;2020;1;19;0;0.00;0.32;0.32853;0.00000;0.15607;0.00000;0.00
26;2020;1;19;0;0.00;0.32;0.00000;110.63077;110.63077;0.00000;0.00
2;2020;1;20;0;0.00;0.33;440.06674;7342.05908;161.91203;19.33989;0.58
4;2020;1;20;0;0.00;0.33;28.06673;7.71889;25.39910;0.00000;0.11
11;2020;1;20;0;0.00;0.33;0.00000;40.36080;40.36080;0.00000;0.00
13;2020;1;20;0;0.00;0.33;26.72698;21.28099;12.94291;0.00000;0.03
17;2020;1;20;0;0.00;0.33;74.22497;1353.78333;43.56893;22.42037;0.16
19;2020;1;20;0;0.00;0.33;0.00000;0.16668;0.16668;0.00000;0.00
26;2020;1;20;0;0.00;0.33;202.02412;0.00000;95.38748;0.00000;0.49
2;2020;1;21;0;0.00;0.79;433.75867;7040.85889;149.59042;0.00000;0.54
4;2020;1;21;0;0.00;0.79;24.87045;5.62608;23.75420;0.00000;0.10
11;2020;1;21;0;0.00;0.79;71.12230;0.00000;34.82710;0.00000;0.20
13;2020;1;21;0;0.00;0.79;22.28577;10.45415;12.33401;0.00000;0.02
17;2020;1;21;0;0.00;0.79;73.19589;1301.32031;40.19823;16.59115;0.15
19;2020;1;21;0;0.00;0.79;0.29200;0.00000;0.14355;0.00000;0.00
26;2020;1;21;0;0.00;0.79;0.00000;100.92336;100.92336;0.00000;0.00
2;2020;1;22;0;0.00;0.70;427.35648;6736.72607;138.28694;0.00000;0.54
4;2020;1;22;0;0.00;0.70;22.22938;4.71547;22.10232;0.00000;0.09
11;2020;1;22;0;0.00;0.70;0.00000;36.17410;36.17410;0.00000;0.00
13;2020;1;22;0;0.00;0.70;17.31586;4.27691;11.74896;0.00000;0.02
17;2020;1;22;0;0.00;0.70;72.17611;1252.45691;37.01864;11.16188;0.14
19;2020;1;22;0;0.00;0.70;0.00000;0.15017;0.15017;0.00000;0.00
26;2020;1;22;0;0.00;0.70;178.56601;0.00000;85.87533;0.00000;0.43
2;2020;1;23;0;0.00;0.78;420.71005;6427.94727;128.42311;0.00000;0.53
4;2020;1;23;0;0.00;0.78;20.87889;3.54457;20.52644;0.00000;0.08
11;2020;1;23;0;0.00;0.78;63.35892;0.00000;31.08886;0.00000;0.17
13;2020;1;23;0;0.00;0.78;12.60825;2.36154;11.18713;0.00000;0.01
17;2020;1;23;0;0.00;0.78;71.20217;1206.60352;34.20695;6.06705;0.13
19;2020;1;23;0;0.00;0.78;0.26147;0.00000;0.12884;0.00000;0.00
26;2020;1;23;0;0.00;0.78;0.00000;89.84732;89.84732;0.00000;0.00
2;2020;1;24;0;0.00;0.58;413.76108;6122.02734;119.89269;0.00000;0.52
4;2020;1;24;0;0.00;0.58;18.86702;3.29207;19.16404;0.00000;0.07
11;2020;1;24;0;0.00;0.58;0.00000;32.32232;32.32232;0.00000;0.00
13;2020;1;24;0;0.00;0.58;10.21158;2.42707;10.57453;0.00000;0.01
17;2020;1;24;0;0.00;0.58;70.26566;1164.66113;31.77654;1.40679;0.12
19;2020;1;24;0;0.00;0.58;0.00000;0.13488;0.13488;0.00000;0.00
26;2020;1;24;0;0.00;0.58;160.32880;0.00000;77.00917;0.00000;0.39
2;2020;1;25;0;0.00;0.61;406.66074;5815.55322;112.49611;0.00000;0.51
4;2020;1;25;0;0.00;0.61;18.37852;2.25871;17.90148;0.00000;0.07
11;2020;1;25;0;0.00;0.61;57.56416;0.00000;28.13843;0.00000;0.16
13;2020;1;25;0;0.00;0.61;10.31128;1.73251;9.92884;0.00000;0.01
17;2020;1;25;0;0.00;0.61;69.38873;1122.87378;29.70175;0.00000;0.12
19;2020;1;25;0;0.00;0.61;0.23900;0.00000;0.11716;0.00000;0.00
26;2020;1;25;0;0.00;0.61;0.00000;80.82166;80.82166;0.00000;0.00
2;2020;1;26;0;1.47;0.17;399.31412;10408.73340;5307.07520;360.08145;0.95
4;2020;1;26;0;2.41;0.17;16.07803;345.94272;356.67209;0.00000;0.06
11;2020;1;26;0;6.26;0.17;0.00000;251.29388;251.29388;0.00000;0.00
13;2020;1;26;0;0.32;0.17;9.14831;332.11655;339.36539;0.00000;0.01
17;2020;1;26;0;0.33;0.17;68.49453;1878.03540;903.00409;80.67061;0.25
19;2020;1;26;0;0.09;0.17;0.00000;1.41082;1.41082;0.00000;0.00
26;2020;1;26;0;12.17;0.17;215.85468;856.24988;774.20819;0.00000;0.52
2;2020;1;27;0;0.60;0.19;490.97116;11867.96484;2452.38354;522.21826;1.27
4;2020;1;27;0;1.04;0.19;95.92136;417.91910;160.48779;0.00000;0.37
11;2020;1;27;0;2.69;0.19;198.17148;268.22498;172.64174;0.00000;0.55
13;2020;1;27;0;0.13;0.19;59.10525;430.25723;157.14917;0.00000;0.06
17;2020;1;27;0;0.14;0.19;82.21456;2160.00000;454.32855;90.31812;0.29
19;2020;1;27;0;0.04;0.19;0.99136;1.23828;0.82520;0.00000;0.01
26;2020;1;27;0;5.06;0.19;498.93265;1097.78467;535.01093;0.00000;1.21
2;2020;1;28;0;0.01;0.20;514.37775;11341.29980;456.23257;463.70001;1.23
4;2020;1;28;0;0.01;0.20;102.57816;361.91785;47.49424;0.00000;0.40
11;2020;1;28;0;0.03;0.20;202.81181;182.72905;118.80762;0.00000;0.56
13;2020;1;28;0;0.00;0.20;64.79468;386.80609;21.97951;0.00000;0.07
17;2020;1;28;0;0.00;0.20;86.40000;2160.00000;110.55997;23.31299;0.18
19;2020;1;28;0;0.00;0.20;0.94650;0.74536;0.46297;0.00000;0.01
26;2020;1;28;0;0.06;0.20;544.94189;778.23907;227.92476;0.00000;1.32
2;2020;1;29;0;0.00;0.41;506.15588;10812.74414;392.95612;404.97159;1.14
4;2020;1;29;0;0.00;0.41;97.47091;304.35626;41.90890;0.00000;0.38
11;2020;1;29;0;0.00;0.41;176.97870;116.48678;114.36710;0.00000;0.49
13;2020;1;29;0;0.00;0.41;62.39170;342.67148;19.53703;0.00000;0.07
17;2020;1;29;0;0.00;0.41;86.40000;2160.00000;93.81306;5.64062;0.15
19;2020;1;29;0;0.00;0.41;0.79043;0.38513;0.44642;0.00000;0.01
26;2020;1;29;0;0.00;0.41;482.29712;513.13208;227.08435;0.00000;1.17
2;2020;1;30;0;0.00;0.53;497.65308;10297.13965;342.95117;347.68222;1.06
4;2020;1;30;0;0.00;0.53;91.65806;248.84019;38.57678;0.00000;0.36
11;2020;1;30;0;0.00;0.53;150.83823;71.18471;109.54301;0.00000;0.42
13;2020;1;30;0;0.00;0.53;59.76533;299.36111;18.04257;0.00000;0.06
17;2020;1;30;0;0.00;0.53;86.40000;2055.02173;84.05244;100.33574;0.31
19;2020;1;30;0;0.00;0.53;0.62528;0.18101;0.43777;0.00000;0.01
26;2020;1;30;0;0.00;0.53;416.01071;308.30139;222.23090;0.00000;1.01
2;2020;1;31;0;0.00;0.62;489.09616;9800.74805;300.32562;292.52753;0.98
4;2020;1;31;0;0.00;0.62;85.33427;196.49130;35.61880;0.00000;0.33
11;2020;1;31;0;0.00;0.62;126.64404;45.74388;105.11143;0.00000;0.35
13;2020;1;31;0;0.00;0.62;56.96632;257.33749;16.70067;0.00000;0.06
17;2020;1;31;0;0.00;0.62;84.88538;1953.96387;75.55411;89.10709;0.29
19;2020;1;31;0;0.00;0.62;0.47827;0.11323;0.42524;0.00000;0.00
26;2020;1;31;0;0.00;0.62;347.18732;164.69131;214.29140;0.00000;0.84
2;2020;2;1;0;0.00;0.49;480.59286;9332.96680;265.10980;240.55185;0.90
4;2020;2;1;0;0.00;0.49;78.47125;149.55386;33.45166;0.00000;0.30
11;2020;2;1;0;0.00;0.49;108.24540;34.84515;99.99219;0.00000;0.30
13;2020;2;1;0;0.00;0.49;53.98817;217.69675;15.66690;0.00000;0.06
17;2020;2;1;0;0.00;0.49;83.37943;1858.86719;68.86131;78.54079;0.27
19;2020;2;1;0;0.00;0.49;0.40490;0.10643;0.40799;0.00000;0.00
26;2020;2;1;0;0.00;0.49;277.90802;87.31904;207.32782;0.00000;0.67
2;2020;2;2;0;0.00;0.63;472.32150;8890.32617;236.01297;191.36963;0.83
4;2020;2;2;0;0.00;0.63;71.22447;107.46295;31.38970;0.00000;0.28
11;2020;2;2;0;0.00;0.63;98.27750;27.76443;94.30988;0.00000;0.27
13;2020;2;2;0;0.00;0.63;50.87552;179.84674;14.63707;0.00000;0.05
17;2020;2;2;0;0.00;0.63;81.91570;1768.52441;62.67044;68.50271;0.25
19;2020;2;2;0;0.00;0.63;0.39609;0.08143;0.38364;0.00000;0.00
26;2020;2;2;0;0.00;0.63;221.86157;59.04344;200.61378;0.00000;0.54
2;2020;2;3;0;0.00;0.80;464.24466;8473.79883;211.44106;145.08878;0.76
4;2020;2;3;0;0.00;0.80;63.33966;71.23496;29.65413;0.00000;0.25
11;2020;2;3;0;0.00;0.80;90.66383;21.73901;88.27765;0.00000;0.25
13;2020;2;3;0;0.00;0.80;47.54046;144.14426;13.74627;0.00000;0.05
17;2020;2;3;0;0.00;0.80;80.47970;1682.83069;56.99763;58.98119;0.23
19;2020;2;3;0;0.00;0.80;0.36019;0.07148;0.36469;0.00000;0.00
26;2020;2;3;0;0.00;0.80;193.08910;49.75055;191.54678;0.00000;0.47
2;2020;2;4;0;0.00;0.63;456.40384;8091.54346;191.15816;102.61592;0.70
4;2020;2;4;0;0.00;0.63;54.73795;42.72701;27.95634;0.00000;0.21
11;2020;2;4;0;0.00;0.63;83.12234;18.60658;82.61145;0.00000;0.23
13;2020;2;4;0;0.00;0.63;43.94889;111.94641;13.13710;0.00000;0.05
17;2020;2;4;0;0.00;0.63;79.07318;1603.09546;51.95334;50.12172;0.22
19;2020;2;4;0;0.00;0.63;0.34390;0.06171;0.34498;0.00000;0.00
26;2020;2;4;0;0.00;0.63;181.70067;42.50212;180.18277;0.00000;0.44
2;2020;2;5;0;0.00;0.24;448.98627;7747.83936;175.02991;64.42661;0.64
4;2020;2;5;0;0.00;0.24;45.65479;23.12633;26.59515;0.00000;0.18
11;2020;2;5;0;0.00;0.24;78.65577;16.99313;77.97445;0.00000;0.22
13;2020;2;5;0;0.00;0.24;40.17682;83.79643;12.50296;0.00000;0.04
17;2020;2;5;0;0.00;0.24;77.72234;1530.20276;47.77322;42.02253;0.20
19;2020;2;5;0;0.00;0.24;0.32643;0.06021;0.32880;0.00000;0.00
26;2020;2;5;0;0.00;0.24;171.82263;39.01033;170.36707;0.00000;0.42
2;2020;2;6;0;0.00;0.37;442.12128;7430.10547;161.63324;29.12285;0.59
4;2020;2;6;0;0.00;0.37;36.71555;11.13982;25.40360;0.00000;0.14
11;2020;2;6;0;0.00;0.37;76.16349;13.39128;73.96095;0.00000;0.21
13;2020;2;6;0;0.00;0.37;36.25137;58.82545;11.94640;0.00000;0.04
17;2020;2;6;0;0.00;0.37;76.44896;1462.09937;44.20562;34.45548;0.18
19;2020;2;6;0;0.00;0.37;0.32359;0.04459;0.31391;0.00000;0.00
26;2020;2;6;0;0.00;0.37;166.67256;34.81139;165.53580;0.00000;0.40
2;2020;2;7;0;0.00;0.13;435.59805;7141.97803;150.19484;0.00000;0.55
4;2020;2;7;0;0.00;0.13;28.32959;6.91952;24.28646;0.00000;0.11
11;2020;2;7;0;0.00;0.13;69.98803;13.57701;70.61146;0.00000;0.19
13;2020;2;7;0;0.00;0.13;31.97259;38.10449;11.45159;0.00000;0.03
17;2020;2;7;0;0.00;0.13;75.22339;1399.91260;41.05302;27.54585;0.17
19;2020;2;7;0;0.00;0.13;0.29087;0.05419;0.30228;0.00000;0.00
26;2020;2;7;0;0.00;0.13;160.06909;32.85538;159.11415;0.00000;0.39
2;2020;2;8;0;0.00;0.14;429.52518;6849.94287;140.51593;0.00000;0.54
4;2020;2;8;0;0.00;0.14;23.92376;5.90257;23.07536;0.00000;0.09
11;2020;2;8;0;0.00;0.14;70.33108;10.14482;67.39436;0.00000;0.19
13;2020;2;8;0;0.00;0.14;27.40516;21.53268;11.02641;0.00000;0.03
17;2020;2;8;0;0.00;0.14;74.07169;1342.49805;38.34537;21.16644;0.16
19;2020;2;8;0;0.00;0.14;0.31171;0.02929;0.28900;0.00000;0.00
26;2020;2;8;0;0.00;0.14;156.81667;28.24139;153.30742;0.00000;0.38
2;2020;2;9;0;0.00;0.55;423.20642;6546.63037;131.46562;0.00000;0.53
4;2020;2;9;0;0.00;0.55;22.61120;4.32576;21.65265;0.00000;0.09
11;2020;2;9;0;0.00;0.55;63.41924;9.26165;64.27015;0.00000;0.17
13;2020;2;9;0;0.00;0.55;22.37898;9.14847;10.60668;0.00000;0.02
17;2020;2;9;0;0.00;0.55;72.97871;1288.13000;35.73182;15.12556;0.15
19;2020;2;9;0;0.00;0.55;0.25054;0.05138;0.27948;0.00000;0.00
26;2020;2;9;0;0.00;0.55;148.61502;22.66722;147.10448;0.00000;0.36
2;2020;2;10;0;0.00;0.52;416.45700;6242.37500;122.93053;0.00000;0.52
4;2020;2;10;0;0.00;0.52;20.24924;3.85086;20.29601;0.00000;0.08
11;2020;2;10;0;0.00;0.52;61.40155;6.78344;60.50518;0.00000;0.17
13;2020;2;10;0;0.00;0.52;16.51491;2.41661;10.20852;0.00000;0.02
17;2020;2;10;0;0.00;0.52;71.91556;1238.05249;33.25203;9.56139;0.14
19;2020;2;10;0;0.00;0.52;0.30500;0.00000;0.26150;0.00000;0.00
26;2020;2;10;0;0.00;0.52;137.45688;22.10854;140.43938;0.00000;0.33
2;2020;2;11;0;0.00;0.85;409.48068;5930.69189;115.09972;0.00000;0.51
4;2020;2;11;0;0.00;0.85;19.43036;2.50518;18.90568;0.00000;0.08
11;2020;2;11;0;0.00;0.85;54.97593;6.39315;56.90857;0.00000;0.15
13;2020;2;11;0;0.00;0.85;10.29549;1.50789;9.82179;0.00000;0.01
17;2020;2;11;0;0.00;0.85;70.91039;1190.79443;30.95897;4.31049;0.13
19;2020;2;11;0;0.00;0.85;0.00000;0.26321;0.26321;0.00000;0.00
26;2020;2;11;0;0.00;0.85;136.24454;12.94736;132.84019;0.00000;0.33
2;2020;2;12;0;0.00;0.53;402.10278;5625.83789;107.94527;0.00000;0.50
4;2020;2;12;0;0.00;0.53;16.68013;3.10103;17.71969;0.00000;0.06
11;2020;2;12;0;0.00;0.53;53.83157;4.38316;53.25356;0.00000;0.15
13;2020;2;12;0;0.00;0.53;8.70830;1.84535;9.27742;0.00000;0.01
17;2020;2;12;0;0.00;0.53;69.93747;1147.88550;28.88901;0.00000;0.12
19;2020;2;12;0;0.00;0.53;0.46833;0.00000;0.21965;0.00000;0.00
26;2020;2;12;0;0.00;0.53;112.67544;24.08685;126.81223;0.00000;0.27
2;2020;2;13;0;0.00;0.79;394.64044;5317.27734;101.72972;0.00000;0.50
4;2020;2;13;0;0.00;0.79;17.99261;0.89317;16.49826;0.00000;0.07
11;2020;2;13;0;0.00;0.79;47.08102;5.74078;50.30566;0.00000;0.13
13;2020;2;13;0;0.00;0.79;9.35554;0.82352;8.70471;0.00000;0.01
17;2020;2;13;0;0.00;0.79;69.03228;1103.18689;27.07114;0.00000;0.11
19;2020;2;13;0;0.00;0.79;0.00000;0.23387;0.23387;0.00000;0.00
26;2020;2;13;0;0.00;0.79;137.01483;0.00000;118.49771;0.00000;0.33
2;2020;2;14;0;0.00;0.27;386.81680;5021.47900;96.27248;0.00000;0.49
4;2020;2;14;0;0.00;0.27;11.56652;4.94779;15.77824;0.00000;0.04
11;2020;2;14;0;0.00;0.27;51.81361;0.53405;47.31064;0.00000;0.14
13;2020;2;14;0;0.00;0.27;7.02558;1.99648;8.29396;0.00000;0.01
17;2020;2;14;0;0.00;0.27;68.06580;1059.70581;25.50922;0.00000;0.11
19;2020;2;14;0;0.00;0.27;0.42423;0.00000;0.19748;0.00000;0.00
26;2020;2;14;0;0.00;0.27;0.00000;119.62232;119.62232;0.00000;0.00
2;2020;2;15;0;0.00;0.99;379.03680;4715.09277;91.43492;0.00000;0.48
4;2020;2;15;0;0.00;0.99;18.35166;0.00000;14.45642;0.00000;0.07
11;2020;2;15;0;0.00;0.99;22.30084;23.02599;45.89799;0.00000;0.06
13;2020;2;15;0;0.00;0.99;9.27117;0.00000;7.75148;0.00000;0.01
17;2020;2;15;0;0.00;0.99;67.10111;1013.33923;24.06007;0.00000;0.11
19;2020;2;15;0;0.00;0.99;0.00000;0.20973;0.20973;0.00000;0.00
26;2020;2;15;0;0.00;0.99;208.92111;0.00000;101.59391;0.00000;0.51
2;2020;2;16;0;0.00;1.15;370.65997;4409.32129;86.19056;0.00000;0.46
4;2020;2;16;0;0.00;1.15;0.00000;14.21963;14.21963;0.00000;0.00
11;2020;2;16;0;0.00;1.15;58.16795;0.00000;40.01747;0.00000;0.16
13;2020;2;16;0;0.00;1.15;0.00000;7.53801;7.53801;0.00000;0.00
17;2020;2;16;0;0.00;1.15;66.04383;965.98297;22.48301;0.00000;0.11
19;2020;2;16;0;0.00;1.15;0.35488;0.00000;0.17412;0.00000;0.00
26;2020;2;16;0;0.00;1.15;0.00000;105.59654;105.59654;0.00000;0.00
2;2020;2;17;0;0.00;0.44;361.94220;4121.17969;81.68408;0.00000;0.45
4;2020;2;17;0;0.00;0.44;25.81666;0.00000;12.26996;0.00000;0.10
11;2020;2;17;0;0.00;0.44;0.00000;40.55825;40.55825;0.00000;0.00
13;2020;2;17;0;0.00;0.44;13.89140;0.00000;6.68922;0.00000;0.01
17;2020;2;17;0;0.00;0.44;64.93127;920.82471;21.18729;0.00000;0.11
19;2020;2;17;0;0.00;0.44;0.00000;0.18248;0.18248;0.00000;0.00
26;2020;2;17;0;0.00;0.44;189.86307;0.00000;89.43639;0.00000;0.46
2;2020;2;18;0;0.00;1.39;353.36252;3821.53003;78.34543;0.00000;0.44
4;2020;2;18;0;0.00;1.39;0.00000;12.53459;12.53459;0.00000;0.00
11;2020;2;18;0;0.00;1.39;67.77090;0.00000;34.44285;0.00000;0.19
13;2020;2;18;0;0.00;1.39;0.00000;6.71732;6.71732;0.00000;0.00
17;2020;2;18;0;0.00;1.39;63.83707;872.52783;19.99018;0.00000;0.11
19;2020;2;18;0;0.00;1.39;0.30301;0.00000;0.15396;0.00000;0.00
26;2020;2;18;0;0.00;1.39;0.00000;93.14847;93.14847;0.00000;0.00
2;2020;2;19;0;0.00;0.40;344.01926;3544.55713;73.90675;0.00000;0.43
4;2020;2;19;0;0.00;0.40;22.79688;0.00000;10.85138;0.00000;0.09
11;2020;2;19;0;0.00;0.40;0.00000;35.44047;35.44047;0.00000;0.00
13;2020;2;19;0;0.00;0.40;12.40413;0.00000;5.98194;0.00000;0.01
17;2020;2;19;0;0.00;0.40;62.62782;827.49872;18.84759;0.00000;0.10
19;2020;2;19;0;0.00;0.40;0.00000;0.16001;0.16001;0.00000;0.00
26;2020;2;19;0;0.00;0.40;167.52708;0.00000;78.90556;0.00000;0.41
2;2020;2;20;0;0.00;0.29;334.95285;3275.46240;70.71646;0.00000;0.42
4;2020;2;20;0;0.00;0.29;0.00000;11.26094;11.26094;0.00000;0.00
11;2020;2;20;0;0.00;0.29;65.06793;0.00000;31.06154;0.00000;0.18
13;2020;2;20;0;0.00;0.29;0.00000;6.08264;6.08264;0.00000;0.00
17;2020;2;20;0;0.00;0.29;61.46084;783.22943;18.08300;0.00000;0.10
19;2020;2;20;0;0.00;0.29;0.29264;0.00000;0.13926;0.00000;0.00
26;2020;2;20;0;0.00;0.29;0.00000;83.76989;83.76989;0.00000;0.00
2;2020;2;21;0;0.00;0.92;325.69543;3004.08350;69.30912;0.00000;0.41
4;2020;2;21;0;0.00;0.92;19.88254;0.00000;9.93070;0.00000;0.08
11;2020;2;21;0;0.00;0.92;0.00000;32.48434;32.48434;0.00000;0.00
13;2020;2;21;0;0.00;0.92;10.91535;0.00000;5.49039;0.00000;0.01
17;2020;2;21;0;0.00;0.92;60.27291;737.46265;17.28063;0.00000;0.10
19;2020;2;21;0;0.00;0.92;0.00000;0.14673;0.14673;0.00000;0.00
26;2020;2;21;0;0.00;0.92;146.12192;0.00000;72.41553;0.00000;0.35
2;2020;2;22;0;0.00;0.68;315.84821;2742.07837;64.60034;0.00000;0.40
4;2020;2;22;0;0.00;0.68;0.00000;10.14705;10.14705;0.00000;0.00
11;2020;2;22;0;0.00;0.68;57.18177;0.00000;27.96227;0.00000;0.16
13;2020;2;22;0;0.00;0.68;0.00000;5.52666;5.52666;0.00000;0.00
17;2020;2;22;0;0.00;0.68;58.99834;692.88409;16.42917;0.00000;0.10
19;2020;2;22;0;0.00;0.68;0.25726;0.00000;0.12565;0.00000;0.00
26;2020;2;22;0;0.00;0.68;0.00000;75.17884;75.17884;0.00000;0.00
2;2020;2;23;0;0.00;1.18;305.78049;2482.31250;64.01058;0.00000;0.38
4;2020;2;23;0;0.00;1.18;17.44029;0.00000;8.90616;0.00000;0.07
11;2020;2;23;0;0.00;1.18;0.00000;28.74508;28.74508;0.00000;0.00
13;2020;2;23;0;0.00;1.18;9.68670;0.00000;4.97275;0.00000;0.01
17;2020;2;23;0;0.00;1.18;57.70682;647.39008;15.60899;0.00000;0.10
19;2020;2;23;0;0.00;1.18;0.00000;0.13021;0.13021;0.00000;0.00
26;2020;2;23;0;0.00;1.18;127.24087;0.00000;64.44334;0.00000;0.31
2;2020;2;24;0;1.05;0.89;295.16605;6019.27783;3819.41455;0.00000;0.37
4;2020;2;24;0;1.90;0.89;0.00000;284.20554;284.20554;0.00000;0.00
11;2020;2;24;0;4.86;0.89;91.78786;148.66194;178.64888;0.00000;0.25
13;2020;2;24;0;0.24;0.89;0.00000;259.34573;259.34573;0.00000;0.00
17;2020;2;24;0;0.25;0.89;56.33226;1260.43237;682.74310;12.04803;0.11
19;2020;2;24;0;0.07;0.89;0.42549;0.68084;0.99264;0.00000;0.00
26;2020;2;24;0;9.16;0.89;0.00000;628.93341;628.93341;0.00000;0.00
2;2020;2;25;0;0.29;0.78;404.22470;6773.93262;1164.67310;0.00000;0.51
4;2020;2;25;0;0.51;0.78;89.45612;271.46048;76.35455;0.00000;0.35
11;2020;2;25;0;1.32;0.78;164.47960;98.03606;102.09938;0.00000;0.45
13;2020;2;25;0;0.07;0.78;54.13736;268.03894;64.63954;0.00000;0.06
17;2020;2;25;0;0.07;0.78;71.36279;1379.20361;217.75037;25.24485;0.16
19;2020;2;25;0;0.02;0.78;0.76543;0.36780;0.48099;0.00000;0.01
26;2020;2;25;0;2.47;0.78;447.17349;508.64594;252.07582;0.00000;1.08
2;2020;2;26;0;0.02;0.39;421.53342;6581.91650;237.08420;0.00000;0.53
4;2020;2;26;0;0.03;0.39;88.01096;207.38422;25.41721;0.00000;0.34
11;2020;2;26;0;0.09;0.39;141.88179;28.20050;73.80170;0.00000;0.39
13;2020;2;26;0;0.00;0.39;54.77469;227.08321;14.87478;0.00000;0.06
17;2020;2;26;0;0.00;0.39;73.68086;1341.89441;58.89033;21.09938;0.16
19;2020;2;26;0;0.00;0.39;0.61514;0.06277;0.32213;0.00000;0.01
26;2020;2;26;0;0.17;0.39;414.71597;249.83868;158.28273;0.00000;1.00
2;2020;2;27;0;0.19;0.51;417.25241;6995.97949;835.13916;0.00000;0.52
4;2020;2;27;0;0.31;0.51;79.98870;184.70615;57.26572;0.00000;0.31
11;2020;2;27;0;0.81;0.51;91.16678;41.84900;100.95169;0.00000;0.25
13;2020;2;27;0;0.04;0.51;51.64363;219.96054;45.65257;0.00000;0.05
17;2020;2;27;0;0.04;0.51;72.96706;1395.49243;155.21069;27.05471;0.17
19;2020;2;27;0;0.01;0.51;0.32839;0.19923;0.47286;0.00000;0.00
26;2020;2;27;0;1.56;0.51;322.21707;203.09805;241.65390;0.00000;0.78
2;2020;2;28;0;0.00;0.33;426.38751;6744.55029;181.89034;0.00000;0.53
4;2020;2;28;0;0.00;0.33;76.76710;130.32481;23.63371;0.00000;0.30
11;2020;2;28;0;0.00;0.33;104.87942;17.48460;82.21996;0.00000;0.29
13;2020;2;28;0;0.00;0.33;51.06269;180.12212;12.05436;0.00000;0.05
17;2020;2;28;0;0.00;0.33;73.98859;1347.42065;48.83299;21.71340;0.16
19;2020;2;28;0;0.00;0.33;0.49483;0.03745;0.34110;0.00000;0.00
26;2020;2;28;0;0.00;0.33;299.37582;63.81557;164.96007;0.00000;0.72
2;2020;2;29;0;0.00;0.22;420.88345;6486.73682;167.69322;0.00000;0.53
4;2020;2;29;0;0.00;0.22;67.82845;84.45483;22.70356;0.00000;0.26
11;2020;2;29;0;0.00;0.22;76.93825;19.57465;79.87346;0.00000;0.21
13;2020;2;29;0;0.00;0.22;47.56629;143.55147;11.51816;0.00000;0.05
17;2020;2;29;0;0.00;0.22;73.07359;1302.00110;45.12354;16.66678;0.15
19;2020;2;29;0;0.00;0.22;0.27338;0.10309;0.34203;0.00000;0.00
26;2020;2;29;0;0.00;0.22;198.49066;29.14975;166.00525;0.00000;0.48
2;2020;3;1;0;0.00;0.62;415.10049;6213.90771;155.04483;0.00000;0.52
4;2020;3;1;0;0.00;0.62;58.14772;46.28303;21.76524;0.00000;0.23
11;2020;3;1;0;0.00;0.62;80.08478;12.01866;74.99316;0.00000;0.22
13;2020;3;1;0;0.00;0.62;43.88464;109.30475;10.98834;0.00000;0.05
17;2020;3;1;0;0.00;0.62;72.18951;1257.57104;41.71112;11.73011;0.14
19;2020;3;1;0;0.00;0.62;0.39164;0.01602;0.31662;0.00000;0.00
26;2020;3;1;0;0.00;0.62;150.29456;35.92033;161.69002;0.00000;0.36
2;2020;3;2;0;0.00;1.18;408.81683;5923.65723;142.71803;0.00000;0.51
4;2020;3;2;0;0.00;1.18;46.96896;17.25289;20.71363;0.00000;0.18
11;2020;3;2;0;0.00;1.18;67.35219;10.84747;70.16000;0.00000;0.19
13;2020;3;2;0;0.00;1.18;39.83767;77.53598;10.42242;0.00000;0.04
17;2020;3;2;0;0.00;1.18;71.30524;1213.46082;38.23642;6.82898;0.13
19;2020;3;2;0;0.00;1.18;0.20225;0.11062;0.30880;0.00000;0.00
26;2020;3;2;0;0.00;1.18;161.86090;16.49640;151.99931;0.00000;0.39
2;2020;3;3;0;0.92;0.53;401.93344;8734.20117;3366.43066;174.02237;0.72
4;2020;3;3;0;1.54;0.53;33.08877;214.12459;226.59901;0.00000;0.13
11;2020;3;3;0;3.99;0.53;64.94492;172.02847;206.27428;0.00000;0.18
13;2020;3;3;0;0.20;0.53;35.26579;229.63312;187.72427;0.00000;0.04
17;2020;3;3;0;0.20;0.53;70.40717;1642.65430;554.82190;54.51715;0.21
19;2020;3;3;0;0.05;0.53;0.40157;0.72570;1.02549;0.00000;0.00
26;2020;3;3;0;7.23;0.53;122.79366;565.98846;601.54224;0.00000;0.30
2;2020;3;4;0;1.27;0.31;461.33405;12497.18945;4774.69531;592.13214;1.32
4;2020;3;4;0;2.12;0.31;80.90206;500.39597;354.12335;0.00000;0.31
11;2020;3;4;0;5.51;0.31;173.22795;768.40741;692.82178;0.00000;0.48
13;2020;3;4;0;0.28;0.31;51.84875;510.84930;332.65012;0.00000;0.05
17;2020;3;4;0;0.30;0.31;78.39781;2160.00000;893.55878;298.52686;0.63
19;2020;3;4;0;0.08;0.31;0.78297;5.49433;5.55856;0.00000;0.01
26;2020;3;4;0;10.85;0.31;430.74374;3706.41431;3188.46045;0.00000;1.04
2;2020;3;5;0;0.02;0.46;523.89777;12032.11816;610.48590;540.45764;1.34
4;2020;3;5;0;0.03;0.46;109.35082;439.45270;50.62585;0.00000;0.42
11;2020;3;5;0;0.09;0.46;294.68088;624.03558;154.96178;0.00000;0.81
13;2020;3;5;0;0.00;0.46;68.86655;464.01331;23.59579;0.00000;0.07
17;2020;3;5;0;0.00;0.46;86.40000;2160.00000;133.50928;45.14624;0.22
19;2020;3;5;0;0.00;0.46;1.60631;4.29856;0.44747;0.00000;0.01
26;2020;3;5;0;0.16;0.46;839.33392;3054.21899;195.12878;0.00000;2.03
2;2020;3;6;0;0.01;0.22;516.89215;11506.70605;478.95984;482.07843;1.25
4;2020;3;6;0;0.01;0.22;104.42406;379.62109;45.63597;0.00000;0.40
11;2020;3;6;0;0.03;0.22;273.69574;499.32755;151.25214;0.00000;0.76
13;2020;3;6;0;0.00;0.22;66.55543;417.46527;20.73593;0.00000;0.07
17;2020;3;6;0;0.00;0.22;86.40000;2160.00000;113.20435;25.85864;0.19
19;2020;3;6;0;0.00;0.22;1.47228;3.26318;0.45317;0.00000;0.01
26;2020;3;6;0;0.06;0.22;783.60522;2462.28662;196.56805;0.00000;1.90
2;2020;3;7;0;0.00;0.76;508.76410;10967.23633;410.85196;422.13739;1.17
4;2020;3;7;0;0.00;0.76;99.13737;316.85138;40.15186;0.00000;0.38
11;2020;3;7;0;0.00;0.76;252.87012;377.81564;141.01050;0.00000;0.70
13;2020;3;7;0;0.00;0.76;64.10417;368.74167;17.82753;0.00000;0.07
17;2020;3;7;0;0.00;0.76;86.40000;2160.00000;95.65264;5.95483;0.15
19;2020;3;7;0;0.00;0.76;1.33507;2.31251;0.43537;0.00000;0.01
26;2020;3;7;0;0.00;0.76;725.91345;1896.72144;188.05704;0.00000;1.76
2;2020;3;8;0;0.02;1.16;500.16559;10473.95996;402.51074;367.32892;1.09
4;2020;3;8;0;0.04;1.16;92.97654;260.33313;41.54411;0.00000;0.36
11;2020;3;8;0;0.11;1.16;229.03795;271.78207;134.32263;0.00000;0.63
13;2020;3;8;0;0.01;1.16;61.34137;324.46381;20.61033;0.00000;0.06
17;2020;3;8;0;0.01;1.16;86.40000;2160.00000;98.36005;6.96460;0.16
19;2020;3;8;0;0.00;1.16;1.18145;1.49670;0.43432;0.00000;0.01
26;2020;3;8;0;0.18;1.16;661.68781;1396.29126;189.99754;0.00000;1.60
2;2020;3;9;0;2.56;1.78;492.06116;13440.00098;10676.27344;7279.42480;9.75
4;2020;3;9;0;4.44;1.78;86.71301;1217.20032;1019.22736;0.00000;0.34
11;2020;3;9;0;11.44;1.78;203.76251;3096.59180;2852.48364;0.00000;0.56
13;2020;3;9;0;0.57;1.78;58.61816;984.58728;721.19623;0.00000;0.06
17;2020;3;9;0;0.58;1.78;86.40000;2160.00000;2400.16602;2310.25830;3.99
19;2020;3;9;0;0.16;1.78;1.01238;12.89245;12.48480;0.00000;0.01
26;2020;3;9;0;21.15;1.78;593.51404;7765.94385;5969.91797;0.00000;1.44
2;2020;3;10;0;0.79;0.49;537.59998;13440.00098;4241.81396;3726.73145;5.35
4;2020;3;10;0;1.33;0.49;149.92068;1364.95667;284.72333;0.00000;0.58
11;2020;3;10;0;3.44;0.49;483.30212;3486.92456;746.82440;0.00000;1.33
13;2020;3;10;0;0.17;0.49;86.92891;1107.19482;210.39224;0.00000;0.09
17;2020;3;10;0;0.18;0.49;86.40000;2160.00000;869.03033;781.81885;1.45
19;2020;3;10;0;0.05;0.49;2.17430;13.84412;3.16989;0.00000;0.02
26;2020;3;10;0;6.52;0.49;1091.36169;8800.26855;1559.37878;0.00000;2.64
2;2020;3;11;0;0.01;0.34;537.59998;13440.00098;832.41125;286.27344;1.03
4;2020;3;11;0;0.03;0.34;156.14360;1248.66943;42.07575;0.00000;0.61
11;2020;3;11;0;0.08;0.34;504.10498;3093.00977;115.30433;0.00000;1.39
13;2020;3;11;0;0.00;0.34;90.62698;1035.64392;20.58933;0.00000;0.09
17;2020;3;11;0;0.00;0.34;86.40000;2160.00000;132.16194;44.31934;0.22
19;2020;3;11;0;0.00;0.34;2.22997;11.93512;0.35875;0.00000;0.02
26;2020;3;11;0;0.13;0.34;1140.89246;7808.79590;156.26115;0.00000;2.76
2;2020;3;12;0;0.14;0.82;537.59998;13440.00098;1132.89600;579.60254;1.40
4;2020;3;12;0;0.36;0.82;151.28528;1169.31763;73.64561;0.00000;0.59
11;2020;3;12;0;0.80;0.82;483.10358;2753.68774;131.53822;0.00000;1.33
13;2020;3;12;0;0.04;0.82;88.50305;987.80371;44.04252;0.00000;0.09
17;2020;3;12;0;0.04;0.82;86.40000;2160.00000;206.98236;117.28223;0.34
19;2020;3;12;0;0.01;0.82;2.11556;10.16729;0.43329;0.00000;0.02
26;2020;3;12;0;1.22;0.82;1093.49548;6976.71143;195.56212;0.00000;2.65
2;2020;3;13;0;1.20;1.01;537.59998;13440.00098;5206.30811;4695.23535;6.56
4;2020;3;13;0;1.11;1.01;147.79997;1221.98999;194.30038;0.00000;0.57
11;2020;3;13;0;3.39;1.01;463.58099;3023.28906;625.61322;0.00000;1.28
13;2020;3;13;0;0.20;1.01;87.02961;1118.57751;220.75703;0.00000;0.09
17;2020;3;13;0;0.22;1.01;86.40000;2160.00000;887.99841;798.79517;1.47
19;2020;3;13;0;0.06;1.01;1.99853;12.03072;3.95237;0.00000;0.02
26;2020;3;13;0;8.75;1.01;1050.62244;8639.72949;2000.87952;0.00000;2.54
2;2020;3;14;0;0.02;0.40;537.59998;13440.00098;854.20764;306.89453;1.06
4;2020;3;14;0;0.01;0.40;150.12982;1109.92456;40.92899;0.00000;0.58
11;2020;3;14;0;0.02;0.40;479.20944;2654.34717;118.83128;0.00000;1.32
13;2020;3;14;0;0.00;0.40;90.95664;1044.50073;18.67463;0.00000;0.10
17;2020;3;14;0;0.00;0.40;86.40000;2160.00000;124.88767;36.78296;0.21
19;2020;3;14;0;0.00;0.40;2.12156;10.23586;0.36871;0.00000;0.02
26;2020;3;14;0;0.05;0.40;1133.46045;7643.06201;154.64342;0.00000;2.74
2;2020;3;15;0;0.00;0.43;537.59998;13440.00098;648.22180;98.97461;0.80
4;2020;3;15;0;0.00;0.43;145.09015;998.97864;37.28778;0.00000;0.56
11;2020;3;15;0;0.00;0.43;457.57391;2301.77832;114.91893;0.00000;1.26
13;2020;3;15;0;0.00;0.43;88.77099;970.65784;16.85144;0.00000;0.09
17;2020;3;15;0;0.00;0.43;86.40000;2160.00000;107.90012;19.62817;0.18
19;2020;3;15;0;0.00;0.43;2.00331;8.55742;0.36827;0.00000;0.02
26;2020;3;15;0;0.00;0.43;1085.19995;6688.66064;154.31076;0.00000;2.63
2;2020;3;16;0;0.00;1.01;537.59998;12788.62891;538.01202;624.51434;1.46
4;2020;3;16;0;0.00;1.01;139.76619;886.16583;34.04310;0.00000;0.54
11;2020;3;16;0;0.00;1.01;435.00073;1953.12097;108.40905;0.00000;1.20
13;2020;3;16;0;0.00;1.01;86.49033;895.23438;15.45416;0.00000;0.09
17;2020;3;16;0;0.00;1.01;86.40000;2160.00000;94.58309;3.80054;0.15
19;2020;3;16;0;0.00;1.01;1.87991;6.94267;0.36052;0.00000;0.02
26;2020;3;16;0;0.00;1.01;1035.01440;5751.95459;150.80942;0.00000;2.50
2;2020;3;17;0;0.25;0.93;528.20251;13440.00098;1312.04260;119.21094;0.81
4;2020;3;17;0;0.40;0.93;133.94563;822.63586;72.09752;0.00000;0.52
11;2020;3;17;0;1.06;0.93;410.36255;1696.73596;136.78423;0.00000;1.13
13;2020;3;17;0;0.06;0.93;84.04218;862.22705;54.53827;0.00000;0.09
17;2020;3;17;0;0.06;0.93;86.40000;2160.00000;233.04811;143.06396;0.38
19;2020;3;17;0;0.02;0.93;1.74541;5.65368;0.53490;0.00000;0.01
26;2020;3;17;0;2.11;0.93;981.04010;5146.54443;248.56464;0.00000;2.37
2;2020;3;18;0;0.01;0.56;537.59998;12730.72363;461.23260;618.08038;1.45
4;2020;3;18;0;0.01;0.56;130.45480;722.75775;34.14330;0.00000;0.51
11;2020;3;18;0;0.02;0.56;390.36703;1407.56458;111.39424;0.00000;1.08
13;2020;3;18;0;0.00;0.56;82.92887;793.74091;16.75888;0.00000;0.09
17;2020;3;18;0;0.00;0.56;86.40000;2160.00000;94.29662;5.48682;0.15
19;2020;3;18;0;0.00;0.56;1.62269;4.38117;0.39567;0.00000;0.01
26;2020;3;18;0;0.09;0.56;943.06445;4349.27588;165.37782;0.00000;2.28
2;2020;3;19;0;0.00;1.05;527.35229;12032.97852;397.75244;540.55310;1.34
4;2020;3;19;0;0.00;1.05;124.59624;622.26935;30.62695;0.00000;0.48
11;2020;3;19;0;0.00;1.05;365.31537;1127.87378;104.73848;0.00000;1.01
13;2020;3;19;0;0.00;1.05;80.52796;723.18610;14.18649;0.00000;0.08
17;2020;3;19;0;0.00;1.05;86.40000;2047.84216;78.30044;99.53801;0.31
19;2020;3;19;0;0.00;1.05;1.48226;3.19730;0.37595;0.00000;0.01
26;2020;3;19;0;0.00;1.05;888.36774;3570.40161;155.97467;0.00000;2.15
2;2020;3;20;0;0.41;2.36;516.90527;12562.71094;1689.38574;599.41229;1.40
4;2020;3;20;0;0.66;2.36;118.14793;592.88354;96.25961;0.00000;0.46
11;2020;3;20;0;1.72;2.36;337.68835;946.42780;147.84242;0.00000;0.93
13;2020;3;20;0;0.09;2.36;77.91038;715.79639;79.15068;0.00000;0.08
17;2020;3;20;0;0.09;2.36;84.77998;2160.00000;314.04156;107.73755;0.32
19;2020;3;20;0;0.03;2.36;1.32544;2.41880;0.70076;0.00000;0.01
26;2020;3;20;0;3.38;2.36;828.26819;3200.17749;322.33331;0.00000;2.00
2;2020;3;21;0;0.02;0.41;524.87115;11917.76172;417.84653;527.75128;1.32
4;2020;3;21;0;0.02;0.41;116.13639;509.62091;35.03583;0.00000;0.45
11;2020;3;21;0;0.06;0.41;317.30447;741.34625;117.09644;0.00000;0.88
13;2020;3;21;0;0.00;0.41;77.62683;654.15253;17.56575;0.00000;0.08
17;2020;3;21;0;0.00;0.41;86.40000;2058.40747;87.28152;100.71194;0.31
19;2020;3;21;0;0.00;0.41;1.20045;1.63599;0.44233;0.00000;0.01
26;2020;3;21;0;0.11;0.41;796.69879;2575.58618;181.49619;0.00000;1.93
2;2020;3;22;0;0.02;0.54;515.14288;11317.32129;388.67233;461.03574;1.22
4;2020;3;22;0;0.03;0.54;110.06223;430.66672;33.75882;0.00000;0.43
11;2020;3;22;0;0.09;0.54;290.95425;558.87964;114.22051;0.00000;0.80
13;2020;3;22;0;0.00;0.54;75.18452;594.73865;17.75965;0.00000;0.08
17;2020;3;22;0;0.00;0.54;84.93501;1962.60620;81.44798;90.06736;0.29
19;2020;3;22;0;0.00;0.54;1.04487;1.00410;0.44089;0.00000;0.01
26;2020;3;22;0;0.15;0.54;737.59882;2007.85852;180.30811;0.00000;1.79
2;2020;3;23;0;0.03;0.70;505.77576;10785.40039;392.20016;401.93341;1.14
4;2020;3;23;0;0.05;0.70;103.67812;357.36172;33.58082;0.00000;0.40
11;2020;3;23;0;0.13;0.70;263.18896;400.79285;111.52924;0.00000;0.73
13;2020;3;23;0;0.01;0.70;72.68569;538.04932;18.49956;0.00000;0.08
17;2020;3;23;0;0.01;0.70;83.51015;1877.67859;82.08823;80.63096;0.27
19;2020;3;23;0;0.00;0.70;0.87863;0.53560;0.44072;0.00000;0.01
26;2020;3;23;0;0.24;0.70;675.19873;1505.05750;182.32101;0.00000;1.63
2;2020;3;24;0;0.47;0.89;497.20596;11669.71875;1884.41602;500.19092;1.25
4;2020;3;24;0;0.75;0.89;97.03355;373.34491;111.28665;0.00000;0.38
11;2020;3;24;0;1.96;0.89;233.88866;363.41815;168.76982;0.00000;0.65
13;2020;3;24;0;0.10;0.89;70.14647;556.53937;91.17378;0.00000;0.07
17;2020;3;24;0;0.10;0.89;82.20901;2031.89856;337.14203;97.76650;0.30
19;2020;3;24;0;0.03;0.89;0.70294;0.67684;0.87384;0.00000;0.01
26;2020;3;24;0;3.85;0.89;609.53015;1470.28040;406.39056;0.00000;1.48
2;2020;3;25;0;0.00;1.42;511.31110;11038.69922;346.79254;430.07773;1.18
4;2020;3;25;0;0.00;1.42;98.55243;300.69495;32.92269;0.00000;0.38
11;2020;3;25;0;0.00;1.42;225.90077;247.26718;125.84151;0.00000;0.62
13;2020;3;25;0;0.00;1.42;70.99287;496.17169;15.68226;0.00000;0.07
17;2020;3;25;0;0.00;1.42;84.54510;1930.71570;75.90861;86.52396;0.28
19;2020;3;25;0;0.00;1.42;0.76384;0.35716;0.49856;0.00000;0.01
26;2020;3;25;0;0.00;1.42;604.49280;1025.64307;202.91565;0.00000;1.46
2;2020;3;26;0;0.01;1.56;501.32007;10444.38574;309.96835;364.04288;1.09
4;2020;3;26;0;0.01;1.56;91.26512;232.87589;30.50542;0.00000;0.35
11;2020;3;26;0;0.02;1.56;197.03838;152.74936;117.52313;0.00000;0.54
13;2020;3;26;0;0.00;1.56;68.15755;438.09692;15.39921;0.00000;0.07
17;2020;3;26;0;0.00;1.56;83.02591;1833.82507;68.36947;75.75834;0.26
19;2020;3;26;0;0.00;1.56;0.60876;0.17298;0.47211;0.00000;0.01
26;2020;3;26;0;0.04;1.56;531.95001;648.77466;194.67844;0.00000;1.29
2;2020;3;27;0;0.18;1.03;491.56744;10421.90039;848.44434;361.54443;1.07
4;2020;3;27;0;0.29;1.03;83.34921;208.09406;60.84202;0.00000;0.32
11;2020;3;27;0;0.75;1.03;166.07089;125.69866;137.12239;0.00000;0.46
13;2020;3;27;0;0.04;1.03;65.21133;413.68146;43.93101;0.00000;0.07
17;2020;3;27;0;0.04;1.03;81.52225;1834.25928;161.67401;75.80659;0.26
19;2020;3;27;0;0.01;1.03;0.47063;0.28487;0.60622;0.00000;0.00
26;2020;3;27;0;1.45;1.03;452.13116;501.55783;273.44971;0.00000;1.09
2;2020;3;28;0;0.00;1.32;491.19153;9864.56250;265.89917;299.61807;0.99
4;2020;3;28;0;0.00;1.32;80.08578;152.16771;29.44655;0.00000;0.31
11;2020;3;28;0;0.00;1.32;154.96902;72.66858;112.16968;0.00000;0.43
13;2020;3;28;0;0.00;1.32;63.89732;359.47879;13.91301;0.00000;0.07
17;2020;3;28;0;0.00;1.32;81.52911;1744.23962;62.69620;65.80441;0.25
19;2020;3;28;0;0.00;1.32;0.56180;0.12798;0.44200;0.00000;0.00
26;2020;3;28;0;0.00;1.32;412.65521;254.62497;192.96501;0.00000;1.00
2;2020;3;29;0;0.54;0.50;481.70132;11054.03809;2093.49268;431.78204;1.15
4;2020;3;29;0;0.85;0.50;71.66389;216.28726;132.47163;0.00000;0.28
11;2020;3;29;0;2.23;0.50;127.57493;152.23486;186.58096;0.00000;0.35
13;2020;3;29;0;0.11;0.50;60.78988;403.98270;106.23180;0.00000;0.06
17;2020;3;29;0;0.12;0.50;80.08565;1939.22168;363.74533;87.46908;0.28
19;2020;3;29;0;0.03;0.50;0.42288;0.65580;0.96012;0.00000;0.00
26;2020;3;29;0;4.35;0.50;324.39490;532.31995;492.57111;0.00000;0.79
2;2020;3;30;0;1.29;0.56;501.56726;13440.00098;4834.99414;1987.04883;3.12
4;2020;3;30;0;2.05;0.56;81.19118;511.83206;365.15613;0.00000;0.31
11;2020;3;30;0;5.36;0.56;165.87213;1114.17896;1058.39734;0.00000;0.46
13;2020;3;30;0;0.28;0.56;63.36144;665.68610;325.39639;0.00000;0.07
17;2020;3;30;0;0.29;0.56;83.15557;2160.00000;941.00781;636.71069;1.20
19;2020;3;30;0;0.08;0.56;0.75532;6.66027;6.77616;0.00000;0.01
26;2020;3;30;0;10.50;0.56;421.46756;3967.34985;3499.47119;0.00000;1.02
2;2020;3;31;0;0.41;0.80;537.59998;13440.00098;2059.77393;1519.22949;2.58
4;2020;3;31;0;0.64;0.80;110.23151;558.36584;155.31323;0.00000;0.43
11;2020;3;31;0;1.67;0.80;336.22711;1227.89124;416.57431;0.00000;0.93
13;2020;3;31;0;0.11;0.80;75.65242;731.21191;143.50101;0.00000;0.08
17;2020;3;31;0;0.13;0.80;86.40000;2160.00000;625.34265;536.42212;1.04
19;2020;3;31;0;0.04;0.80;1.71987;7.50009;2.62340;0.00000;0.01
26;2020;3;31;0;4.79;0.80;859.85095;4724.93994;1308.60083;0.00000;2.08
2;2020;4;1;0;0.00;0.80;537.59998;13440.00098;630.38318;71.18848;0.76
4;2020;4;1;0;0.00;0.80;113.68964;486.13101;46.02164;0.00000;0.44
11;2020;4;1;0;0.00;0.80;348.02838;1008.26965;142.38686;0.00000;0.96
13;2020;4;1;0;0.00;0.80;78.21622;669.00598;19.15218;0.00000;0.08
17;2020;4;1;0;0.00;0.80;86.40000;2160.00000;120.91174;31.04102;0.20
19;2020;4;1;0;0.00;0.80;1.79393;6.04520;0.41109;0.00000;0.01
26;2020;4;1;0;0.00;0.80;914.88123;3953.18677;179.87843;0.00000;2.21
2;2020;4;2;0;0.01;1.00;537.59998;12783.58691;531.87177;623.95410;1.46
4;2020;4;2;0;0.01;1.00;108.23391;416.02060;43.47882;0.00000;0.42
11;2020;4;2;0;0.02;1.00;324.51465;805.26190;137.16956;0.00000;0.90
13;2020;4;2;0;0.00;1.00;75.78614;608.90887;19.48353;0.00000;0.08
17;2020;4;2;0;0.00;1.00;86.40000;2160.00000;113.02358;22.30103;0.18
19;2020;4;2;0;0.00;1.00;1.66172;4.71872;0.41862;0.00000;0.01
26;2020;4;2;0;0.09;1.00;858.76001;3242.20728;184.62460;0.00000;2.08
2;2020;4;3;0;0.57;0.76;528.12860;13440.00098;2451.25952;1271.98340;2.26
4;2020;4;3;0;0.93;0.76;102.41251;464.96759;147.32439;0.00000;0.40
11;2020;4;3;0;2.42;0.76;299.62238;822.64392;267.88132;0.00000;0.83
13;2020;4;3;0;0.11;0.76;73.29578;636.79254;103.27454;0.00000;0.08
17;2020;4;3;0;0.11;0.76;86.40000;2160.00000;381.89267;292.99707;0.63
19;2020;4;3;0;0.03;0.76;1.52183;4.19309;1.04999;0.00000;0.01
26;2020;4;3;0;3.91;0.76;800.39746;3230.16650;557.70074;0.00000;1.94
2;2020;4;4;0;0.01;1.89;537.59998;12789.69434;562.20251;624.63269;1.46
4;2020;4;4;0;0.02;1.89;106.53722;396.56937;48.03879;0.00000;0.41
11;2020;4;4;0;0.05;1.89;301.90240;644.87695;151.45999;0.00000;0.83
13;2020;4;4;0;0.00;1.89;74.47008;576.00562;20.70489;0.00000;0.08
17;2020;4;4;0;0.00;1.89;86.40000;2160.00000;110.97801;16.42896;0.17
19;2020;4;4;0;0.00;1.89;1.45935;3.05383;0.45785;0.00000;0.01
26;2020;4;4;0;0.04;1.89;799.34094;2553.58545;195.30765;0.00000;1.93
2;2020;4;5;0;0.01;0.89;528.21814;12141.12598;455.51199;552.56952;1.36
4;2020;4;5;0;0.01;0.89;100.68643;333.99973;42.53199;0.00000;0.39
11;2020;4;5;0;0.02;0.89;276.90622;497.75522;141.59088;0.00000;0.76
13;2020;4;5;0;0.00;0.89;71.86458;520.45837;19.51093;0.00000;0.08
17;2020;4;5;0;0.00;0.89;86.40000;2160.00000;100.32523;10.08887;0.16
19;2020;4;5;0;0.00;0.89;1.30402;2.14493;0.45320;0.00000;0.01
26;2020;4;5;0;0.09;0.89;735.35614;1985.30835;194.48978;0.00000;1.78
2;2020;4;6;0;0.02;2.05;518.54968;11507.88770;419.97202;482.20978;1.26
4;2020;4;6;0;0.03;2.05;94.73251;270.46158;40.69641;0.00000;0.37
11;2020;4;6;0;0.07;2.05;252.58719;352.48434;131.73503;0.00000;0.70
13;2020;4;6;0;0.00;2.05;69.32362;463.24771;19.20188;0.00000;0.07
17;2020;4;6;0;0.00;2.05;86.40000;2056.97900;92.76688;100.55322;0.31
19;2020;4;6;0;0.00;2.05;1.15032;1.30879;0.43205;0.00000;0.01
26;2020;4;6;0;0.13;2.05;672.49707;1437.27917;186.04478;0.00000;1.63
2;2020;4;7;0;0.00;2.10;508.78268;10869.87305;335.54486;411.31924;1.15
4;2020;4;7;0;0.00;2.10;87.89586;207.45425;34.12386;0.00000;0.34
11;2020;4;7;0;0.00;2.10;223.46437;224.07059;118.53027;0.00000;0.62
13;2020;4;7;0;0.00;2.10;66.51643;404.77811;15.03579;0.00000;0.07
17;2020;4;7;0;0.00;2.10;84.91408;1948.04333;73.34956;88.44926;0.29
19;2020;4;7;0;0.00;2.10;0.96529;0.64029;0.39823;0.00000;0.01
26;2020;4;7;0;0.00;2.10;599.64105;942.74042;168.10732;0.00000;1.45
2;2020;4;8;0;0.00;1.23;498.58481;10283.24316;288.69397;346.13809;1.06
4;2020;4;8;0;0.00;1.23;79.99828;153.77953;31.23366;0.00000;0.31
11;2020;4;8;0;0.00;1.23;190.26730;130.89075;108.76561;0.00000;0.53
13;2020;4;8;0;0.00;1.23;63.40570;351.49088;14.01016;0.00000;0.07
17;2020;4;8;0;0.00;1.23;83.28966;1848.00696;65.69946;77.33411;0.27
19;2020;4;8;0;0.00;1.23;0.74893;0.22491;0.37952;0.00000;0.01
26;2020;4;8;0;0.00;1.23;516.27026;556.37744;161.59471;0.00000;1.25
2;2020;4;9;0;0.13;0.32;488.86172;10157.96484;698.23907;332.21835;1.03
4;2020;4;9;0;0.21;0.32;71.93244;135.27705;53.33358;0.00000;0.28
11;2020;4;9;0;0.54;0.32;157.21170;99.97865;121.71172;0.00000;0.43
13;2020;4;9;0;0.03;0.32;60.30690;328.13480;37.75857;0.00000;0.06
17;2020;4;9;0;0.03;0.32;81.74549;1831.78259;142.13161;75.53139;0.26
19;2020;4;9;0;0.01;0.32;0.51660;0.20754;0.50705;0.00000;0.00
26;2020;4;9;0;1.19;0.32;428.13293;387.05017;223.27423;0.00000;1.04
2;2020;4;10;0;0.18;0.77;486.73920;10158.96680;831.67072;332.32959;1.03
4;2020;4;10;0;0.28;0.77;68.73240;128.16463;62.66632;0.00000;0.27
11;2020;4;10;0;0.73;0.77;142.87347;102.36629;142.07596;0.00000;0.39
13;2020;4;10;0;0.04;0.77;58.85273;312.34897;45.14043;0.00000;0.06
17;2020;4;10;0;0.04;0.77;81.49001;1835.12415;163.59126;75.90269;0.26
19;2020;4;10;0;0.01;0.77;0.50206;0.23025;0.54361;0.00000;0.00
26;2020;4;10;0;1.49;0.77;376.38556;291.16266;248.10231;0.00000;0.91
2;2020;4;11;0;0.02;0.94;486.75632;9686.74023;316.35052;279.86005;0.96
4;2020;4;11;0;0.04;0.94;67.42719;91.73414;33.96075;0.00000;0.26
11;2020;4;11;0;0.09;0.94;144.07547;65.10555;112.45158;0.00000;0.40
13;2020;4;11;0;0.00;0.94;57.83166;269.03336;17.21263;0.00000;0.06
17;2020;4;11;0;0.00;0.94;81.54275;1752.42786;69.36512;66.71421;0.25
19;2020;4;11;0;0.00;0.94;0.52091;0.10662;0.42170;0.00000;0.00
26;2020;4;11;0;0.13;0.94;340.20932;128.17892;189.46263;0.00000;0.82
2;2020;4;12;0;0.00;2.31;478.60083;9163.85059;232.66136;221.76114;0.88
4;2020;4;12;0;0.00;2.31;59.87958;53.79932;28.84973;0.00000;0.23
11;2020;4;12;0;0.00;2.31;122.69379;31.70560;103.44218;0.00000;0.34
13;2020;4;12;0;0.00;2.31;54.84674;220.94089;13.07887;0.00000;0.06
17;2020;4;12;0;0.00;2.31;80.21891;1662.81201;56.61032;56.75690;0.23
19;2020;4;12;0;0.00;2.31;0.39635;0.04889;0.38433;0.00000;0.00
26;2020;4;12;0;0.00;2.31;254.24947;17.03024;172.41934;0.00000;0.62
2;2020;4;13;0;0.76;1.94;469.26538;11065.11816;2819.20532;433.01309;1.13
4;2020;4;13;0;1.22;1.94;49.54624;188.38925;183.89575;0.00000;0.19
11;2020;4;13;0;3.20;1.94;95.03809;172.46985;219.70419;0.00000;0.26
13;2020;4;13;0;0.16;1.94;51.14337;313.57318;148.05914;0.00000;0.05
17;2020;4;13;0;0.16;1.94;78.73798;1961.41602;473.85016;89.93510;0.28
19;2020;4;13;0;0.04;1.94;0.30053;0.74773;1.02741;0.00000;0.00
26;2020;4;13;0;5.98;1.94;124.18981;505.11731;562.47223;0.00000;0.30
2;2020;4;14;0;0.48;0.74;501.74567;12012.30664;1985.46729;538.25623;1.30
4;2020;4;14;0;0.77;0.74;77.30703;242.70558;129.49185;0.00000;0.30
11;2020;4;14;0;2.02;0.74;173.38559;238.29456;216.38936;0.00000;0.48
13;2020;4;14;0;0.10;0.74;57.91202;357.58011;103.56342;0.00000;0.06
17;2020;4;14;0;0.10;0.74;83.49217;2160.00000;346.77466;62.34521;0.24
19;2020;4;14;0;0.03;0.74;0.79132;0.85579;0.92668;0.00000;0.01
26;2020;4;14;0;3.82;0.74;413.69241;771.22968;563.24182;0.00000;1.00
2;2020;4;15;0;0.01;0.63;516.58984;11417.08594;409.52393;472.12070;1.24
4;2020;4;15;0;0.01;0.63;84.58147;198.25768;42.73492;0.00000;0.33
11;2020;4;15;0;0.02;0.63;194.46997;188.11848;150.03969;0.00000;0.54
13;2020;4;15;0;0.00;0.63;60.67571;315.98013;20.98138;0.00000;0.06
17;2020;4;15;0;0.00;0.63;86.40000;2160.00000;91.97651;2.86328;0.15
19;2020;4;15;0;0.00;0.63;0.83017;0.54379;0.54429;0.00000;0.01
26;2020;4;15;0;0.04;0.63;480.75061;512.11493;235.02124;0.00000;1.16
2;2020;4;16;0;0.03;0.88;507.35394;10911.68750;438.88995;415.96524;1.16
4;2020;4;16;0;0.05;0.88;78.72095;160.96298;44.55519;0.00000;0.31
11;2020;4;16;0;0.14;0.88;178.81429;146.91406;143.41695;0.00000;0.49
13;2020;4;16;0;0.01;0.88;58.06943;281.51361;26.12708;0.00000;0.06
17;2020;4;16;0;0.01;0.88;86.40000;2160.00000;107.09334;16.94800;0.17
19;2020;4;16;0;0.00;0.88;0.70673;0.39372;0.58776;0.00000;0.01
26;2020;4;16;0;0.40;0.88;415.71780;352.46289;260.75555;0.00000;1.01
2;2020;4;17;0;0.04;0.82;499.26480;10448.88281;419.78043;364.54248;1.08
4;2020;4;17;0;0.06;0.82;73.10771;128.94812;43.69378;0.00000;0.28
11;2020;4;17;0;0.16;0.82;163.79048;118.66885;139.98671;0.00000;0.45
13;2020;4;17;0;0.01;0.82;55.73674;246.45146;22.91868;0.00000;0.06
17;2020;4;17;0;0.01;0.82;86.40000;2057.00391;87.44373;100.55598;0.31
19;2020;4;17;0;0.00;0.82;0.63019;0.27121;0.53332;0.00000;0.01
26;2020;4;17;0;0.22;0.82;364.08401;223.83130;243.64783;0.00000;0.88
2;2020;4;18;0;0.00;1.66;491.64264;9898.58691;285.45074;303.39853;1.00
4;2020;4;18;0;0.00;1.66;67.57323;89.28413;33.50397;0.00000;0.26
11;2020;4;18;0;0.00;1.66;151.83524;76.89476;122.63237;0.00000;0.42
13;2020;4;18;0;0.00;1.66;53.16613;205.07994;16.19651;0.00000;0.06
17;2020;4;18;0;0.00;1.66;84.91444;1944.55042;67.55265;88.06116;0.29
19;2020;4;18;0;0.00;1.66;0.55209;0.14965;0.47624;0.00000;0.00
26;2020;4;18;0;0.00;1.66;309.88617;105.42877;217.14073;0.00000;0.75
2;2020;4;19;0;0.03;1.34;482.29047;9463.15234;332.99030;255.01689;0.92
4;2020;4;19;0;0.04;1.34;59.30692;62.00721;35.77724;0.00000;0.23
11;2020;4;19;0;0.12;1.34;130.16078;55.73026;116.43186;0.00000;0.36
13;2020;4;19;0;0.01;1.34;49.80864;173.39502;21.42683;0.00000;0.05
17;2020;4;19;0;0.01;1.34;83.23662;1857.79102;80.41132;78.42123;0.27
19;2020;4;19;0;0.00;1.34;0.44703;0.15111;0.47833;0.00000;0.00
26;2020;4;19;0;0.31;1.34;237.21234;83.67862;225.25748;0.00000;0.57
2;2020;4;20;0;0.14;1.07;474.64978;9409.26758;689.61841;249.02969;0.91
4;2020;4;20;0;0.22;1.07;52.10755;65.45551;57.37672;0.00000;0.20
11;2020;4;20;0;0.59;1.07;116.10526;63.93391;124.85149;0.00000;0.32
13;2020;4;20;0;0.03;1.07;46.92792;167.83301;43.75248;0.00000;0.05
17;2020;4;20;0;0.04;1.07;81.89886;1844.72266;149.94270;76.96919;0.26
19;2020;4;20;0;0.01;1.07;0.44858;0.23802;0.55919;0.00000;0.00
26;2020;4;20;0;1.36;1.07;218.53296;159.34256;281.11584;0.00000;0.53
2;2020;4;21;0;0.16;1.43;473.68860;9412.80566;753.94067;249.42285;0.91
4;2020;4;21;0;0.26;1.43;53.11829;71.30826;61.60571;0.00000;0.21
11;2020;4;21;0;0.68;1.43;121.90541;68.31537;128.05429;0.00000;0.34
13;2020;4;21;0;0.04;1.43;46.38794;165.05406;46.77466;0.00000;0.05
17;2020;4;21;0;0.04;1.43;81.69389;1838.47241;157.27650;76.27470;0.26
19;2020;4;21;0;0.01;1.43;0.52709;0.28725;0.61344;0.00000;0.00
26;2020;4;21;0;1.45;1.43;274.66986;183.00107;284.72388;0.00000;0.66
2;2020;4;22;0;0.04;0.61;473.75183;9067.43750;352.17209;211.04863;0.86
4;2020;4;22;0;0.06;0.61;54.75794;52.26593;37.07858;0.00000;0.21
11;2020;4;22;0;0.17;0.61;124.80783;51.31844;109.83324;0.00000;0.34
13;2020;4;22;0;0.01;0.61;46.11381;140.17191;22.59347;0.00000;0.05
17;2020;4;22;0;0.01;0.61;81.59552;1767.18933;81.07352;68.35437;0.25
19;2020;4;22;0;0.00;0.61;0.56346;0.17080;0.46395;0.00000;0.00
26;2020;4;22;0;0.34;0.61;288.50482;116.06757;222.11028;0.00000;0.70
2;2020;4;23;0;0.02;1.31;467.50684;8681.46973;279.35425;168.16328;0.80
4;2020;4;23;0;0.03;1.31;49.04026;32.50455;32.34083;0.00000;0.19
11;2020;4;23;0;0.09;1.31;112.75541;34.81612;102.77077;0.00000;0.31
13;2020;4;23;0;0.01;1.31;43.51507;113.50573;19.66759;0.00000;0.05
17;2020;4;23;0;0.01;1.31;80.45812;1693.30298;71.92051;60.14478;0.23
19;2020;4;23;0;0.00;1.31;0.46851;0.12226;0.45048;0.00000;0.00
26;2020;4;23;0;0.27;1.31;245.44733;70.30232;210.09604;0.00000;0.59
2;2020;4;24;0;0.00;1.63;460.34338;8257.04980;194.37996;121.00557;0.73
4;2020;4;24;0;0.00;1.63;41.43138;14.51007;26.80747;0.00000;0.16
11;2020;4;24;0;0.00;1.63;98.24844;25.41045;96.83558;0.00000;0.27
13;2020;4;24;0;0.00;1.63;40.37459;83.40726;13.56071;0.00000;0.04
17;2020;4;24;0;0.00;1.63;79.24751;1608.07593;51.14252;50.67510;0.22
19;2020;4;24;0;0.00;1.63;0.41607;0.06664;0.39431;0.00000;0.00
26;2020;4;24;0;0.00;1.63;205.43030;34.41412;186.25447;0.00000;0.50
2;2020;4;25;0;0.00;2.84;452.22501;7838.01660;171.86247;74.44629;0.66
4;2020;4;25;0;0.00;2.84;31.11637;3.57679;24.60216;0.00000;0.12
11;2020;4;25;0;0.00;2.84;87.85687;11.04857;85.97223;0.00000;0.24
13;2020;4;25;0;0.00;2.84;36.19151;54.68643;12.61052;0.00000;0.04
17;2020;4;25;0;0.00;2.84;77.80797;1523.21350;45.24168;41.24595;0.20
19;2020;4;25;0;0.00;2.84;0.33545;0.04658;0.36302;0.00000;0.00
26;2020;4;25;0;0.00;2.84;159.41824;22.60382;170.24817;0.00000;0.39
2;2020;4;26;0;0.00;1.94;443.94119;7469.96240;152.48524;33.55137;0.60
4;2020;4;26;0;0.00;1.94;18.92772;5.25377;22.44003;0.00000;0.07
11;2020;4;26;0;0.00;1.94;65.36980;15.65504;76.31486;0.00000;0.18
13;2020;4;26;0;0.00;1.94;31.15516;32.18816;11.67785;0.00000;0.03
17;2020;4;26;0;0.00;1.94;76.32483;1446.67542;39.92928;32.74171;0.18
19;2020;4;26;0;0.00;1.94;0.29539;0.04899;0.32645;0.00000;0.00
26;2020;4;26;0;0.00;1.94;137.32027;27.70926;155.74095;0.00000;0.33
2;2020;4;27;0;0.00;1.06;436.42609;7149.00977;138.63211;0.00000;0.55
4;2020;4;27;0;0.00;1.06;21.69562;2.54834;20.14145;0.00000;0.08
11;2020;4;27;0;0.00;1.06;73.97803;5.78231;68.03088;0.00000;0.20
13;2020;4;27;0;0.00;1.06;25.81186;16.00578;10.99917;0.00000;0.03
17;2020;4;27;0;0.00;1.06;74.94073;1378.67639;36.10472;25.18627;0.17
19;2020;4;27;0;0.00;1.06;0.30074;0.03047;0.29818;0.00000;0.00
26;2020;4;27;0;0.00;1.06;147.61490;14.79101;142.52969;0.00000;0.36
2;2020;4;28;0;0.00;2.08;429.67523;6801.43848;126.77824;0.00000;0.54
4;2020;4;28;0;0.00;2.08;16.78157;2.51833;18.49639;0.00000;0.07
11;2020;4;28;0;0.00;2.08;51.94637;10.85004;62.41510;0.00000;0.14
13;2020;4;28;0;0.00;2.08;20.14240;4.14010;10.37097;0.00000;0.02
17;2020;4;28;0;0.00;2.08;73.67085;1312.29675;32.76186;17.81075;0.15
19;2020;4;28;0;0.00;2.08;0.25408;0.02493;0.27496;0.00000;0.00
26;2020;4;28;0;0.00;2.08;118.12803;16.85295;132.47205;0.00000;0.29
2;2020;4;29;0;0.00;3.43;422.14026;6420.68799;113.80120;0.00000;0.53
4;2020;4;29;0;0.00;3.43;15.87563;0.00000;16.22383;0.00000;0.06
11;2020;4;29;0;0.00;3.43;52.18583;0.00000;52.47699;0.00000;0.14
13;2020;4;29;0;0.00;3.43;11.64231;0.00000;9.64014;0.00000;0.01
17;2020;4;29;0;0.00;3.43;72.39164;1246.05652;29.01966;10.45072;0.14
19;2020;4;29;0;0.00;3.43;0.22471;0.00000;0.24036;0.00000;0.00
26;2020;4;29;0;0.00;3.43;111.58676;0.00000;115.95759;0.00000;0.27
2;2020;4;30;0;0.10;0.83;413.59515;6406.00244;412.80618;0.00000;0.52
4;2020;4;30;0;0.15;0.83;0.00000;37.37440;37.37440;0.00000;0.00
11;2020;4;30;0;0.40;0.83;0.00000;62.75985;62.75985;0.00000;0.00
13;2020;4;30;0;0.02;0.83;0.00000;31.53189;31.53189;0.00000;0.00
17;2020;4;30;0;0.02;0.83;71.07279;1246.40784;84.73780;10.48976;0.14
19;2020;4;30;0;0.01;0.83;0.00000;0.30685;0.30685;0.00000;0.00
26;2020;4;30;0;0.84;0.83;0.00000;159.06519;159.06519;0.00000;0.00
2;2020;5;1;0;0.22;1.49;413.25909;6807.53125;837.95636;0.00000;0.52
4;2020;5;1;0;0.33;1.49;43.53633;48.30700;56.51221;0.00000;0.17
11;2020;5;1;0;0.87;1.49;121.10599;12.56785;71.15739;0.00000;0.33
13;2020;5;1;0;0.07;1.49;25.62380;79.55498;75.40776;0.00000;0.03
17;2020;5;1;0;0.09;1.49;71.07990;1398.77698;255.65201;27.41967;0.16
19;2020;5;1;0;0.02;1.49;0.57683;0.18629;0.49815;0.00000;0.00
26;2020;5;1;0;3.25;1.49;274.50006;211.50528;273.03821;0.00000;0.66
2;2020;5;2;0;0.00;3.65;422.27441;6425.89307;117.67003;0.00000;0.53
4;2020;5;2;0;0.00;3.65;47.68803;6.27421;14.35474;0.00000;0.18
11;2020;5;2;0;0.00;3.65;47.75133;0.00000;47.66666;0.00000;0.13
13;2020;5;2;0;0.00;3.65;35.58907;47.10423;9.63068;0.00000;0.04
17;2020;5;2;0;0.00;3.65;74.05036;1326.21509;34.35437;19.35723;0.16
19;2020;5;2;0;0.00;3.65;0.34627;0.00000;0.24813;0.00000;0.00
26;2020;5;2;0;0.00;3.65;272.58777;0.00000;116.48831;0.00000;0.66
2;2020;5;3;0;0.01;4.00;413.71417;6067.84961;137.93797;0.00000;0.52
4;2020;5;3;0;0.02;4.00;17.24921;0.00000;15.55838;0.00000;0.07
11;2020;5;3;0;0.05;4.00;0.00000;42.73722;42.73722;0.00000;0.00
13;2020;5;3;0;0.00;4.00;29.54747;23.79419;12.13319;0.00000;0.03
17;2020;5;3;0;0.00;4.00;72.66327;1267.90002;41.71938;12.87778;0.14
19;2020;5;3;0;0.00;4.00;0.00000;0.24458;0.24458;0.00000;0.00
26;2020;5;3;0;0.18;4.00;0.00000;120.77625;120.77625;0.00000;0.00
2;2020;5;4;0;0.01;1.04;405.37955;5752.19727;110.61757;0.00000;0.51
4;2020;5;4;0;0.01;1.04;0.00000;13.79403;13.79403;0.00000;0.00
11;2020;5;4;0;0.02;1.04;70.44370;0.00000;32.99416;0.00000;0.19
13;2020;5;4;0;0.00;1.04;23.18659;8.45829;9.05416;0.00000;0.02
17;2020;5;4;0;0.00;1.04;71.51259;1215.51465;29.89598;7.05719;0.13
19;2020;5;4;0;0.00;1.04;0.39735;0.00000;0.18043;0.00000;0.00
26;2020;5;4;0;0.04;1.04;198.19255;0.00000;89.44965;0.00000;0.48
2;2020;5;5;0;0.00;1.97;397.76440;5404.51074;89.17574;0.00000;0.50
4;2020;5;5;0;0.00;1.97;21.47708;0.00000;10.68714;0.00000;0.08
11;2020;5;5;0;0.00;1.97;0.00000;32.75611;32.75611;0.00000;0.00
13;2020;5;5;0;0.00;1.97;14.71865;0.00000;7.83909;0.00000;0.02
17;2020;5;5;0;0.00;1.97;70.44944;1161.89758;24.85698;1.09973;0.12
19;2020;5;5;0;0.00;1.97;0.00000;0.18481;0.18481;0.00000;0.00
26;2020;5;5;0;0.00;1.97;0.00000;92.14075;92.14075;0.00000;0.00
2;2020;5;6;0;0.00;2.15;389.05768;5056.37305;82.75992;0.00000;0.49
4;2020;5;6;0;0.00;2.15;0.00000;10.55118;10.55118;0.00000;0.00
11;2020;5;6;0;0.00;2.15;48.98637;0.00000;26.56976;0.00000;0.14
13;2020;5;6;0;0.00;2.15;0.00000;7.68531;7.68531;0.00000;0.00
17;2020;5;6;0;0.00;2.15;69.33024;1107.72998;22.61855;0.00000;0.12
19;2020;5;6;0;0.00;2.15;0.28133;0.00000;0.14834;0.00000;0.00
26;2020;5;6;0;0.00;2.15;142.11845;0.00000;74.29665;0.00000;0.34
2;2020;5;7;0;0.00;3.01;379.96973;4696.55957;77.28397;0.00000;0.48
4;2020;5;7;0;0.00;3.01;15.15627;0.00000;8.78309;0.00000;0.06
11;2020;5;7;0;0.00;3.01;0.00000;25.34908;25.34908;0.00000;0.00
13;2020;5;7;0;0.00;3.01;11.90884;0.00000;6.55757;0.00000;0.01
17;2020;5;7;0;0.00;3.01;68.16518;1049.71631;20.40005;0.00000;0.11
19;2020;5;7;0;0.00;3.01;0.00000;0.14368;0.14368;0.00000;0.00
26;2020;5;7;0;0.00;3.01;0.00000;71.71793;71.71793;0.00000;0.00
2;2020;5;8;0;0.14;0.93;370.14215;4844.99805;531.55182;0.00000;0.46
4;2020;5;8;0;0.22;0.93;0.00000;40.91476;40.91476;0.00000;0.00
11;2020;5;8;0;0.59;0.93;63.91671;0.00000;38.36943;0.00000;0.18
13;2020;5;8;0;0.03;0.93;0.00000;36.27651;36.27651;0.00000;0.00
17;2020;5;8;0;0.03;0.93;66.87589;1072.69165;92.81513;0.00000;0.11
19;2020;5;8;0;0.01;0.93;0.33785;0.00000;0.21446;0.00000;0.00
26;2020;5;8;0;1.05;0.93;196.92409;0.00000;116.68594;0.00000;0.48
2;2020;5;9;0;0.01;0.84;374.25336;4546.33545;91.22569;0.00000;0.47
4;2020;5;9;0;0.01;0.84;44.95776;3.43956;9.34806;0.00000;0.17
11;2020;5;9;0;0.02;0.84;0.00000;24.75740;24.75740;0.00000;0.00
13;2020;5;9;0;0.00;0.84;26.93105;15.45977;7.24935;0.00000;0.03
17;2020;5;9;0;0.00;0.84;67.39185;1025.45935;22.99979;0.00000;0.11
19;2020;5;9;0;0.00;0.84;0.00000;0.14049;0.14049;0.00000;0.00
26;2020;5;9;0;0.04;0.84;0.00000;70.82890;70.82890;0.00000;0.00
2;2020;5;10;0;0.01;1.50;365.89532;4240.69043;87.47109;0.00000;0.46
4;2020;5;10;0;0.01;1.50;11.63469;0.00000;9.57858;0.00000;0.05
11;2020;5;10;0;0.02;1.50;39.80124;0.00000;21.38999;0.00000;0.11
13;2020;5;10;0;0.00;1.50;19.89575;1.19181;7.11530;0.00000;0.02
17;2020;5;10;0;0.00;1.50;66.32316;976.03546;21.85780;0.00000;0.11
19;2020;5;10;0;0.00;1.50;0.22746;0.00000;0.11968;0.00000;0.00
26;2020;5;10;0;0.04;1.50;116.88708;0.00000;60.72366;0.00000;0.28
2;2020;5;11;0;0.00;1.39;356.96661;3927.99634;69.10979;0.00000;0.45
4;2020;5;11;0;0.00;1.39;0.00000;8.24596;8.24596;0.00000;0.00
11;2020;5;11;0;0.00;1.39;0.00000;20.99345;20.99345;0.00000;0.00
13;2020;5;11;0;0.00;1.39;6.53882;0.00000;5.90439;0.00000;0.01
17;2020;5;11;0;0.00;1.39;65.17033;923.98773;17.65712;0.00000;0.11
19;2020;5;11;0;0.00;1.39;0.00000;0.11749;0.11749;0.00000;0.00
26;2020;5;11;0;0.00;1.39;0.00000;59.04519;59.04519;0.00000;0.00
2;2020;5;12;0;0.01;1.70;347.39136;3646.60547;95.25076;0.00000;0.44
4;2020;5;12;0;0.02;1.70;15.64988;0.00000;9.53250;0.00000;0.06
11;2020;5;12;0;0.05;1.70;33.21933;0.00000;18.89132;0.00000;0.09
13;2020;5;12;0;0.00;1.70;0.00000;7.35381;7.35381;0.00000;0.00
17;2020;5;12;0;0.00;1.70;63.91483;874.12836;19.48836;0.00000;0.11
19;2020;5;12;0;0.00;1.70;0.18486;0.00000;0.10227;0.00000;0.00
26;2020;5;12;0;0.04;1.70;95.43531;0.00000;52.11536;0.00000;0.23
2;2020;5;13;0;0.00;2.68;338.34476;3325.81934;62.83509;0.00000;0.42
4;2020;5;13;0;0.00;2.68;0.00000;7.13171;7.13171;0.00000;0.00
11;2020;5;13;0;0.00;2.68;0.00000;18.09568;18.09568;0.00000;0.00
13;2020;5;13;0;0.00;2.68;10.29199;0.00000;4.98333;0.00000;0.01
17;2020;5;13;0;0.00;2.68;62.66858;818.30914;15.23553;0.00000;0.10
19;2020;5;13;0;0.00;2.68;0.00000;0.09655;0.09655;0.00000;0.00
26;2020;5;13;0;0.00;2.68;0.00000;48.65095;48.65095;0.00000;0.00
2;2020;5;14;0;0.00;3.62;327.46417;3000.03271;60.89301;0.00000;0.41
4;2020;5;14;0;0.00;3.62;8.77369;0.00000;6.01477;0.00000;0.03
11;2020;5;14;0;0.00;3.62;18.62914;0.00000;14.61697;0.00000;0.05
13;2020;5;14;0;0.00;3.62;0.00000;4.79575;4.79575;0.00000;0.00
17;2020;5;14;0;0.00;3.62;61.21768;759.76843;13.74709;0.00000;0.10
19;2020;5;14;0;0.00;3.62;0.10361;0.00000;0.07626;0.00000;0.00
26;2020;5;14;0;0.00;3.62;54.64072;0.00000;38.58722;0.00000;0.13
2;2020;5;15;0;0.16;0.93;315.69696;3270.75293;596.88458;0.00000;0.40
4;2020;5;15;0;0.25;0.93;0.00000;41.64042;41.64042;0.00000;0.00
11;2020;5;15;0;0.66;0.93;0.00000;34.66192;34.66192;0.00000;0.00
13;2020;5;15;0;0.04;0.93;13.13128;33.68959;42.59374;0.00000;0.01
17;2020;5;15;0;0.04;0.93;59.62573;821.88519;124.30367;0.00000;0.10
19;2020;5;15;0;0.01;0.93;0.00000;0.22994;0.22994;0.00000;0.00
26;2020;5;15;0;1.58;0.93;0.00000;129.98639;129.98639;0.00000;0.00
2;2020;5;16;0;1.23;1.81;325.52911;7317.46094;4384.92871;16.60679;0.43
4;2020;5;16;0;1.97;1.81;45.23920;255.23271;255.49052;0.00000;0.18
11;2020;5;16;0;5.15;1.81;98.09376;135.97986;166.18100;0.00000;0.27
13;2020;5;16;0;0.25;1.81;26.23299;245.90022;240.26244;0.00000;0.03
17;2020;5;16;0;0.25;1.81;61.31251;1403.42041;675.02484;27.93561;0.15
19;2020;5;16;0;0.07;1.81;0.52066;0.58120;0.91590;0.00000;0.00
26;2020;5;16;0;9.27;1.81;255.51639;583.04675;534.18060;0.00000;0.62
2;2020;5;17;0;0.00;2.88;433.24225;6984.13916;162.25885;0.00000;0.54
4;2020;5;17;0;0.00;2.88;86.10609;170.51305;13.77605;0.00000;0.33
11;2020;5;17;0;0.00;2.88;146.36502;0.00000;33.31440;0.00000;0.40
13;2020;5;17;0;0.00;2.88;53.12388;195.17401;10.04154;0.00000;0.06
17;2020;5;17;0;0.00;2.88;74.13752;1336.03027;37.86274;20.44781;0.16
19;2020;5;17;0;0.00;2.88;0.65632;0.00000;0.17925;0.00000;0.01
26;2020;5;17;0;0.00;2.88;435.30811;171.60625;86.50314;0.00000;1.05
2;2020;5;18;0;0.00;2.61;426.13120;6645.96582;143.61430;0.00000;0.53
4;2020;5;18;0;0.00;2.61;74.61890;98.71793;12.56966;0.00000;0.29
11;2020;5;18;0;0.00;2.61;0.00000;33.29819;33.29819;0.00000;0.00
13;2020;5;18;0;0.00;2.61;48.94092;149.05942;9.21843;0.00000;0.05
17;2020;5;18;0;0.00;2.61;72.85371;1273.45117;33.28469;13.49458;0.14
19;2020;5;18;0;0.00;2.61;0.00000;0.18169;0.18169;0.00000;0.00
26;2020;5;18;0;0.00;2.61;215.76477;0.00000;80.98955;0.00000;0.52
2;2020;5;19;0;0.00;3.31;418.68921;6285.39258;127.49156;0.00000;0.53
4;2020;5;19;0;0.00;3.31;61.45967;38.56673;11.49212;0.00000;0.24
11;2020;5;19;0;0.00;3.31;43.18328;0.00000;25.90892;0.00000;0.12
13;2020;5;19;0;0.00;3.31;44.47512;105.65472;8.43979;0.00000;0.05
17;2020;5;19;0;0.00;3.31;71.62358;1212.52637;29.29175;6.72516;0.13
19;2020;5;19;0;0.00;3.31;0.24213;0.00000;0.13980;0.00000;0.00
26;2020;5;19;0;0.00;3.31;0.00000;78.78697;78.78697;0.00000;0.00
2;2020;5;20;0;0.00;5.00;410.48013;5883.65723;111.40467;0.00000;0.51
4;2020;5;20;0;0.00;5.00;37.85428;0.00000;10.29794;0.00000;0.15
11;2020;5;20;0;0.00;5.00;0.00000;23.26397;23.26397;0.00000;0.00
13;2020;5;20;0;0.00;5.00;39.36026;64.00868;7.55812;0.00000;0.04
17;2020;5;20;0;0.00;5.00;70.38792;1149.70020;25.16566;0.00000;0.12
19;2020;5;20;0;0.00;5.00;0.00000;0.12639;0.12639;0.00000;0.00
26;2020;5;20;0;0.00;5.00;83.91809;0.00000;58.62942;0.00000;0.20
2;2020;5;21;0;0.00;5.77;400.96783;5462.60449;95.68668;0.00000;0.50
4;2020;5;21;0;0.00;5.77;0.00000;9.53788;9.53788;0.00000;0.00
11;2020;5;21;0;0.00;5.77;16.33760;0.00000;17.65813;0.00000;0.05
13;2020;5;21;0;0.00;5.77;32.94551;28.16888;6.61806;0.00000;0.03
17;2020;5;21;0;0.00;5.77;69.07099;1081.73376;21.04754;0.00000;0.11
19;2020;5;21;0;0.00;5.77;0.09365;0.00000;0.08882;0.00000;0.00
26;2020;5;21;0;0.00;5.77;0.00000;49.85701;49.85701;0.00000;0.00
2;2020;5;22;0;0.00;7.01;390.53714;5017.55908;82.43359;0.00000;0.49
4;2020;5;22;0;0.00;7.01;7.27663;0.00000;7.13987;0.00000;0.03
11;2020;5;22;0;0.00;7.01;0.00000;14.38851;14.38851;0.00000;0.00
13;2020;5;22;0;0.00;7.01;24.61821;0.64621;5.72793;0.00000;0.03
17;2020;5;22;0;0.00;7.01;67.59296;1007.72650;17.28716;0.00000;0.11
19;2020;5;22;0;0.00;7.01;0.00000;0.07332;0.07332;0.00000;0.00
26;2020;5;22;0;0.00;7.01;20.50325;0.00000;34.40803;0.00000;0.05
2;2020;5;23;0;0.00;2.61;378.93173;4660.64209;71.51910;0.00000;0.48
4;2020;5;23;0;0.00;2.61;0.00000;6.36317;6.36317;0.00000;0.00
11;2020;5;23;0;0.00;2.61;18.37406;0.00000;13.36507;0.00000;0.05
13;2020;5;23;0;0.00;2.61;5.12836;0.00000;5.32429;0.00000;0.01
17;2020;5;23;0;0.00;2.61;65.91375;947.87622;14.67465;0.00000;0.11
19;2020;5;23;0;0.00;2.61;0.08202;0.00000;0.05404;0.00000;0.00
26;2020;5;23;0;0.00;2.61;0.00000;29.31065;29.31065;0.00000;0.00
2;2020;5;24;0;0.00;5.80;369.13486;4250.14990;65.71303;0.00000;0.46
4;2020;5;24;0;0.00;5.80;5.13308;0.00000;5.50575;0.00000;0.02
11;2020;5;24;0;0.00;5.80;0.00000;11.44231;11.44231;0.00000;0.00
13;2020;5;24;0;0.00;5.80;0.00000;4.83706;4.83706;0.00000;0.00
17;2020;5;24;0;0.00;5.80;64.49658;877.74359;13.07168;0.00000;0.11
19;2020;5;24;0;0.00;5.80;0.00000;0.04962;0.04962;0.00000;0.00
26;2020;5;24;0;0.00;5.80;10.46092;0.00000;24.82963;0.00000;0.03
2;2020;5;25;0;0.03;3.41;357.24908;3970.59009;137.82150;0.00000;0.45
4;2020;5;25;0;0.04;3.41;0.00000;11.07139;11.07139;0.00000;0.00
11;2020;5;25;0;0.12;3.41;13.74467;0.00000;12.94572;0.00000;0.04
13;2020;5;25;0;0.00;3.41;10.89480;0.00000;8.29989;0.00000;0.01
17;2020;5;25;0;0.00;3.41;62.76046;824.42694;20.13145;0.00000;0.10
19;2020;5;25;0;0.00;3.41;0.04982;0.00000;0.05171;0.00000;0.00
26;2020;5;25;0;0.13;3.41;0.00000;27.95237;27.95237;0.00000;0.00
2;2020;5;26;0;0.00;9.06;348.72391;3521.73340;57.86590;0.00000;0.44
4;2020;5;26;0;0.00;9.06;2.51358;0.00000;4.24962;0.00000;0.01
11;2020;5;26;0;0.00;9.06;0.00000;9.72407;9.72407;0.00000;0.00
13;2020;5;26;0;0.00;9.06;0.00000;3.68495;3.68495;0.00000;0.00
17;2020;5;26;0;0.00;9.06;61.37975;745.68671;10.44926;0.00000;0.10
19;2020;5;26;0;0.00;9.06;0.00000;0.04087;0.04087;0.00000;0.00
26;2020;5;26;0;0.00;9.06;0.00000;0.00000;18.49048;0.00000;0.00
2;2020;5;27;0;0.00;11.81;334.18561;3042.85254;52.60033;0.00000;0.42
4;2020;5;27;0;0.00;11.81;0.00000;3.83630;3.83630;0.00000;0.00
11;2020;5;27;0;0.00;11.81;0.00000;0.00000;7.28905;0.00000;0.00
13;2020;5;27;0;0.00;11.81;0.00000;0.00000;2.77787;0.00000;0.00
17;2020;5;27;0;0.00;11.81;59.23106;659.97675;8.48981;0.00000;0.10
19;2020;5;27;0;0.00;11.81;0.00000;0.00000;0.03004;0.00000;0.00
26;2020;5;27;0;0.00;11.81;0.00000;15.65407;15.65407;0.00000;0.00
2;2020;5;28;0;0.00;4.83;317.28915;2694.82837;45.82562;0.00000;0.40
4;2020;5;28;0;0.00;4.83;2.31790;0.00000;3.16377;0.00000;0.01
11;2020;5;28;0;0.00;4.83;0.00000;6.68787;6.68787;0.00000;0.00
13;2020;5;28;0;0.00;4.83;0.00000;2.36782;2.36782;0.00000;0.00
17;2020;5;28;0;0.00;4.83;56.71863;597.16229;7.59018;0.00000;0.09
19;2020;5;28;0;0.00;4.83;0.00000;0.02708;0.02708;0.00000;0.00
26;2020;5;28;0;0.00;4.83;0.00000;0.00000;12.35349;0.00000;0.00
2;2020;5;29;0;0.01;5.99;303.89963;2379.08691;78.89735;0.00000;0.38
4;2020;5;29;0;0.02;5.99;0.00000;5.43558;5.43558;0.00000;0.00
11;2020;5;29;0;0.05;5.99;0.00000;0.00000;6.76389;0.00000;0.00
13;2020;5;29;0;0.00;5.99;5.78546;0.00000;6.47623;0.00000;0.01
17;2020;5;29;0;0.01;5.99;54.74025;548.00061;21.95277;0.00000;0.09
19;2020;5;29;0;0.00;5.99;0.00000;0.00000;0.04182;0.00000;0.00
26;2020;5;29;0;0.22;5.99;0.00000;23.58808;23.58808;0.00000;0.00
2;2020;5;30;0;0.08;3.03;290.74908;2333.29443;286.92337;0.00000;0.36
4;2020;5;30;0;0.13;3.03;21.95922;1.03195;20.63035;0.00000;0.09
11;2020;5;30;0;0.35;3.03;0.00000;16.33476;16.33476;0.00000;0.00
13;2020;5;30;0;0.02;3.03;0.00000;17.75335;17.75335;0.00000;0.00
17;2020;5;30;0;0.01;3.03;53.09602;530.37408;43.43718;0.00000;0.09
19;2020;5;30;0;0.00;3.03;0.00000;0.07263;0.07263;0.00000;0.00
26;2020;5;30;0;0.53;3.03;46.88827;0.00000;38.26097;0.00000;0.11
2;2020;5;31;0;0.36;1.23;288.75006;3323.91382;1288.52905;0.00000;0.36
4;2020;5;31;0;0.58;1.23;12.17497;70.38428;81.69495;0.00000;0.05
11;2020;5;31;0;1.50;1.23;69.52055;0.00000;48.40455;0.00000;0.19
13;2020;5;31;0;0.08;1.23;20.89713;69.55616;73.85772;0.00000;0.02
17;2020;5;31;0;0.08;1.23;52.48337;684.26532;209.27367;0.00000;0.09
19;2020;5;31;0;0.02;1.23;0.32710;0.00000;0.27521;0.00000;0.00
26;2020;5;31;0;2.86;1.23;0.00000;173.62041;173.62041;0.00000;0.00
2;2020;6;1;0;0.01;2.23;327.39752;3041.01978;80.66889;0.00000;0.41
4;2020;6;1;0;0.02;2.23;54.50501;14.74848;4.86126;0.00000;0.21
11;2020;6;1;0;0.05;2.23;0.00000;7.29049;7.29049;0.00000;0.00
13;2020;6;1;0;0.00;2.23;33.93204;36.69680;4.84512;0.00000;0.04
17;2020;6;1;0;0.00;2.23;57.45098;636.87366;16.44420;0.00000;0.10
19;2020;6;1;0;0.00;2.23;0.00000;0.03630;0.03630;0.00000;0.00
26;2020;6;1;0;0.13;2.23;161.84451;0.00000;16.66730;0.00000;0.39
2;2020;6;2;0;0.00;2.74;317.22131;2726.42090;46.01655;0.00000;0.40
4;2020;6;2;0;0.00;2.74;13.28711;0.00000;2.81987;0.00000;0.05
11;2020;6;2;0;0.00;2.74;5.02420;0.00000;5.44904;0.00000;0.01
13;2020;6;2;0;0.00;2.74;27.04140;8.02900;2.07271;0.00000;0.03
17;2020;6;2;0;0.00;2.74;56.00571;580.41193;7.20526;0.00000;0.09
19;2020;6;2;0;0.00;2.74;0.02125;0.00000;0.02193;0.00000;0.00
26;2020;6;2;0;0.00;2.74;0.00000;11.20210;11.20210;0.00000;0.00
2;2020;6;3;0;0.00;1.76;305.15958;2439.57007;45.19833;0.00000;0.38
4;2020;6;3;0;0.00;1.76;0.00000;2.94680;2.94680;0.00000;0.00
11;2020;6;3;0;0.00;1.76;0.00000;5.44411;5.44411;0.00000;0.00
13;2020;6;3;0;0.00;1.76;9.32772;0.00000;2.68761;0.00000;0.01
17;2020;6;3;0;0.00;1.76;54.19018;531.35425;9.90396;0.00000;0.09
19;2020;6;3;0;0.00;1.76;0.00000;0.02612;0.02612;0.00000;0.00
26;2020;6;3;0;0.04;1.76;14.62942;0.00000;12.47008;0.00000;0.04
2;2020;6;4;0;0.00;5.86;293.35175;2103.74390;43.53137;0.00000;0.37
4;2020;6;4;0;0.00;5.86;0.48632;0.00000;2.71997;0.00000;0.00
11;2020;6;4;0;0.00;5.86;0.00000;0.00000;5.13223;0.00000;0.00
13;2020;6;4;0;0.00;5.86;0.00000;2.04594;2.04594;0.00000;0.00
17;2020;6;4;0;0.00;5.86;52.51778;470.22101;6.78179;0.00000;0.09
19;2020;6;4;0;0.00;5.86;0.00000;0.00000;0.02054;0.00000;0.00
26;2020;6;4;0;0.00;5.86;0.00000;10.41016;10.41016;0.00000;0.00
2;2020;6;5;0;0.00;7.23;278.32758;1766.11975;41.34384;0.00000;0.35
4;2020;6;5;0;0.00;7.23;0.00000;2.53654;2.53654;0.00000;0.00
11;2020;6;5;0;0.00;7.23;0.00000;4.77146;4.77146;0.00000;0.00
13;2020;6;5;0;0.00;7.23;0.34959;0.00000;1.81273;0.00000;0.00
17;2020;6;5;0;0.00;7.23;50.28788;407.88617;6.13664;0.00000;0.08
19;2020;6;5;0;0.00;7.23;0.00000;0.01910;0.01910;0.00000;0.00
26;2020;6;5;0;0.00;7.23;0.00000;0.00000;8.84036;0.00000;0.00
2;2020;6;6;0;0.12;3.66;261.56970;1864.53625;405.21771;0.00000;0.33
4;2020;6;6;0;0.20;3.66;16.75395;12.07831;29.08870;0.00000;0.06
11;2020;6;6;0;0.52;3.66;17.60517;0.00000;19.63126;0.00000;0.05
13;2020;6;6;0;0.03;3.66;0.00000;27.61010;27.61010;0.00000;0.00
17;2020;6;6;0;0.03;3.66;47.81219;422.46207;71.04659;0.00000;0.08
19;2020;6;6;0;0.01;3.66;0.08140;0.00000;0.10161;0.00000;0.00
26;2020;6;6;0;0.92;3.66;0.00000;61.25571;61.25571;0.00000;0.00
2;2020;6;7;0;0.07;3.57;266.65359;1799.04541;247.21046;0.00000;0.33
4;2020;6;7;0;0.12;3.57;24.62555;0.00000;17.46838;0.00000;0.10
11;2020;6;7;0;0.31;3.57;0.00000;13.83055;13.83055;0.00000;0.00
13;2020;6;7;0;0.01;3.57;24.44374;9.72379;10.90112;0.00000;0.03
17;2020;6;7;0;0.01;3.57;48.41185;389.84052;24.40427;0.00000;0.08
19;2020;6;7;0;0.00;3.57;0.00000;0.04253;0.04253;0.00000;0.00
26;2020;6;7;0;0.26;3.57;52.01350;0.00000;21.38521;0.00000;0.13
2;2020;6;8;0;0.00;4.50;263.29044;1514.72168;38.27059;0.00000;0.33
4;2020;6;8;0;0.00;4.50;0.00000;2.34297;2.34297;0.00000;0.00
11;2020;6;8;0;0.00;4.50;2.00812;0.00000;4.12343;0.00000;0.01
13;2020;6;8;0;0.00;4.50;7.51975;0.00000;1.59721;0.00000;0.01
17;2020;6;8;0;0.00;4.50;47.05032;337.80515;5.61265;0.00000;0.08
19;2020;6;8;0;0.00;4.50;0.00000;0.00000;0.01592;0.00000;0.00
26;2020;6;8;0;0.00;4.50;0.00000;8.12163;8.12163;0.00000;0.00
2;2020;6;9;0;0.04;2.62;247.69360;1406.35803;170.83630;0.00000;0.31
4;2020;6;9;0;0.07;2.62;12.15199;0.00000;11.84427;0.00000;0.05
11;2020;6;9;0;0.19;2.62;0.00000;9.93203;9.93203;0.00000;0.00
13;2020;6;9;0;0.01;2.62;0.00000;11.28907;11.28907;0.00000;0.00
17;2020;6;9;0;0.01;2.62;44.71729;317.43549;30.16742;0.00000;0.07
19;2020;6;9;0;0.00;2.62;0.00000;0.04957;0.04957;0.00000;0.00
26;2020;6;9;0;0.35;2.62;24.93333;0.00000;26.51730;0.00000;0.06
2;2020;6;10;0;0.01;5.92;241.25221;1166.65247;72.73605;0.00000;0.30
4;2020;6;10;0;0.02;5.92;0.00000;4.64658;4.64658;0.00000;0.00
11;2020;6;10;0;0.05;5.92;0.00000;0.00000;5.15483;0.00000;0.00
13;2020;6;10;0;0.00;5.92;11.89100;0.00000;5.86450;0.00000;0.01
17;2020;6;10;0;0.01;5.92;43.74084;281.37973;20.61597;0.00000;0.07
19;2020;6;10;0;0.00;5.92;0.00000;0.00000;0.03402;0.00000;0.00
26;2020;6;10;0;0.22;5.92;0.00000;19.81285;19.81285;0.00000;0.00
2;2020;6;11;0;0.02;3.26;225.76840;992.96613;88.50740;0.00000;0.28
4;2020;6;11;0;0.03;3.26;6.81552;0.00000;5.50459;0.00000;0.03
11;2020;6;11;0;0.07;3.26;0.00000;6.06940;6.06940;0.00000;0.00
13;2020;6;11;0;0.01;3.26;0.00000;7.44121;7.44121;0.00000;0.00
17;2020;6;11;0;0.01;3.26;41.90825;256.25568;23.58381;0.00000;0.07
19;2020;6;11;0;0.00;3.26;0.00000;0.03998;0.03998;0.00000;0.00
26;2020;6;11;0;0.26;3.26;22.17371;0.00000;20.82130;0.00000;0.05
2;2020;6;12;0;0.00;2.60;213.21223;785.76599;33.75320;0.00000;0.27
4;2020;6;12;0;0.00;2.60;0.00000;1.97039;1.97039;0.00000;0.00
11;2020;6;12;0;0.00;2.60;2.87404;0.00000;3.68066;0.00000;0.01
13;2020;6;12;0;0.00;2.60;6.82087;0.00000;1.37651;0.00000;0.01
17;2020;6;12;0;0.00;2.60;40.53969;215.30551;4.86416;0.00000;0.07
19;2020;6;12;0;0.00;2.60;0.01727;0.00000;0.01369;0.00000;0.00
26;2020;6;12;0;0.00;2.60;0.00000;6.93075;6.93075;0.00000;0.00
2;2020;6;13;0;0.00;2.20;196.21468;601.12384;33.17632;0.00000;0.25
4;2020;6;13;0;0.00;2.20;2.14176;0.00000;1.85784;0.00000;0.01
11;2020;6;13;0;0.00;2.20;0.00000;3.86030;3.86030;0.00000;0.00
13;2020;6;13;0;0.00;2.20;0.00000;1.43701;1.43701;0.00000;0.00
17;2020;6;13;0;0.00;2.20;38.10987;177.82050;4.82087;0.00000;0.06
19;2020;6;13;0;0.00;2.20;0.00000;0.01447;0.01447;0.00000;0.00
26;2020;6;13;0;0.00;2.20;3.60095;0.00000;6.60790;0.00000;0.01
2;2020;6;14;0;0.00;3.52;178.41730;423.31805;32.03883;0.00000;0.22
4;2020;6;14;0;0.00;3.52;0.00000;1.71398;1.71398;0.00000;0.00
11;2020;6;14;0;0.00;3.52;0.00000;0.00000;3.08866;0.00000;0.00
13;2020;6;14;0;0.00;3.52;1.25043;0.00000;1.32136;0.00000;0.00
17;2020;6;14;0;0.00;3.52;35.60804;140.49814;4.55787;0.00000;0.06
19;2020;6;14;0;0.00;3.52;0.00000;0.00000;0.01207;0.00000;0.00
26;2020;6;14;0;0.00;3.52;0.00000;6.19387;6.19387;0.00000;0.00
2;2020;6;15;0;0.00;5.12;157.53409;256.07013;30.59077;0.00000;0.20
4;2020;6;15;0;0.00;5.12;0.08965;0.00000;2.10531;0.00000;0.00
11;2020;6;15;0;0.00;5.12;0.00000;6.05451;6.05451;0.00000;0.00
13;2020;6;15;0;0.00;5.12;0.00000;1.29306;1.29306;0.00000;0.00
17;2020;6;15;0;0.00;5.12;32.75138;103.70925;4.34185;0.00000;0.05
19;2020;6;15;0;0.00;5.12;0.00000;0.01822;0.01822;0.00000;0.00
26;2020;6;15;0;0.00;5.12;0.00000;0.00000;7.45939;0.00000;0.00
2;2020;6;16;0;0.00;6.61;131.78914;112.08844;31.36268;0.00000;0.17
4;2020;6;16;0;0.00;6.61;0.00000;1.58787;1.58787;0.00000;0.00
11;2020;6;16;0;0.00;6.61;0.00000;0.00000;2.71869;0.00000;0.00
13;2020;6;16;0;0.00;6.61;0.00000;0.00000;1.23989;0.00000;0.00
17;2020;6;16;0;0.00;6.61;29.40522;68.98353;4.39769;0.00000;0.05
19;2020;6;16;0;0.00;6.61;0.00000;0.00000;0.01044;0.00000;0.00
26;2020;6;16;0;0.00;6.61;0.00000;5.19277;5.19277;0.00000;0.00
2;2020;6;17;0;0.00;7.71;98.29095;3.37715;27.47278;0.00000;0.12
4;2020;6;17;0;0.00;7.71;0.00000;0.00000;1.62976;0.00000;0.00
11;2020;6;17;0;0.00;7.71;0.00000;5.31901;5.31901;0.00000;0.00
13;2020;6;17;0;0.00;7.71;0.00000;1.12653;1.12653;0.00000;0.00
17;2020;6;17;0;0.00;7.71;25.44295;37.52129;3.78948;0.00000;0.04
19;2020;6;17;0;0.00;7.71;0.00000;0.01861;0.01861;0.00000;0.00
26;2020;6;17;0;0.00;7.71;0.00000;0.00000;8.83386;0.00000;0.00
2;2020;6;18;0;0.00;9.87;17.84257;0.00000;28.46093;0.00000;0.02
4;2020;6;18;0;0.00;9.87;0.00000;1.37667;1.37667;0.00000;0.00
11;2020;6;18;0;0.00;9.87;0.00000;0.00000;2.39930;0.00000;0.00
13;2020;6;18;0;0.00;9.87;0.00000;0.00000;1.07731;0.00000;0.00
17;2020;6;18;0;0.00;9.87;20.49684;10.81165;3.90508;0.00000;0.03
19;2020;6;18;0;0.00;9.87;0.00000;0.00000;0.00954;0.00000;0.00
26;2020;6;18;0;0.00;9.87;0.00000;4.80530;4.80530;0.00000;0.00
2;2020;6;19;0;0.00;8.66;0.00000;24.39459;24.39459;0.00000;0.00
4;2020;6;19;0;0.00;8.66;0.00000;0.00000;1.45269;0.00000;0.00
11;2020;6;19;0;0.00;8.66;0.00000;3.36199;3.36199;0.00000;0.00
13;2020;6;19;0;0.00;8.66;0.00000;0.94565;0.94565;0.00000;0.00
17;2020;6;19;0;0.00;8.66;8.36561;0.00000;3.26305;0.00000;0.01
19;2020;6;19;0;0.00;8.66;0.00000;0.01397;0.01397;0.00000;0.00
26;2020;6;19;0;0.00;8.66;0.00000;0.00000;5.96605;0.00000;0.00
2;2020;6;20;0;0.00;9.43;22.52740;0.00000;25.11074;0.00000;0.03
4;2020;6;20;0;0.00;9.43;0.00000;1.17130;1.17130;0.00000;0.00
11;2020;6;20;0;0.00;9.43;0.00000;0.00000;2.18204;0.00000;0.00
13;2020;6;20;0;0.00;9.43;0.00000;0.00000;0.91862;0.00000;0.00
17;2020;6;20;0;0.00;9.43;0.00000;3.49241;3.49241;0.00000;0.00
19;2020;6;20;0;0.00;9.43;0.00000;0.00000;0.00823;0.00000;0.00
26;2020;6;20;0;0.00;9.43;0.00000;4.22535;4.22535;0.00000;0.00
2;2020;6;21;0;0.00;9.14;0.00000;21.30271;21.30271;0.00000;0.00
4;2020;6;21;0;0.00;9.14;0.00000;0.00000;1.33841;0.00000;0.00
11;2020;6;21;0;0.00;9.14;0.00000;2.71220;2.71220;0.00000;0.00
13;2020;6;21;0;0.00;9.14;0.00000;0.80509;0.80509;0.00000;0.00
17;2020;6;21;0;0.00;9.14;2.26898;0.00000;2.80940;0.00000;0.00
19;2020;6;21;0;0.00;9.14;0.00000;0.01089;0.01089;0.00000;0.00
26;2020;6;21;0;0.00;9.14;0.00000;0.00000;5.16560;0.00000;0.00
2;2020;6;22;0;0.00;9.24;18.59699;0.00000;22.48925;0.00000;0.02
4;2020;6;22;0;0.00;9.24;0.00000;1.02931;1.02931;0.00000;0.00
11;2020;6;22;0;0.00;9.24;0.00000;0.00000;1.97924;0.00000;0.00
13;2020;6;22;0;0.00;9.24;0.00000;0.00000;0.79675;0.00000;0.00
17;2020;6;22;0;0.00;9.24;0.00000;3.12135;3.12135;0.00000;0.00
19;2020;6;22;0;0.00;9.24;0.00000;0.00000;0.00751;0.00000;0.00
26;2020;6;22;0;0.00;9.24;0.00000;3.73192;3.73192;0.00000;0.00
2;2020;6;23;0;0.01;6.81;0.00000;35.81358;35.81358;0.00000;0.00
4;2020;6;23;0;0.01;6.81;0.00000;0.00000;2.35644;0.00000;0.00
11;2020;6;23;0;0.02;6.81;0.00000;2.77874;2.77874;0.00000;0.00
13;2020;6;23;0;0.00;6.81;0.00000;1.13716;1.13716;0.00000;0.00
17;2020;6;23;0;0.00;6.81;2.78435;0.00000;2.54967;0.00000;0.00
19;2020;6;23;0;0.00;6.81;0.00000;0.00899;0.00899;0.00000;0.00
26;2020;6;23;0;0.00;6.81;0.00000;0.00000;4.38769;0.00000;0.00
2;2020;6;24;0;0.54;1.76;65.55660;1952.23767;1984.81274;0.00000;0.08
4;2020;6;24;0;0.88;1.76;0.00000;125.83245;125.83245;0.00000;0.00
11;2020;6;24;0;2.30;1.76;40.04806;37.20370;70.31107;0.00000;0.11
13;2020;6;24;0;0.09;1.76;7.87828;82.79516;90.17025;0.00000;0.01
17;2020;6;24;0;0.08;1.76;0.00000;216.67793;216.67793;0.00000;0.00
19;2020;6;24;0;0.02;1.76;0.16475;0.09833;0.26829;0.00000;0.00
26;2020;6;24;0;2.81;1.76;0.00000;164.06192;164.06192;0.00000;0.00
2;2020;6;25;0;0.00;3.43;271.04010;1655.94519;21.20522;0.00000;0.34
4;2020;6;25;0;0.00;3.43;66.98907;48.38850;1.02736;0.00000;0.26
11;2020;6;25;0;0.00;3.43;22.31465;0.00000;2.35240;0.00000;0.06
13;2020;6;25;0;0.00;3.43;36.09700;41.19175;0.68079;0.00000;0.04
17;2020;6;25;0;0.00;3.43;38.19593;174.66333;2.72827;0.00000;0.06
19;2020;6;25;0;0.00;3.43;0.04064;0.00000;0.00832;0.00000;0.00
26;2020;6;25;0;0.00;3.43;120.30394;0.00000;3.81204;0.00000;0.29
2;2020;6;26;0;0.00;5.03;255.65669;1358.26538;22.21472;0.00000;0.32
4;2020;6;26;0;0.00;5.03;37.31062;0.00000;0.91495;0.00000;0.14
11;2020;6;26;0;0.00;5.03;0.00000;2.01302;2.01302;0.00000;0.00
13;2020;6;26;0;0.00;5.03;28.17363;7.98691;2.04627;0.00000;0.03
17;2020;6;26;0;0.00;5.03;35.38232;139.19016;8.79493;0.00000;0.06
19;2020;6;26;0;0.00;5.03;0.00000;0.01634;0.01634;0.00000;0.00
26;2020;6;26;0;0.09;5.03;0.00000;8.82309;8.82309;0.00000;0.00
2;2020;6;27;0;0.01;3.92;238.29073;1128.02124;54.55852;0.00000;0.30
4;2020;6;27;0;0.02;3.92;0.00000;3.73054;3.73054;0.00000;0.00
11;2020;6;27;0;0.05;3.92;0.00000;0.00000;3.30482;0.00000;0.00
13;2020;6;27;0;0.00;3.92;8.59106;0.00000;3.68721;0.00000;0.01
17;2020;6;27;0;0.00;3.92;32.64282;112.14964;11.99578;0.00000;0.05
19;2020;6;27;0;0.00;3.92;0.00000;0.00000;0.01953;0.00000;0.00
26;2020;6;27;0;0.13;3.92;1.41497;0.00000;10.80066;0.00000;0.00
2;2020;6;28;0;0.01;4.48;223.08575;908.25354;53.09047;0.00000;0.28
4;2020;6;28;0;0.02;4.48;2.90824;0.00000;3.45341;0.00000;0.01
11;2020;6;28;0;0.05;4.48;0.00000;3.35693;3.35693;0.00000;0.00
13;2020;6;28;0;0.00;4.48;0.00000;3.13114;3.13114;0.00000;0.00
17;2020;6;28;0;0.00;4.48;30.23339;83.98109;8.83245;0.00000;0.05
19;2020;6;28;0;0.00;4.48;0.00000;0.01597;0.01597;0.00000;0.00
26;2020;6;28;0;0.09;4.48;0.00000;8.66226;8.66226;0.00000;0.00
2;2020;6;29;0;0.36;3.35;206.56877;1881.07617;1207.80481;0.00000;0.26
4;2020;6;29;0;0.58;3.35;0.00000;83.81011;83.81011;0.00000;0.00
11;2020;6;29;0;1.53;3.35;42.82757;5.80737;46.99556;0.00000;0.12
13;2020;6;29;0;0.06;3.35;11.28706;52.60402;62.59003;0.00000;0.01
17;2020;6;29;0;0.06;3.35;27.28321;205.38322;153.12340;0.00000;0.05
19;2020;6;29;0;0.02;3.35;0.17933;0.00000;0.19692;0.00000;0.00
26;2020;6;29;0;2.07;3.35;97.69389;27.77307;116.33923;0.00000;0.24
2;2020;6;30;0;0.02;2.09;267.49091;1653.86438;67.93184;0.00000;0.34
4;2020;6;30;0;0.03;2.09;57.98976;24.08257;4.20421;0.00000;0.22
11;2020;6;30;0;0.07;2.09;4.72681;0.00000;4.06200;0.00000;0.01
13;2020;6;30;0;0.00;2.09;30.72875;21.14871;2.48601;0.00000;0.03
17;2020;6;30;0;0.00;2.09;37.47692;169.69487;5.70914;0.00000;0.06
19;2020;6;30;0;0.00;2.09;0.00000;0.01204;0.01204;0.00000;0.00
26;2020;6;30;0;0.04;2.09;18.73631;0.00000;5.89219;0.00000;0.05
