ETATS ACHEMINEMENT RIVIERE MILIEUX HUMIDES RIVERAIN;ONDE CINEMATIQUE MODIFIEE( 4.3.6.0033 )
DATE_HEURE;2020-07-01 00:00

TRONCON;WET V;WET A;WET D;OCM QAMONT 1;OCM QAPPORTLAT 1;OCM QAVAL 1;OCM QAMONT 2;OCM QAPPORTLAT 2;OCM QAVAL 2;OCM QAMONT 3;OCM QAPPORTLAT 3;OCM QAVAL 3
1;2047.857666015625;10239.749023437500;0.199991002679;0.570012569427;0.011242894456;0.585822463036;0.585822463036;0.005690797698;0.591592669487;0.591592669487;0.000000000000;0.591592669487
64;0.001000000047;31.271223068237;0.000031978278;0.311686426401;0.000230106816;0.314768522978;0.314768522978;0.000026174694;0.314794719219;0.314794719219;0.000000000000;0.314794719219
72;0.048888280988;270.424560546875;0.000180783405;0.266050040722;0.003970662598;0.279412478209;0.279412478209;0.000153241155;0.279565721750;0.279565721750;0.000000000000;0.279565721750
73;0.001000000047;112.223091125488;0.000008910823;0.008688005619;0.000092720154;0.008782474324;0.008782474324;0.000390022062;0.009172496386;0.009172496386;0.000000000000;0.009172496386
74;0.001000000047;50.205657958984;0.000019918074;0.007218423299;0.000020134532;0.007240779698;0.007240779698;0.000011082042;0.007251861505;0.007251861505;0.000000000000;0.007251861505
76;0.001000000047;289.951263427734;0.000003448855;0.000000000000;0.001099502319;0.001099502319;0.001099502319;0.000244232477;0.001343734795;0.001343734795;0.000000000000;0.001343734795
77;0.744441151619;756.055847167969;0.000984637765;0.000000000000;0.000000000000;0.000000000000;0.000000000000;0.000113050708;0.000113050708;0.000113050708;0.001522435923;0.001635690802
78;9.945791244507;2416.329101562500;0.004116075113;0.000000000000;0.000459079340;0.000459079485;0.000459079485;0.000375911972;0.000834991457;0.000834991457;0.001580194687;0.002427025000
79;0.001000000047;517.347045898438;0.000001932938;0.000000000000;0.001108219847;0.001108220196;0.001108220196;0.000327924325;0.001436144463;0.001436144463;0.000000000000;0.001436144463
80;76.049903869629;5415.336914062500;0.014043428004;0.241755932570;0.003500159131;0.255632221699;0.255632221699;0.001245341264;0.256877541542;0.256877541542;0.000000000000;0.256877541542
81;0.001000000047;42.060562133789;0.000023775241;0.240171268582;0.000141494864;0.241335332394;0.241335332394;0.000068132613;0.241403460503;0.241403460503;0.000000000000;0.241403460503
82;0.007907970808;13.117369651794;0.000602862448;0.000000000000;0.002029946772;0.002029947005;0.002029947005;0.000000312914;0.002030259930;0.002030259930;0.000069924063;0.002100184094
83;1.366171598434;3392.962646484375;0.000402648584;0.229297190905;0.001453242148;0.233138814569;0.233138814569;0.000873597455;0.234012410045;0.234012410045;0.001453242148;0.238071084023
84;0.070729494095;1430.745361328125;0.000049435417;0.224189966917;0.000415442890;0.225776135921;0.225776135921;0.001005444443;0.226781576872;0.226781576872;0.000415442890;0.228424668312
85;0.001000000047;73.351066589355;0.000013633065;0.217372030020;0.000000000000;0.217372030020;0.217372030020;0.000014095041;0.217386126518;0.217386126518;0.000000000000;0.217386126518
86;0.001000000047;318.781860351562;0.000003136941;0.210720404983;0.000548719894;0.212712615728;0.212712615728;0.000920914812;0.213633522391;0.213633522391;0.000548719894;0.215647056699
87;0.001000000047;245.600982666016;0.000004071645;0.200189307332;0.000011861082;0.200271278620;0.200271278620;0.000259436521;0.200530707836;0.200530707836;0.000011861082;0.200612887740
88;0.001000000047;15.395442962646;0.000064954278;0.000000000000;0.002722718054;0.002722813515;0.002722813515;0.000002397881;0.002725211438;0.002725211438;0.000033017772;0.002758230316
89;0.001000000047;80.520736694336;0.000012419159;0.196749985218;0.000045209850;0.197064772248;0.197064772248;0.000047679328;0.197112455964;0.197112455964;0.000045209850;0.197431072593
90;1050.923706054688;24176.521484375000;0.043468780816;0.181272551417;0.002630332019;0.184579148889;0.184579148889;0.003639637260;0.188218787313;0.188218787313;0.002630332019;0.191545009613
91;0.001000000047;84.463188171387;0.000011839476;0.180844977498;0.000024497880;0.180959478021;0.180959478021;0.000198124806;0.181157588959;0.181157588959;0.000024497880;0.181272551417
92;0.001000000047;70.158378601074;0.000014253464;0.176399052143;0.000007809703;0.176518961787;0.176518961787;0.000020099045;0.176539063454;0.176539063454;0.000007809703;0.176659792662
93;0.001000000047;6.295808315277;0.000158835814;0.000000000000;0.000006235034;0.000006235034;0.000006235034;0.000001055012;0.000007290046;0.000007290046;0.000725220190;0.000732616347
94;27.385875701904;6276.707519531250;0.004363096319;0.171204954386;0.001102829934;0.172884091735;0.172884091735;0.001074709697;0.173958808184;0.173958808184;0.001102829934;0.175666436553
96;8.659772872925;3740.797119140625;0.002314953832;0.160893931985;0.003142054426;0.164540112019;0.164540112019;0.000606947811;0.165147066116;0.165147066116;0.003142054426;0.168812006712
97;0.001000000047;70.158378601074;0.000014253464;0.058395538479;0.000000000000;0.058395538479;0.058395538479;0.000069881709;0.058465421200;0.058465421200;0.000000000000;0.058465421200
98;0.001000000047;215.360168457031;0.000004643383;0.041745450348;0.003320782911;0.046737644821;0.046737644821;0.000741932192;0.047479577363;0.047479577363;0.000000000000;0.047479577363
99;0.001000000047;302.147674560547;0.000003309639;0.032539352775;0.002199223032;0.035261277109;0.035261277109;0.000713111483;0.035974387079;0.035974387079;0.000000000000;0.035974387079
100;0.001000000047;1204.176391601562;0.000000830443;0.030392823741;0.000257951004;0.030723486096;0.030723486096;0.001122148125;0.031845636666;0.031845636666;0.000257951004;0.032192129642
101;0.001000000047;202.956222534180;0.000004927170;0.024882810190;0.000725203485;0.025674676523;0.025674676523;0.000098972421;0.025773650035;0.025773650035;0.000000000000;0.025773650035
102;0.001000000047;762.536071777344;0.000001311413;0.022379476577;0.000039652947;0.022424671799;0.022424671799;0.000832212856;0.023256884888;0.023256884888;0.000039652947;0.023302141577
103;522.548767089844;5377.398925781250;0.097175009549;0.000000000000;0.003707224270;0.003707224037;0.003707224037;0.000895700417;0.004602924455;0.004602924455;0.000000000000;0.004602924455
104;0.001000000047;55.249362945557;0.000018099754;0.017513833940;0.000240632449;0.017767794430;0.017767794430;0.000008757410;0.017776552588;0.017776552588;0.000000000000;0.017776552588
105;0.098172158003;887.417663574219;0.000110626781;0.000000000000;0.000187249621;0.000187249607;0.000187249607;0.000026962196;0.000214211803;0.000214211803;-0.000000000000;0.000214211803
106;0.001000000047;415.895050048828;0.000002404453;0.016637660563;0.000184240082;0.016822246835;0.016822246835;0.000271116063;0.017093362287;0.017093362287;0.000184240082;0.017299622297
107;0.396000951529;5302.948730468750;0.000074675612;0.000000000000;0.000057442005;0.000057442005;0.000057442005;0.000679661578;0.000737103634;0.000737103634;0.000057442005;0.000794545631
108;0.001000000047;102.852210998535;0.000009722687;0.015754839405;0.000002313025;0.015754029155;0.015754029155;0.000063668136;0.015817696229;0.015817696229;0.000002313025;0.015843115747
109;1.519286632538;604.405090332031;0.002513689455;0.000000000000;0.000000000000;0.000000000000;0.000000000000;0.000034455858;0.000034455854;0.000034455854;0.000000000000;0.000034455854
110;0.001000000047;990.598815917969;0.000001009490;0.014482719824;0.000405683968;0.014868036844;0.014868036844;0.000852346187;0.015720384195;0.015720384195;0.000000000000;0.015720384195
111;0.001000000047;221.702423095703;0.000004510550;0.000893734628;0.000000226861;0.000893957505;0.000893957505;0.000132656845;0.001026614336;0.001026614336;0.000000226861;0.000987673411
112;1.079467535019;4846.011718750000;0.000222753821;0.000000000000;0.000016091893;0.000016091893;0.000016091893;0.000559902168;0.000575994083;0.000575994083;0.000016091893;0.000592085999
113;0.074172794819;1413.484130859375;0.000052475149;0.000107784792;0.000023332459;0.000131117253;0.000131117253;0.000147198924;0.000278316176;0.000278316176;0.000023332459;0.000301648630
116;0.001000000047;95.732276916504;0.000010445798;0.013472636230;0.000001108262;0.013474873267;0.013474873267;0.000017926794;0.013492800295;0.013492800295;0.000001108262;0.013495046645
117;0.067113116384;989.401489257812;0.000067832028;0.000000000000;0.000235758926;0.000235758926;0.000235758926;0.000134556234;0.000370315160;0.000370315160;0.000000000000;0.000370315160
118;0.001000000047;57.678936004639;0.000017337348;0.012972489931;0.000087454893;0.013078375719;0.013078375719;0.000023944629;0.013102320954;0.013102320954;0.000000000000;0.013102320954
120;0.373747646809;5469.603027343750;0.000068331763;0.007615466602;0.002270617057;0.009937340394;0.009937340394;0.001221414655;0.011158755049;0.011158755049;0.000000000000;0.011158755049
121;0.737751960754;12891.020507812500;0.000057229914;0.001601060154;0.000000000000;0.001601060154;0.001601060154;0.000601131236;0.002202191390;0.002202191390;0.000579513435;0.004105320200
122;0.580178022385;11010.987304687500;0.000052690826;0.000000000000;0.000676163530;0.000676163472;0.000676163472;0.000415051618;0.001091215061;0.001091215061;0.000000000000;0.001091215061
123;0.049338601530;1080.876586914062;0.000045646841;0.000229266647;0.000037352056;0.000266654213;0.000266654213;0.000038690188;0.000305344380;0.000305344380;0.000149198997;0.000509845035
128;0.070380516350;597.927429199219;0.000117707452;0.000739392824;0.000000000000;0.000739392824;0.000739392824;0.000076266151;0.000815659005;0.000815659005;0.000110491383;0.000899207778
129;0.038902819157;1021.416687011719;0.000038087121;0.000000000000;0.000000450476;0.000000450476;0.000000450476;0.000012933313;0.000013383789;0.000013383789;0.000000450476;0.000073531148
130;0.470301181078;5461.411132812500;0.000086113483;0.000000000000;0.000095916708;0.000095916708;0.000095916708;0.000154845329;0.000250762037;0.000250762037;0.000095916708;0.000665861706
131;0.170786336064;2253.929443359375;0.000075772703;0.000000000000;0.000665641099;0.000665641215;0.000665641215;0.000129346969;0.000794988184;0.000794988184;0.000665641099;0.001580668264
132;0.001000000047;350.261352539062;0.000002855011;0.004127386492;0.000035896439;0.004163285717;0.004163285717;0.000419987249;0.004583273083;0.004583273083;0.000035896439;0.004619173240
133;1.200729727745;4389.840332031250;0.000273524696;0.000000000000;0.000016045098;0.000016045096;0.000016045096;0.000537831627;0.000553876744;0.000553876744;0.000016045098;0.000569922267
134;1.919349670410;23857.400390625000;0.000080450918;0.000963732018;0.000030196517;0.000993928523;0.000993928523;0.001362587209;0.002356515732;0.002356515732;0.000030196517;0.003557464341
135;0.050377201289;1008.998596191406;0.000049927916;0.000000000000;0.000379895966;0.000379896053;0.000379896053;0.000145950224;0.000525846321;0.000525846321;0.000379895966;0.000905742287
136;0.040829174221;748.302551269531;0.000054562384;0.000000000000;0.000000000000;0.000000000000;0.000000000000;0.000057989764;0.000057989761;0.000057989761;0.000000000000;0.000057989761
137;0.001000000047;447.994934082031;0.000002232168;0.000000000000;0.000107634936;0.000107635758;0.000107635758;0.000192675041;0.000300310814;0.000300310814;0.000107634936;0.000347224472
138;0.148336946964;1297.566894531250;0.000114319308;0.004848203156;0.000254209677;0.005130867008;0.005130867008;0.000357387937;0.005488255061;0.005488255061;0.000254209677;0.005771061871
139;0.001000000047;391.211273193359;0.000002556163;0.000000000000;0.000099853460;0.000099864948;0.000099864948;0.000214798973;0.000314663921;0.000314663921;0.000099853460;0.000337372709
140;10.402765274048;7798.423339843750;0.001333957422;0.003137846244;0.000113981230;0.003252892988;0.003252892988;0.001135568251;0.004388460889;0.004388460889;0.000113981230;0.004510830622
142;0.152085512877;105.803230285645;0.001437437255;0.000879067229;0.000000000000;0.000879067229;0.000879067229;0.000010463196;0.000889530405;0.000889530405;0.000026869653;0.000919084239
144;0.115577280521;605.843322753906;0.000190770908;0.000357984129;0.000002789509;0.000360753882;0.000360753882;0.000052266703;0.000413020578;0.000413020578;0.000002789509;0.000415812247
145;0.127953261137;1900.165649414062;0.000067337947;0.000000000000;0.000001419857;0.000001419857;0.000001419857;0.000281472283;0.000282892142;0.000282892142;0.000001419857;0.000284329697
146;0.027620900422;390.991973876953;0.000070643138;0.000000000000;0.000024510206;0.000024510206;0.000024510206;0.000024634024;0.000049144226;0.000049144226;0.000024510206;0.000073654424
147;0.213636040688;471.050750732422;0.000453530811;0.000000000000;0.000077192490;0.000077192504;0.000077192504;0.000056415982;0.000133608497;0.000133608497;0.000040664996;0.000175378125
149;7.496908187866;15447.974609375000;0.000485300436;0.000000000000;0.008108881302;0.008183034137;0.008183034137;0.002732926747;0.010915961117;0.010915961117;0.000000000000;0.010915961117
150;298.289642333984;5271.217773437500;0.056588381529;0.096126422286;0.003098258516;0.099557302892;0.099557302892;0.000930306502;0.100487612188;0.100487612188;0.001752203098;0.102428510785
152;0.666374206543;11351.018554687500;0.000058706111;0.074097268283;0.000063694679;0.074167191982;0.074167191982;0.003037746996;0.077204942703;0.077204942703;0.000063694679;0.077274769545
154;0.001000000047;431.910980224609;0.000002315292;0.058189999312;0.000000000000;0.058189999312;0.058189999312;0.000121815523;0.058311812580;0.058311812580;0.000000000000;0.058311812580
155;0.001000000047;891.189514160156;0.000001122096;0.001356607885;0.000000000000;0.001356607885;0.001356607885;0.001285632607;0.002642240375;0.002642240375;0.000000000000;0.002642240375
157;0.424779862165;3802.330078125000;0.000111715679;0.000000000000;0.000000000000;0.000000000000;0.000000000000;0.000417896954;0.000417896954;0.000417896954;0.000000000000;0.000417896954
158;0.001000000047;840.386657714844;0.000001189928;0.055243395269;0.000000734165;0.055244270712;0.055244270712;0.000529480691;0.055773749948;0.055773749948;0.000000734165;0.055547758937
160;0.409587919712;5328.779785156250;0.000076863362;0.000000000000;0.000066690613;0.000066690845;0.000066690845;0.000080470607;0.000147161452;0.000147161452;0.000066690613;0.000488892430
161;0.445282876492;5455.482421875000;0.000081621176;0.000000000000;0.000089153938;0.000089153938;0.000089153938;0.000130337023;0.000219490961;0.000219490961;0.000089153938;0.000611447031
162;0.307969540358;2458.500976562500;0.000125267194;0.000000000000;0.000000102577;0.000000120427;0.000000120427;0.000171281601;0.000171402047;0.000171402047;0.000000102577;0.000171502994
163;1.488210201263;14221.337890625000;0.000104646293;0.000000000000;0.000068009824;0.000068009816;0.000068009816;0.001838719239;0.001906729070;0.001906729070;0.000068009824;0.001974738901
165;0.640594780445;9162.359375000000;0.000069915921;0.000000000000;0.001675953739;0.001680633053;0.001680633053;0.001839835662;0.003520468716;0.003520468716;0.001675953739;0.005204968154
166;0.001000000047;34.540519714355;0.000028951503;0.000000000000;0.010069059208;0.010069319047;0.010069319047;0.000038191683;0.010107510723;0.010107510723;-0.000000000000;0.010107510723
167;0.063837781549;1155.066162109375;0.000055267636;0.000000000000;0.000440183649;0.000441365788;0.000441365788;0.000251586753;0.000692952541;0.000692952541;0.001000308432;0.001724975999
168;0.001000000047;284.996368408203;0.000003508817;0.005231638905;0.000641938881;0.005902144127;0.005902144127;0.000331185554;0.006233329419;0.006233329419;0.000553709338;0.006803837605
169;0.042813785374;845.633789062500;0.000050629224;0.000000000000;0.002761548851;0.002761548851;0.002761548851;0.000108957378;0.002870506141;0.002870506141;0.000000000000;0.002870506141
170;0.451474577188;1834.570312500000;0.000246092794;0.000000000000;0.001695631654;0.001695632585;0.001695632585;0.000200947339;0.001896579866;0.001896579866;0.000464552402;0.002361132763
171;0.023396879435;30.147201538086;0.000776087923;0.000000000000;0.000872133940;0.000872133940;0.000872133940;0.000000392512;0.000872526492;0.000872526492;0.000000000000;0.000872526492
