ETATS RUISSELEMENT SURFACE (oc_base);ONDE CINEMATIQUE( 4.3.6.0033 )
DATE_HEURE;2020-07-01 00:00

UHRH;DEBITS
1;0.000001860201158383583;0.000000000000000000000;0.000000000000000000000;0.000000000000000000000
2;0.000013833533400218657;0.000000000000000000000;0.000000000000000000000;0.000000000000000000000
3;0.000000000000000000000;0.000000000000000000000;0.000000000000000000000;0.000000000000000000000
4;0.000008182349756824005;0.000000000000000000000;0.000000000000000000000;0.000000000000000000000
5;0.000000000000000000000;0.000000000000000000000;0.000000000000000000000;0.000000000000000000000
6;0.000000000000000000000;0.000000000000000000000;0.000000000000000000000;0.000000000000000000000
7;0.000000000000000000000;0.000000000000000000000;0.000000000000000000000;0.000000000000000000000
8;0.000001355566820563064;0.000000000000000000000;0.000000000000000000000;0.000000000000000000000
9;0.000000000000000000000;0.000000000000000000000;0.000000000000000000000;0.000000000000000000000
10;0.000000000000000000000;0.000000000000000000000;0.000000000000000000000;0.000000000000000000000
11;0.000012451160530343487;0.000000000000000000000;0.000000000000000000000;0.000000000000000000000
12;0.000000591131131204938;0.000000000000000000000;0.000000000000000000000;0.000000000000000000000
13;0.000017794585856340812;0.000000000000000000000;0.000000000000000000000;0.000000000000000000000
14;0.000000000000000000000;0.000000000000000000000;0.000000000000000000000;0.000000000000000000000
15;0.000000057319863639577;0.000000000000000000000;0.000000000000000000000;0.000000000000000000000
16;0.000000000000000000000;0.000000000000000000000;0.000000000000000000000;0.000000000000000000000
17;0.000011811886214791246;0.000000000000000000000;0.000000000000000000000;0.000000000000000000000
18;0.000001987954146374818;0.000000000000000000000;0.000000000000000000000;0.000000000000000000000
19;0.000001193729391109902;0.000000000000000000000;0.000000000000000000000;0.000000000000000000000
20;0.000000350633743581899;0.000000000000000000000;0.000000000000000000000;0.000000000000000000000
21;0.000000278087773510162;0.000000000000000000000;0.000000000000000000000;0.000000000000000000000
22;0.000000058408909999397;0.000000000000000000000;0.000000000000000000000;0.000000000000000000000
23;0.000000266732771745057;0.000000000000000000000;0.000000000000000000000;0.000000000000000000000
24;0.000000312718792523203;0.000000000000000000000;0.000000000000000000000;0.000000000000000000000
25;0.000000406410270720713;0.000000000000000000000;0.000000000000000000000;0.000000000000000000000
26;0.000031467724568958376;0.000000000000000000000;0.000000000000000000000;0.000000000000000000000
27;0.000000042402773804993;0.000000000000000000000;0.000000000000000000000;0.000000000000000000000
28;0.000000051902806444558;0.000000000000000000000;0.000000000000000000000;0.000000000000000000000
29;0.000000231544324238838;0.000000000000000000000;0.000000000000000000000;0.000000000000000000000
30;0.000000349393071104548;0.000000000000000000000;0.000000000000000000000;0.000000000000000000000
31;0.000004102853698051347;0.000000000000000000000;0.000000000000000000000;0.000000000000000000000
32;0.000000156012089701296;0.000000000000000000000;0.000000000000000000000;0.000000000000000000000
33;0.000011978206771870331;0.000000000000000000000;0.000000000000000000000;0.000000000000000000000
34;0.000000313899811911445;0.000000000000000000000;0.000000000000000000000;0.000000000000000000000
35;0.000000375448166989640;0.000000000000000000000;0.000000000000000000000;0.000000000000000000000
36;0.000001286709079037593;0.000000000000000000000;0.000000000000000000000;0.000000000000000000000
37;0.000000000000000000000;0.000000000000000000000;0.000000000000000000000;0.000000000000000000000
38;0.000001046979963218987;0.000000000000000000000;0.000000000000000000000;0.000000000000000000000
39;0.000000107469331828202;0.000000000000000000000;0.000000000000000000000;0.000000000000000000000
40;0.000000821539101156473;0.000000000000000000000;0.000000000000000000000;0.000000000000000000000
41;0.000005338348061330287;0.000000000000000000000;0.000000000000000000000;0.000000000000000000000
42;0.000006512245367481509;0.000000000000000000000;0.000000000000000000000;0.000000000000000000000
43;0.000000151294791589830;0.000000000000000000000;0.000000000000000000000;0.000000000000000000000
44;0.000000421516415882728;0.000000000000000000000;0.000000000000000000000;0.000000000000000000000
45;0.000000098553998078520;0.000000000000000000000;0.000000000000000000000;0.000000000000000000000
46;0.000000137938412225289;0.000000000000000000000;0.000000000000000000000;0.000000000000000000000
47;0.000000000000000000000;0.000000000000000000000;0.000000000000000000000;0.000000000000000000000
48;0.000000000000000000000;0.000000000000000000000;0.000000000000000000000;0.000000000000000000000
49;0.000008843677802604250;0.000000000000000000000;0.000000000000000000000;0.000000000000000000000
50;0.000000031879816701871;0.000000000000000000000;0.000000000000000000000;0.000000000000000000000
51;0.000000099973557212535;0.000000000000000000000;0.000000000000000000000;0.000000000000000000000
52;0.000000000000000000000;0.000000000000000000000;0.000000000000000000000;0.000000000000000000000
53;0.000000000000000000000;0.000000000000000000000;0.000000000000000000000;0.000000000000000000000
54;0.000000345181868794632;0.000000000000000000000;0.000000000000000000000;0.000000000000000000000
55;0.000000000000000000000;0.000000000000000000000;0.000000000000000000000;0.000000000000000000000
56;0.000002799480674940333;0.000000000000000000000;0.000000000000000000000;0.000000000000000000000
57;0.000000087571077501586;0.000000000000000000000;0.000000000000000000000;0.000000000000000000000
58;0.000002147876467704345;0.000000000000000000000;0.000000000000000000000;0.000000000000000000000
59;0.000000397246043306749;0.000000000000000000000;0.000000000000000000000;0.000000000000000000000
60;0.000000052112687532437;0.000000000000000000000;0.000000000000000000000;0.000000000000000000000
61;0.000000127185854745948;0.000000000000000000000;0.000000000000000000000;0.000000000000000000000
62;0.000000127297040868543;0.000000000000000000000;0.000000000000000000000;0.000000000000000000000
63;0.000000023420404221982;0.000000000000000000000;0.000000000000000000000;0.000000000000000000000
64;0.000009318256086148438;0.000000000000000000000;0.000000000000000000000;0.000000000000000000000
65;0.000000013597888924153;0.000000000000000000000;0.000000000000000000000;0.000000000000000000000
66;0.000000032919689495664;0.000000000000000000000;0.000000000000000000000;0.000000000000000000000
67;0.000000250259780316643;0.000000000000000000000;0.000000000000000000000;0.000000000000000000000
68;0.000000072521912350243;0.000000000000000000000;0.000000000000000000000;0.000000000000000000000
69;0.000000000000000000000;0.000000000000000000000;0.000000000000000000000;0.000000000000000000000
70;0.000047641528653204146;0.000000000000000000000;0.000000000000000000000;0.000000000000000000000
71;0.000000104296888509406;0.000000000000000000000;0.000000000000000000000;0.000000000000000000000
72;0.000000130907079485695;0.000000000000000000000;0.000000000000000000000;0.000000000000000000000
73;0.000000000000000000000;0.000000000000000000000;0.000000000000000000000;0.000000000000000000000
74;0.000000000000000000000;0.000000000000000000000;0.000000000000000000000;0.000000000000000000000
75;0.000010681585950633442;0.000000000000000000000;0.000000000000000000000;0.000000000000000000000
76;0.000000058743949101098;0.000000000000000000000;0.000000000000000000000;0.000000000000000000000
77;0.000000100997305623162;0.000000000000000000000;0.000000000000000000000;0.000000000000000000000
78;0.000000545747084602612;0.000000000000000000000;0.000000000000000000000;0.000000000000000000000
79;0.000000418354576289029;0.000000000000000000000;0.000000000000000000000;0.000000000000000000000
80;0.000004931767906132537;0.000000000000000000000;0.000000000000000000000;0.000000000000000000000
81;0.000000084001521333202;0.000000000000000000000;0.000000000000000000000;0.000000000000000000000
82;0.000000080622856137004;0.000000000000000000000;0.000000000000000000000;0.000000000000000000000
83;0.000000421094958280943;0.000000000000000000000;0.000000000000000000000;0.000000000000000000000
84;0.000009403854016413563;0.000000000000000000000;0.000000000000000000000;0.000000000000000000000
85;0.000005517991040219818;0.000000000000000000000;0.000000000000000000000;0.000000000000000000000
86;0.000000000000000000000;0.000000000000000000000;0.000000000000000000000;0.000000000000000000000
87;0.000003226421210532977;0.000000000000000000000;0.000000000000000000000;0.000000000000000000000
88;0.000002613895902272450;0.000000000000000000000;0.000000000000000000000;0.000000000000000000000
89;0.000000027091441747690;0.000000000000000000000;0.000000000000000000000;0.000000000000000000000
90;0.000000019481538773184;0.000000000000000000000;0.000000000000000000000;0.000000000000000000000
91;0.000000310739455817051;0.000000000000000000000;0.000000000000000000000;0.000000000000000000000
92;0.000000243806785556886;0.000000000000000000000;0.000000000000000000000;0.000000000000000000000
93;0.000007201284014194045;0.000000000000000000000;0.000000000000000000000;0.000000000000000000000
94;0.000008973852165144233;0.000000000000000000000;0.000000000000000000000;0.000000000000000000000
95;0.000000083612025159906;0.000000000000000000000;0.000000000000000000000;0.000000000000000000000
96;0.000000131211631821543;0.000000000000000000000;0.000000000000000000000;0.000000000000000000000
97;0.000005328719302746318;0.000000000000000000000;0.000000000000000000000;0.000000000000000000000
98;0.000000960814706330764;0.000000000000000000000;0.000000000000000000000;0.000000000000000000000
99;0.000014577676275381535;0.000000000000000000000;0.000000000000000000000;0.000000000000000000000
100;0.000012524429052071301;0.000000000000000000000;0.000000000000000000000;0.000000000000000000000
101;0.002049779976598270406;0.000403585749522395896;0.000102065698762347320;0.000000000000000000000
102;0.000113748982541863567;0.000010768073056429371;0.000000000000000000000;0.000000000000000000000
103;0.000000477306727214837;0.000000000000000000000;0.000000000000000000000;0.000000000000000000000
104;0.000000294694815658155;0.000000000000000000000;0.000000000000000000000;0.000000000000000000000
105;0.000001343307998479643;0.000000000000000000000;0.000000000000000000000;0.000000000000000000000
106;0.000000261025971847460;0.000000000000000000000;0.000000000000000000000;0.000000000000000000000
107;0.000000493526095376872;0.000000000000000000000;0.000000000000000000000;0.000000000000000000000
108;0.000372562222169238900;0.000043677392627096405;0.000000000000000000000;0.000000000000000000000
109;0.000002519456370921177;0.000000000000000000000;0.000000000000000000000;0.000000000000000000000
110;0.000000475856528451484;0.000000000000000000000;0.000000000000000000000;0.000000000000000000000
111;0.000000952323756093061;0.000000000000000000000;0.000000000000000000000;0.000000000000000000000
112;0.000001284785899535532;0.000000000000000000000;0.000000000000000000000;0.000000000000000000000
113;0.000001390337753683287;0.000000000000000000000;0.000000000000000000000;0.000000000000000000000
114;0.000001231186703590389;0.000000000000000000000;0.000000000000000000000;0.000000000000000000000
115;0.000001651298672605159;0.000000000000000000000;0.000000000000000000000;0.000000000000000000000
116;0.000000527200256141078;0.000000000000000000000;0.000000000000000000000;0.000000000000000000000
117;0.000000022550160684747;0.000000000000000000000;0.000000000000000000000;0.000000000000000000000
118;0.000000081868682884536;0.000000000000000000000;0.000000000000000000000;0.000000000000000000000
119;0.000000617343530263636;0.000000000000000000000;0.000000000000000000000;0.000000000000000000000
120;0.000000928088439480097;0.000000000000000000000;0.000000000000000000000;0.000000000000000000000
121;0.000001388378847537604;0.000000000000000000000;0.000000000000000000000;0.000000000000000000000
122;0.000000225974609119798;0.000000000000000000000;0.000000000000000000000;0.000000000000000000000
123;0.000003211819113736942;0.000000000000000000000;0.000000000000000000000;0.000000000000000000000
124;0.000000389810935900136;0.000000000000000000000;0.000000000000000000000;0.000000000000000000000
125;0.000000336744689859018;0.000000000000000000000;0.000000000000000000000;0.000000000000000000000
126;0.000003667859716160191;0.000000000000000000000;0.000000000000000000000;0.000000000000000000000
127;0.000000297914615748960;0.000000000000000000000;0.000000000000000000000;0.000000000000000000000
128;0.000004957832638596837;0.000000000000000000000;0.000000000000000000000;0.000000000000000000000
129;0.000000108275773628831;0.000000000000000000000;0.000000000000000000000;0.000000000000000000000
130;0.000000138305199391134;0.000000000000000000000;0.000000000000000000000;0.000000000000000000000
131;0.000001057598870715876;0.000000000000000000000;0.000000000000000000000;0.000000000000000000000
132;0.000008412139292328428;0.000000000000000000000;0.000000000000000000000;0.000000000000000000000
133;0.000000026144246841413;0.000000000000000000000;0.000000000000000000000;0.000000000000000000000
134;0.000000000000000000000;0.000000000000000000000;0.000000000000000000000;0.000000000000000000000
135;0.000001888734580521937;0.000000000000000000000;0.000000000000000000000;0.000000000000000000000
136;0.000001432813290941280;0.000000000000000000000;0.000000000000000000000;0.000000000000000000000
137;0.000004536735396802777;0.000000000000000000000;0.000000000000000000000;0.000000000000000000000
138;0.000000471229478548132;0.000000000000000000000;0.000000000000000000000;0.000000000000000000000
139;0.000001483179537877281;0.000000000000000000000;0.000000000000000000000;0.000000000000000000000
140;0.000000093047969049695;0.000000000000000000000;0.000000000000000000000;0.000000000000000000000
141;0.000000882921462263164;0.000000000000000000000;0.000000000000000000000;0.000000000000000000000
142;0.000000148664787506344;0.000000000000000000000;0.000000000000000000000;0.000000000000000000000
143;0.000000000000000000000;0.000000000000000000000;0.000000000000000000000;0.000000000000000000000
144;0.000014729366734502361;0.000000000000000000000;0.000000000000000000000;0.000000000000000000000
145;0.000000786707446212214;0.000000000000000000000;0.000000000000000000000;0.000000000000000000000
146;0.000000416229238423062;0.000000000000000000000;0.000000000000000000000;0.000000000000000000000
147;0.000006584479953574875;0.000000000000000000000;0.000000000000000000000;0.000000000000000000000
148;0.000002856779957335273;0.000000000000000000000;0.000000000000000000000;0.000000000000000000000
149;0.000000418655736845542;0.000000000000000000000;0.000000000000000000000;0.000000000000000000000
150;0.000005469585926861633;0.000000000000000000000;0.000000000000000000000;0.000000000000000000000
151;0.000073047082096161731;0.000000000000000000000;0.000000000000000000000;0.000000000000000000000
152;0.000003056381081067722;0.000000000000000000000;0.000000000000000000000;0.000000000000000000000
153;0.000011263797503276163;0.000000000000000000000;0.000000000000000000000;0.000000000000000000000
154;0.000001313254232182020;0.000000000000000000000;0.000000000000000000000;0.000000000000000000000
155;0.000001580898431386221;0.000000000000000000000;0.000000000000000000000;0.000000000000000000000
156;0.000002131958935263820;0.000000000000000000000;0.000000000000000000000;0.000000000000000000000
157;0.000001145240038824966;0.000000000000000000000;0.000000000000000000000;0.000000000000000000000
158;0.000215499184646668660;0.000021025290766353448;0.000000000000000000000;0.000000000000000000000
159;0.000000058966160338963;0.000000000000000000000;0.000000000000000000000;0.000000000000000000000
160;0.000000000000000000000;0.000000000000000000000;0.000000000000000000000;0.000000000000000000000
161;0.000000574836394748371;0.000000000000000000000;0.000000000000000000000;0.000000000000000000000
162;0.000000290547758425178;0.000000000000000000000;0.000000000000000000000;0.000000000000000000000
163;0.000080157557614749051;0.000007861580488889951;0.000000000000000000000;0.000000000000000000000
164;0.000186989277749190219;0.000019211596262650822;0.000000000000000000000;0.000000000000000000000
165;0.000030134029317799002;0.000000000000000000000;0.000000000000000000000;0.000000000000000000000
166;0.000010652824516289615;0.000000000000000000000;0.000000000000000000000;0.000000000000000000000
167;0.000005502260018820822;0.000000000000000000000;0.000000000000000000000;0.000000000000000000000
168;0.000000635478760575153;0.000000000000000000000;0.000000000000000000000;0.000000000000000000000
169;0.000000884474868941844;0.000000000000000000000;0.000000000000000000000;0.000000000000000000000
170;0.000035112011760166088;0.000000000000000000000;0.000000000000000000000;0.000000000000000000000
171;0.000036712450719479185;0.000000000000000000000;0.000000000000000000000;0.000000000000000000000
172;0.000026112698276045069;0.000000000000000000000;0.000000000000000000000;0.000000000000000000000
173;0.000026867211974465621;0.000000000000000000000;0.000000000000000000000;0.000000000000000000000
174;0.000010851279116980630;0.000000000000000000000;0.000000000000000000000;0.000000000000000000000
175;0.000001995147448540679;0.000000000000000000000;0.000000000000000000000;0.000000000000000000000
176;0.000102263788209600026;0.000000000000000000000;0.000000000000000000000;0.000000000000000000000
177;0.000000281881132063934;0.000000000000000000000;0.000000000000000000000;0.000000000000000000000
178;0.000038491115277858312;0.000000000000000000000;0.000000000000000000000;0.000000000000000000000
179;0.000052326203182614939;0.000000000000000000000;0.000000000000000000000;0.000000000000000000000
180;0.000020483817497888933;0.000000000000000000000;0.000000000000000000000;0.000000000000000000000
181;0.000070184742368986641;0.000000000000000000000;0.000000000000000000000;0.000000000000000000000
182;0.000024112515037441547;0.000000000000000000000;0.000000000000000000000;0.000000000000000000000
183;0.000000595222518136432;0.000000000000000000000;0.000000000000000000000;0.000000000000000000000
184;0.000054333870229552647;0.000000000000000000000;0.000000000000000000000;0.000000000000000000000
185;0.000064346781640418904;0.000000000000000000000;0.000000000000000000000;0.000000000000000000000
186;0.000001270643223908320;0.000000000000000000000;0.000000000000000000000;0.000000000000000000000
187;0.000003464603537812940;0.000000000000000000000;0.000000000000000000000;0.000000000000000000000
188;0.000000781036713569730;0.000000000000000000000;0.000000000000000000000;0.000000000000000000000
189;0.000006282291041978636;0.000000000000000000000;0.000000000000000000000;0.000000000000000000000
190;0.000022329640612665964;0.000000000000000000000;0.000000000000000000000;0.000000000000000000000
191;0.000128582339210425722;0.000000000000000000000;0.000000000000000000000;0.000000000000000000000
192;0.000054384369299421968;0.000000000000000000000;0.000000000000000000000;0.000000000000000000000
193;0.000043155615484284642;0.000000000000000000000;0.000000000000000000000;0.000000000000000000000
194;0.000066773220197755001;0.000000000000000000000;0.000000000000000000000;0.000000000000000000000
195;0.000000227117418867343;0.000000000000000000000;0.000000000000000000000;0.000000000000000000000
196;0.000000141388864694220;0.000000000000000000000;0.000000000000000000000;0.000000000000000000000
197;0.000062782235321410154;0.000000000000000000000;0.000000000000000000000;0.000000000000000000000
198;0.000046103023688431596;0.000000000000000000000;0.000000000000000000000;0.000000000000000000000
199;0.000009881491353937207;0.000000000000000000000;0.000000000000000000000;0.000000000000000000000
200;0.000008166373530946180;0.000000000000000000000;0.000000000000000000000;0.000000000000000000000
201;0.000002896571135087311;0.000000000000000000000;0.000000000000000000000;0.000000000000000000000
202;0.000001458237828626122;0.000000000000000000000;0.000000000000000000000;0.000000000000000000000
203;0.000176154252383784696;0.000015768454783921374;0.000000000000000000000;0.000000000000000000000
204;0.000001017111476744970;0.000000000000000000000;0.000000000000000000000;0.000000000000000000000
205;0.000005544322075465992;0.000000000000000000000;0.000000000000000000000;0.000000000000000000000
206;0.000002756939864931567;0.000000000000000000000;0.000000000000000000000;0.000000000000000000000
207;0.000111173199092928193;0.000000000000000000000;0.000000000000000000000;0.000000000000000000000
208;0.000002179947566276007;0.000000000000000000000;0.000000000000000000000;0.000000000000000000000
209;0.000007045760460759262;0.000000000000000000000;0.000000000000000000000;0.000000000000000000000
210;0.000000313595380445400;0.000000000000000000000;0.000000000000000000000;0.000000000000000000000
211;0.000003186705055110470;0.000000000000000000000;0.000000000000000000000;0.000000000000000000000
212;0.000002302803780082130;0.000000000000000000000;0.000000000000000000000;0.000000000000000000000
213;0.000002882080414203421;0.000000000000000000000;0.000000000000000000000;0.000000000000000000000
214;0.000043407040467841968;0.000000000000000000000;0.000000000000000000000;0.000000000000000000000
215;0.000004622399041404364;0.000000000000000000000;0.000000000000000000000;0.000000000000000000000
216;0.000113818820316172534;0.000000000000000000000;0.000000000000000000000;0.000000000000000000000
217;0.000054588126278919125;0.000000000000000000000;0.000000000000000000000;0.000000000000000000000
218;0.000030461622487066960;0.000000000000000000000;0.000000000000000000000;0.000000000000000000000
219;0.000003266106088509031;0.000000000000000000000;0.000000000000000000000;0.000000000000000000000
220;0.000157051368871512665;0.000011567619114484447;0.000000000000000000000;0.000000000000000000000
221;0.000001863964274450279;0.000000000000000000000;0.000000000000000000000;0.000000000000000000000
222;0.000003254496293076936;0.000000000000000000000;0.000000000000000000000;0.000000000000000000000
223;0.000000281870254335904;0.000000000000000000000;0.000000000000000000000;0.000000000000000000000
224;0.000060940533438920419;0.000000000000000000000;0.000000000000000000000;0.000000000000000000000
225;0.000063358034000579599;0.000000000000000000000;0.000000000000000000000;0.000000000000000000000
226;0.000053445745242638197;0.000000000000000000000;0.000000000000000000000;0.000000000000000000000
227;0.000014141972282997741;0.000000000000000000000;0.000000000000000000000;0.000000000000000000000
228;0.000019712760198320089;0.000000000000000000000;0.000000000000000000000;0.000000000000000000000
229;0.000049595191648460490;0.000000000000000000000;0.000000000000000000000;0.000000000000000000000
230;0.000005990148992150202;0.000000000000000000000;0.000000000000000000000;0.000000000000000000000
231;0.000013582875629293440;0.000000000000000000000;0.000000000000000000000;0.000000000000000000000
232;0.000011040576364198043;0.000000000000000000000;0.000000000000000000000;0.000000000000000000000
233;0.000013461241680778890;0.000000000000000000000;0.000000000000000000000;0.000000000000000000000
234;0.000057077340471601422;0.000000000000000000000;0.000000000000000000000;0.000000000000000000000
235;0.000001307428252483747;0.000000000000000000000;0.000000000000000000000;0.000000000000000000000
236;0.000016776882590048097;0.000000000000000000000;0.000000000000000000000;0.000000000000000000000
237;0.000000202848807694286;0.000000000000000000000;0.000000000000000000000;0.000000000000000000000
238;0.000016925043093462058;0.000000000000000000000;0.000000000000000000000;0.000000000000000000000
239;0.000009940308228134589;0.000000000000000000000;0.000000000000000000000;0.000000000000000000000
240;0.000001605097363459300;0.000000000000000000000;0.000000000000000000000;0.000000000000000000000
241;0.000002335345402085922;0.000000000000000000000;0.000000000000000000000;0.000000000000000000000
242;0.000004832371380054537;0.000000000000000000000;0.000000000000000000000;0.000000000000000000000
243;0.000055351263644992488;0.000000000000000000000;0.000000000000000000000;0.000000000000000000000
244;0.000007740935684106588;0.000000000000000000000;0.000000000000000000000;0.000000000000000000000
245;0.000014729578138423637;0.000000000000000000000;0.000000000000000000000;0.000000000000000000000
246;0.000009972084933613845;0.000000969588262566396;0.000000000000000000000;0.000000000000000000000
247;0.000000428984987685078;0.000000000000000000000;0.000000000000000000000;0.000000000000000000000
248;0.000000233712146384113;0.000000000000000000000;0.000000000000000000000;0.000000000000000000000
249;0.000000000000000000000;0.000000000000000000000;0.000000000000000000000;0.000000000000000000000
250;0.000000148683230412549;0.000000000000000000000;0.000000000000000000000;0.000000000000000000000
251;0.000010940747167200587;0.000000000000000000000;0.000000000000000000000;0.000000000000000000000
252;0.000058583909089437190;0.000000000000000000000;0.000000000000000000000;0.000000000000000000000
253;0.000001698059837943394;0.000000000000000000000;0.000000000000000000000;0.000000000000000000000
254;0.000000332294550339214;0.000000000000000000000;0.000000000000000000000;0.000000000000000000000
255;0.000014121682040145035;0.000000000000000000000;0.000000000000000000000;0.000000000000000000000
256;0.000004594727030294817;0.000000000000000000000;0.000000000000000000000;0.000000000000000000000
257;0.000000490809249062057;0.000000000000000000000;0.000000000000000000000;0.000000000000000000000
258;0.000003996711123132708;0.000000000000000000000;0.000000000000000000000;0.000000000000000000000
259;0.000002728327798519575;0.000000000000000000000;0.000000000000000000000;0.000000000000000000000
260;0.000000207287227183175;0.000000000000000000000;0.000000000000000000000;0.000000000000000000000
261;0.000002116952068231973;0.000000000000000000000;0.000000000000000000000;0.000000000000000000000
262;0.000002421060196824368;0.000000000000000000000;0.000000000000000000000;0.000000000000000000000
263;0.000000047060304578320;0.000000000000000000000;0.000000000000000000000;0.000000000000000000000
264;0.000000000000000000000;0.000000000000000000000;0.000000000000000000000;0.000000000000000000000
265;0.000001113101211255555;0.000000000000000000000;0.000000000000000000000;0.000000000000000000000
266;0.000000240572584739121;0.000000000000000000000;0.000000000000000000000;0.000000000000000000000
267;0.000000152490317446619;0.000000000000000000000;0.000000000000000000000;0.000000000000000000000
268;0.000034998148200557355;0.000000000000000000000;0.000000000000000000000;0.000000000000000000000
269;0.000002030131699794911;0.000000000000000000000;0.000000000000000000000;0.000000000000000000000
270;0.000022434400234367779;0.000000000000000000000;0.000000000000000000000;0.000000000000000000000
271;0.000001473716194243921;0.000000000000000000000;0.000000000000000000000;0.000000000000000000000
272;0.000000739856933670208;0.000000000000000000000;0.000000000000000000000;0.000000000000000000000
273;0.000011512907926991094;0.000000000000000000000;0.000000000000000000000;0.000000000000000000000
274;0.000021243256611583324;0.000000000000000000000;0.000000000000000000000;0.000000000000000000000
275;0.000039440032167459629;0.000000000000000000000;0.000000000000000000000;0.000000000000000000000
276;0.000027265173436949831;0.000000000000000000000;0.000000000000000000000;0.000000000000000000000
277;0.000008764943235374870;0.000000000000000000000;0.000000000000000000000;0.000000000000000000000
278;0.000063464971227580755;0.000000000000000000000;0.000000000000000000000;0.000000000000000000000
279;0.000033073843966716608;0.000000000000000000000;0.000000000000000000000;0.000000000000000000000
280;0.000034006747630807577;0.000000000000000000000;0.000000000000000000000;0.000000000000000000000
281;0.000019556655675469648;0.000000000000000000000;0.000000000000000000000;0.000000000000000000000
282;0.000005228859568521926;0.000000000000000000000;0.000000000000000000000;0.000000000000000000000
283;0.000003749442854637450;0.000000000000000000000;0.000000000000000000000;0.000000000000000000000
284;0.000003704347243172321;0.000000000000000000000;0.000000000000000000000;0.000000000000000000000
285;0.000015233111487767136;0.000000000000000000000;0.000000000000000000000;0.000000000000000000000
286;0.000012085941295077259;0.000000000000000000000;0.000000000000000000000;0.000000000000000000000
287;0.000000315266088884080;0.000000000000000000000;0.000000000000000000000;0.000000000000000000000
288;0.000000282881582487436;0.000000000000000000000;0.000000000000000000000;0.000000000000000000000
289;0.000004176020605567432;0.000000000000000000000;0.000000000000000000000;0.000000000000000000000
290;0.000260321146180766212;0.000029733033399527028;0.000000000000000000000;0.000000000000000000000
291;0.000183189812213137293;0.000000000000000000000;0.000000000000000000000;0.000000000000000000000
292;0.000098918863129580453;0.000000000000000000000;0.000000000000000000000;0.000000000000000000000
293;0.000000968038315546545;0.000000000000000000000;0.000000000000000000000;0.000000000000000000000
294;0.000002027432389970602;0.000000000000000000000;0.000000000000000000000;0.000000000000000000000
295;0.000015560518221074238;0.000000000000000000000;0.000000000000000000000;0.000000000000000000000
296;0.000007224561265181587;0.000000000000000000000;0.000000000000000000000;0.000000000000000000000
297;0.000000692112045210019;0.000000000000000000000;0.000000000000000000000;0.000000000000000000000
298;0.000000015071007021530;0.000000000000000000000;0.000000000000000000000;0.000000000000000000000
299;0.000000784510568401208;0.000000000000000000000;0.000000000000000000000;0.000000000000000000000
300;0.000002041889579845883;0.000000000000000000000;0.000000000000000000000;0.000000000000000000000
301;0.000003236375007208042;0.000000000000000000000;0.000000000000000000000;0.000000000000000000000
302;0.000024876175876625974;0.000000000000000000000;0.000000000000000000000;0.000000000000000000000
303;0.000013058161304345567;0.000000000000000000000;0.000000000000000000000;0.000000000000000000000
304;0.000001834655553667124;0.000000000000000000000;0.000000000000000000000;0.000000000000000000000
305;0.000017528533587745764;0.000000000000000000000;0.000000000000000000000;0.000000000000000000000
306;0.000119145342851187719;0.000000000000000000000;0.000000000000000000000;0.000000000000000000000
307;0.000005934239031123428;0.000000000000000000000;0.000000000000000000000;0.000000000000000000000
308;0.000003603349115101889;0.000000000000000000000;0.000000000000000000000;0.000000000000000000000
309;0.000003643869614095329;0.000000000000000000000;0.000000000000000000000;0.000000000000000000000
310;0.000003935406341743289;0.000000000000000000000;0.000000000000000000000;0.000000000000000000000
311;0.000006132676335873647;0.000000000000000000000;0.000000000000000000000;0.000000000000000000000
312;0.000096549689784860185;0.000000000000000000000;0.000000000000000000000;0.000000000000000000000
313;0.000019904438220441113;0.000000000000000000000;0.000000000000000000000;0.000000000000000000000
314;0.000000770306494275036;0.000000000000000000000;0.000000000000000000000;0.000000000000000000000
315;0.000002645512139979942;0.000000000000000000000;0.000000000000000000000;0.000000000000000000000
316;0.000000949182075141217;0.000000000000000000000;0.000000000000000000000;0.000000000000000000000
317;0.000001889207295889311;0.000000000000000000000;0.000000000000000000000;0.000000000000000000000
318;0.000000234510836680962;0.000000000000000000000;0.000000000000000000000;0.000000000000000000000
319;0.000001618657734973417;0.000000000000000000000;0.000000000000000000000;0.000000000000000000000
320;0.000000970627440094807;0.000000000000000000000;0.000000000000000000000;0.000000000000000000000
321;0.000004271797169919060;0.000000000000000000000;0.000000000000000000000;0.000000000000000000000
322;0.000029320433645843406;0.000000000000000000000;0.000000000000000000000;0.000000000000000000000
323;0.000005079551454616409;0.000000000000000000000;0.000000000000000000000;0.000000000000000000000
324;0.000022813485890931653;0.000000000000000000000;0.000000000000000000000;0.000000000000000000000
325;0.000002983741516907921;0.000000000000000000000;0.000000000000000000000;0.000000000000000000000
326;0.000005627177922946577;0.000000000000000000000;0.000000000000000000000;0.000000000000000000000
327;0.000018011795747355952;0.000000000000000000000;0.000000000000000000000;0.000000000000000000000
328;0.000005356233852592146;0.000000000000000000000;0.000000000000000000000;0.000000000000000000000
329;0.000017124846043970790;0.000000000000000000000;0.000000000000000000000;0.000000000000000000000
330;0.000000141641747669091;0.000000000000000000000;0.000000000000000000000;0.000000000000000000000
331;0.000084078085924568544;0.000000000000000000000;0.000000000000000000000;0.000000000000000000000
332;0.000000424620146423378;0.000000000000000000000;0.000000000000000000000;0.000000000000000000000
333;0.000001194783786393931;0.000000000000000000000;0.000000000000000000000;0.000000000000000000000
334;0.000000192043184975774;0.000000000000000000000;0.000000000000000000000;0.000000000000000000000
335;0.000000173612025030936;0.000000000000000000000;0.000000000000000000000;0.000000000000000000000
336;0.000000113457982385340;0.000000000000000000000;0.000000000000000000000;0.000000000000000000000
337;0.000001653022231629412;0.000000000000000000000;0.000000000000000000000;0.000000000000000000000
338;0.000000481609897712951;0.000000000000000000000;0.000000000000000000000;0.000000000000000000000
339;0.000001495867239343881;0.000000000000000000000;0.000000000000000000000;0.000000000000000000000
340;0.000006453016937308702;0.000000000000000000000;0.000000000000000000000;0.000000000000000000000
341;0.000010062376904417461;0.000000000000000000000;0.000000000000000000000;0.000000000000000000000
342;0.000000370382076627379;0.000000000000000000000;0.000000000000000000000;0.000000000000000000000
343;0.000000670538559589210;0.000000000000000000000;0.000000000000000000000;0.000000000000000000000
344;0.000001062373467977909;0.000000000000000000000;0.000000000000000000000;0.000000000000000000000
345;0.000000455106365471486;0.000000000000000000000;0.000000000000000000000;0.000000000000000000000
346;0.000001220338463762502;0.000000000000000000000;0.000000000000000000000;0.000000000000000000000
347;0.000001141772362397792;0.000000000000000000000;0.000000000000000000000;0.000000000000000000000
348;0.000002666340879934613;0.000000000000000000000;0.000000000000000000000;0.000000000000000000000
349;0.000001149742504552998;0.000000000000000000000;0.000000000000000000000;0.000000000000000000000
350;0.000000330956924484739;0.000000000000000000000;0.000000000000000000000;0.000000000000000000000
351;0.000050630615095697176;0.000000000000000000000;0.000000000000000000000;0.000000000000000000000
352;0.000040563033114661591;0.000000000000000000000;0.000000000000000000000;0.000000000000000000000
353;0.000001899040790916004;0.000000000000000000000;0.000000000000000000000;0.000000000000000000000
354;0.000012980649844669939;0.000000000000000000000;0.000000000000000000000;0.000000000000000000000
355;0.000003519731646098835;0.000000000000000000000;0.000000000000000000000;0.000000000000000000000
356;0.000000000000000000000;0.000000000000000000000;0.000000000000000000000;0.000000000000000000000
357;0.000001739092059934640;0.000000000000000000000;0.000000000000000000000;0.000000000000000000000
358;0.000000109097128251793;0.000000000000000000000;0.000000000000000000000;0.000000000000000000000
359;0.000000091788853266487;0.000000000000000000000;0.000000000000000000000;0.000000000000000000000
360;0.000016236893669093935;0.000000000000000000000;0.000000000000000000000;0.000000000000000000000
361;0.000022801626768451332;0.000000000000000000000;0.000000000000000000000;0.000000000000000000000
362;0.000000000000000000000;0.000000000000000000000;0.000000000000000000000;0.000000000000000000000
363;0.000000000000000000000;0.000000000000000000000;0.000000000000000000000;0.000000000000000000000
364;0.000000000000000000000;0.000000000000000000000;0.000000000000000000000;0.000000000000000000000
365;0.000000000000000000000;0.000000000000000000000;0.000000000000000000000;0.000000000000000000000
366;0.000000000000000000000;0.000000000000000000000;0.000000000000000000000;0.000000000000000000000
367;0.000002976522725486614;0.000000000000000000000;0.000000000000000000000;0.000000000000000000000
368;0.000243265822088271910;0.000000000000000000000;0.000000000000000000000;0.000000000000000000000
369;0.000000000000000000000;0.000000000000000000000;0.000000000000000000000;0.000000000000000000000
370;0.000002210269925030347;0.000000000000000000000;0.000000000000000000000;0.000000000000000000000
371;0.000003363133900832124;0.000000000000000000000;0.000000000000000000000;0.000000000000000000000
372;0.000014450810776674367;0.000000000000000000000;0.000000000000000000000;0.000000000000000000000
373;0.000003260959996807627;0.000000000000000000000;0.000000000000000000000;0.000000000000000000000
374;0.000000000000000000000;0.000000000000000000000;0.000000000000000000000;0.000000000000000000000
375;0.000000481038224854635;0.000000000000000000000;0.000000000000000000000;0.000000000000000000000
376;0.000000000000000000000;0.000000000000000000000;0.000000000000000000000;0.000000000000000000000
377;0.000001293573361661419;0.000000000000000000000;0.000000000000000000000;0.000000000000000000000
378;0.000002951545614013557;0.000000000000000000000;0.000000000000000000000;0.000000000000000000000
379;0.000002075865216457490;0.000000000000000000000;0.000000000000000000000;0.000000000000000000000
380;0.000007622158922491439;0.000000000000000000000;0.000000000000000000000;0.000000000000000000000
381;0.000013376037014098221;0.000000000000000000000;0.000000000000000000000;0.000000000000000000000
382;0.000000000000000000000;0.000000000000000000000;0.000000000000000000000;0.000000000000000000000
383;0.000000091249125651338;0.000000000000000000000;0.000000000000000000000;0.000000000000000000000
384;0.000695455801788536052;0.000000000000000000000;0.000000000000000000000;0.000000000000000000000
385;0.000000678266070428422;0.000000000000000000000;0.000000000000000000000;0.000000000000000000000
386;0.000000769793829806907;0.000000000000000000000;0.000000000000000000000;0.000000000000000000000
387;0.000000202602810201464;0.000000000000000000000;0.000000000000000000000;0.000000000000000000000
388;0.000007131704614429800;0.000000000000000000000;0.000000000000000000000;0.000000000000000000000
389;0.000007338522079791435;0.000000000000000000000;0.000000000000000000000;0.000000000000000000000
390;0.000005297489415203125;0.000000000000000000000;0.000000000000000000000;0.000000000000000000000
391;0.000006344569658527305;0.000000000000000000000;0.000000000000000000000;0.000000000000000000000
392;0.000011537712171413037;0.000000000000000000000;0.000000000000000000000;0.000000000000000000000
393;0.000030344983717681819;0.000000000000000000000;0.000000000000000000000;0.000000000000000000000
394;0.000002749747672521539;0.000000000000000000000;0.000000000000000000000;0.000000000000000000000
395;0.000000217044092131418;0.000000000000000000000;0.000000000000000000000;0.000000000000000000000
396;0.000000891005531036622;0.000000000000000000000;0.000000000000000000000;0.000000000000000000000
397;0.000023855859637628152;0.000000000000000000000;0.000000000000000000000;0.000000000000000000000
398;0.000019931956834553660;0.000000000000000000000;0.000000000000000000000;0.000000000000000000000
399;0.000004788824376374854;0.000000000000000000000;0.000000000000000000000;0.000000000000000000000
400;0.000088014395610075638;0.000000000000000000000;0.000000000000000000000;0.000000000000000000000
401;0.000250245200928055024;0.000000000000000000000;0.000000000000000000000;0.000000000000000000000
402;0.000004107822531204761;0.000000000000000000000;0.000000000000000000000;0.000000000000000000000
403;0.000022089167874136773;0.000000000000000000000;0.000000000000000000000;0.000000000000000000000
404;0.000051038124581161137;0.000000000000000000000;0.000000000000000000000;0.000000000000000000000
405;0.000001576102159213863;0.000000000000000000000;0.000000000000000000000;0.000000000000000000000
406;0.000013012010502353363;0.000000000000000000000;0.000000000000000000000;0.000000000000000000000
407;0.000015696233823383121;0.000000000000000000000;0.000000000000000000000;0.000000000000000000000
408;0.000233990699222093312;0.000000000000000000000;0.000000000000000000000;0.000000000000000000000
409;0.000017751361414814187;0.000000000000000000000;0.000000000000000000000;0.000000000000000000000
410;0.000027157502998857715;0.000000000000000000000;0.000000000000000000000;0.000000000000000000000
411;0.000008744807380406221;0.000000000000000000000;0.000000000000000000000;0.000000000000000000000
412;0.000052160175718599267;0.000000000000000000000;0.000000000000000000000;0.000000000000000000000
413;0.000019629562942220791;0.000000000000000000000;0.000000000000000000000;0.000000000000000000000
414;0.000006075450277890736;0.000000000000000000000;0.000000000000000000000;0.000000000000000000000
415;0.000001589187997965043;0.000000000000000000000;0.000000000000000000000;0.000000000000000000000
416;0.000130469897117818645;0.000000000000000000000;0.000000000000000000000;0.000000000000000000000
417;0.000007807642811756091;0.000000000000000000000;0.000000000000000000000;0.000000000000000000000
418;0.000011022870778463803;0.000000000000000000000;0.000000000000000000000;0.000000000000000000000
419;0.000053498068222079809;0.000000000000000000000;0.000000000000000000000;0.000000000000000000000
420;0.000000305210419282887;0.000000000000000000000;0.000000000000000000000;0.000000000000000000000
421;0.000025993964359777993;0.000000000000000000000;0.000000000000000000000;0.000000000000000000000
422;0.000009109273139206982;0.000000000000000000000;0.000000000000000000000;0.000000000000000000000
423;0.000005214145992092026;0.000000000000000000000;0.000000000000000000000;0.000000000000000000000
424;0.000000894262205143367;0.000000000000000000000;0.000000000000000000000;0.000000000000000000000
425;0.000000989243485316242;0.000000000000000000000;0.000000000000000000000;0.000000000000000000000
426;0.000002828670111477595;0.000000000000000000000;0.000000000000000000000;0.000000000000000000000
427;0.000050009559198120841;0.000000000000000000000;0.000000000000000000000;0.000000000000000000000
428;0.000000318617758122598;0.000000000000000000000;0.000000000000000000000;0.000000000000000000000
429;0.000000170529150269174;0.000000000000000000000;0.000000000000000000000;0.000000000000000000000
430;0.000000000000000000000;0.000000000000000000000;0.000000000000000000000;0.000000000000000000000
431;0.000000238885473352211;0.000000000000000000000;0.000000000000000000000;0.000000000000000000000
432;0.000000795061932603246;0.000000000000000000000;0.000000000000000000000;0.000000000000000000000
433;0.000302280581243898484;0.000026913782732289799;0.000000000000000000000;0.000000000000000000000
434;0.000013385691161602506;0.000000000000000000000;0.000000000000000000000;0.000000000000000000000
435;0.000020564530700555233;0.000000000000000000000;0.000000000000000000000;0.000000000000000000000
436;0.000000324521141178956;0.000000000000000000000;0.000000000000000000000;0.000000000000000000000
437;0.000000279733707356067;0.000000000000000000000;0.000000000000000000000;0.000000000000000000000
438;0.000154516218344898093;0.000013953910125133818;0.000000000000000000000;0.000000000000000000000
439;0.000001461243922255460;0.000000000000000000000;0.000000000000000000000;0.000000000000000000000
440;0.000001530005790380782;0.000000000000000000000;0.000000000000000000000;0.000000000000000000000
441;0.000005173387690864754;0.000000000000000000000;0.000000000000000000000;0.000000000000000000000
442;0.000002320462585871771;0.000000000000000000000;0.000000000000000000000;0.000000000000000000000
443;0.000000850199801853780;0.000000000000000000000;0.000000000000000000000;0.000000000000000000000
444;0.000000453071286553304;0.000000000000000000000;0.000000000000000000000;0.000000000000000000000
445;0.000007148981518670744;0.000000000000000000000;0.000000000000000000000;0.000000000000000000000
446;0.000001155144422013563;0.000000000000000000000;0.000000000000000000000;0.000000000000000000000
447;0.000004784412933156066;0.000000000000000000000;0.000000000000000000000;0.000000000000000000000
448;0.000002752308362821677;0.000000000000000000000;0.000000000000000000000;0.000000000000000000000
449;0.000000426671827058217;0.000000000000000000000;0.000000000000000000000;0.000000000000000000000
450;0.000003219840680704066;0.000000000000000000000;0.000000000000000000000;0.000000000000000000000
451;0.000192229405046416010;0.000024001429641760157;0.000000000000000000000;0.000000000000000000000
452;0.000002245838147909116;0.000000000000000000000;0.000000000000000000000;0.000000000000000000000
453;0.000034373735574823868;0.000000000000000000000;0.000000000000000000000;0.000000000000000000000
454;0.000004167706516933190;0.000000000000000000000;0.000000000000000000000;0.000000000000000000000
455;0.000007967077468313845;0.000000000000000000000;0.000000000000000000000;0.000000000000000000000
456;0.000026612620224075737;0.000000000000000000000;0.000000000000000000000;0.000000000000000000000
457;0.000008327984982514636;0.000000000000000000000;0.000000000000000000000;0.000000000000000000000
458;0.000012216885372365633;0.000000000000000000000;0.000000000000000000000;0.000000000000000000000
459;0.000001267771481880025;0.000000000000000000000;0.000000000000000000000;0.000000000000000000000
460;0.000000513687499717355;0.000000000000000000000;0.000000000000000000000;0.000000000000000000000
461;0.000001210573572554240;0.000000000000000000000;0.000000000000000000000;0.000000000000000000000
462;0.000040486535941726062;0.000000000000000000000;0.000000000000000000000;0.000000000000000000000
463;0.000013502644722649559;0.000000000000000000000;0.000000000000000000000;0.000000000000000000000
464;0.000000000000000000000;0.000000000000000000000;0.000000000000000000000;0.000000000000000000000
465;0.000000080218522403315;0.000000000000000000000;0.000000000000000000000;0.000000000000000000000
466;0.000013492053721662902;0.000000000000000000000;0.000000000000000000000;0.000000000000000000000
467;0.000001288203729612504;0.000000000000000000000;0.000000000000000000000;0.000000000000000000000
468;0.000000269837815833739;0.000000000000000000000;0.000000000000000000000;0.000000000000000000000
469;0.000000574374084505951;0.000000000000000000000;0.000000000000000000000;0.000000000000000000000
470;0.000006818204098854766;0.000000000000000000000;0.000000000000000000000;0.000000000000000000000
471;0.000000330436275448074;0.000000000000000000000;0.000000000000000000000;0.000000000000000000000
472;0.000016138211234553897;0.000000000000000000000;0.000000000000000000000;0.000000000000000000000
473;0.000034140529098780625;0.000000000000000000000;0.000000000000000000000;0.000000000000000000000
474;0.000526548142926741569;0.000061127634730932107;0.000000000000000000000;0.000000000000000000000
475;0.000003527837896811111;0.000000000000000000000;0.000000000000000000000;0.000000000000000000000
476;0.000000734451798962058;0.000000000000000000000;0.000000000000000000000;0.000000000000000000000
477;0.000000162531969647738;0.000000000000000000000;0.000000000000000000000;0.000000000000000000000
478;0.000001604364976321520;0.000000000000000000000;0.000000000000000000000;0.000000000000000000000
479;0.000000000000000000000;0.000000000000000000000;0.000000000000000000000;0.000000000000000000000
480;0.001168726684619846631;0.000124132382368219440;0.000000000000000000000;0.000000000000000000000
481;0.000000262488760637170;0.000000000000000000000;0.000000000000000000000;0.000000000000000000000
482;0.000000792906127651104;0.000000000000000000000;0.000000000000000000000;0.000000000000000000000
483;0.000019837326371038102;0.000000000000000000000;0.000000000000000000000;0.000000000000000000000
484;0.000000381357383216390;0.000000000000000000000;0.000000000000000000000;0.000000000000000000000
485;0.000000344841553709201;0.000000000000000000000;0.000000000000000000000;0.000000000000000000000
486;0.000149504360852399404;0.000000000000000000000;0.000000000000000000000;0.000000000000000000000
487;0.000000017307785724579;0.000000000000000000000;0.000000000000000000000;0.000000000000000000000
488;0.000000120347836014501;0.000000000000000000000;0.000000000000000000000;0.000000000000000000000
489;0.000007868991432869824;0.000000000000000000000;0.000000000000000000000;0.000000000000000000000
490;0.000018894384366785998;0.000000000000000000000;0.000000000000000000000;0.000000000000000000000
491;0.000015993430179421769;0.000000000000000000000;0.000000000000000000000;0.000000000000000000000
492;0.000009906494504396574;0.000000931445837501705;0.000000000000000000000;0.000000000000000000000
493;0.000000770449704490062;0.000000000000000000000;0.000000000000000000000;0.000000000000000000000
494;0.000000000000000000000;0.000000000000000000000;0.000000000000000000000;0.000000000000000000000
495;0.000000136388483143852;0.000000000000000000000;0.000000000000000000000;0.000000000000000000000
