RESUMER ZONES HYDROTEL VERSION;4.3.1.0000

UHRH ID; TYPE; ALTITUDE MOYENNE (m); PENTE MOYENNE (ratio); ORIENTATION MOYENNE; NB PIXEL; SUPERFICIE (km2); LONGITUDE; LATITUDE
1;SOUS-BASSIN;47.270653;0.026023;7;1778;0.711200;-74.18244;45.29459
2;SOUS-BASSIN;47.670998;0.028844;2;1993;0.797200;-74.18631;45.28903
3;SOUS-BASSIN;44.536610;0.062945;8;3;0.001200;-74.19204;45.29406
4;SOUS-BASSIN;48.206108;0.013780;7;645;0.258000;-74.18999;45.29827
5;SOUS-BASSIN;46.092575;0.030555;8;18;0.007200;-74.19224;45.29454
6;SOUS-BASSIN;47.277641;0.028257;2;5;0.002000;-74.19307;45.29447
7;SOUS-BASSIN;46.708908;0.053045;7;18;0.007200;-74.19333;45.29399
8;SOUS-BASSIN;48.667355;0.029645;2;330;0.132000;-74.19425;45.29102
9;SOUS-BASSIN;47.415501;0.035628;6;6;0.002400;-74.19421;45.29401
10;SOUS-BASSIN;46.757008;0.041865;1;11;0.004400;-74.19471;45.29390
11;SOUS-BASSIN;48.614975;0.009737;6;906;0.362400;-74.19474;45.29953
12;SOUS-BASSIN;48.643295;0.019796;2;695;0.278000;-74.19941;45.29698
13;SOUS-BASSIN;49.799549;0.011665;8;2385;0.954000;-74.20411;45.30471
14;SOUS-BASSIN;46.794163;0.047390;3;4;0.001600;-74.19411;45.29437
15;SOUS-BASSIN;46.983364;0.019313;7;30;0.012000;-74.19414;45.29496
16;SOUS-BASSIN;47.016869;0.038893;3;2;0.000800;-74.19347;45.29455
17;SOUS-BASSIN;48.718605;0.017088;7;1502;0.600800;-74.20461;45.29651
18;SOUS-BASSIN;47.762699;0.031441;3;720;0.288000;-74.19999;45.29114
19;SOUS-BASSIN;47.834061;0.007337;6;304;0.121600;-74.20830;45.29412
20;SOUS-BASSIN;47.589516;0.007331;1;164;0.065600;-74.20938;45.29283
21;SOUS-BASSIN;49.297581;0.006031;8;70;0.028000;-74.21114;45.29634
22;SOUS-BASSIN;47.012276;0.041552;7;29;0.011600;-74.20775;45.28991
23;SOUS-BASSIN;47.127647;0.030037;3;111;0.044400;-74.20704;45.28874
24;SOUS-BASSIN;47.567497;0.006984;6;121;0.048400;-74.21034;45.29239
25;SOUS-BASSIN;47.774094;0.007764;1;170;0.068000;-74.21169;45.29233
26;SOUS-BASSIN;49.977295;0.006713;8;1033;0.413200;-74.21419;45.29871
27;SOUS-BASSIN;47.181072;0.040006;8;29;0.011600;-74.21003;45.28921
28;SOUS-BASSIN;46.308140;0.046341;4;52;0.020800;-74.20911;45.28840
29;SOUS-BASSIN;47.155510;0.007243;6;87;0.034800;-74.21167;45.29079
30;SOUS-BASSIN;47.199280;0.010641;1;148;0.059200;-74.21248;45.28995
31;SOUS-BASSIN;49.878059;0.006702;8;701;0.280400;-74.21852;45.29651
32;SOUS-BASSIN;47.257473;0.031066;7;76;0.030400;-74.21206;45.28809
33;SOUS-BASSIN;48.277393;0.013023;5;1792;0.716800;-74.20554;45.28570
34;SOUS-BASSIN;47.726379;0.009830;6;114;0.045600;-74.21479;45.29062
35;SOUS-BASSIN;47.806351;0.007713;1;131;0.052400;-74.21640;45.29032
36;SOUS-BASSIN;49.077183;0.005273;8;219;0.087600;-74.21804;45.29318
37;SOUS-BASSIN;46.643002;0.100161;1;1;0.000400;-74.21422;45.28839
38;SOUS-BASSIN;47.811714;0.012578;8;229;0.091600;-74.21786;45.28972
39;SOUS-BASSIN;46.314537;0.053772;3;94;0.037600;-74.21621;45.28723
40;SOUS-BASSIN;48.452168;0.006550;6;214;0.085600;-74.22006;45.29029
41;SOUS-BASSIN;48.394333;0.009047;8;840;0.336000;-74.22330;45.28902
42;SOUS-BASSIN;50.147282;0.006657;7;884;0.353600;-74.22397;45.29544
43;SOUS-BASSIN;47.140213;0.034920;1;98;0.039200;-74.21897;45.28511
44;SOUS-BASSIN;46.844307;0.036718;5;209;0.083600;-74.21689;45.28444
45;SOUS-BASSIN;47.497646;0.035017;7;95;0.038000;-74.22138;45.28447
46;SOUS-BASSIN;46.437069;0.044712;3;95;0.038000;-74.22135;45.28350
47;SOUS-BASSIN;47.391518;0.032523;6;5;0.002000;-74.22372;45.28395
48;SOUS-BASSIN;46.963104;0.033795;1;14;0.005600;-74.22418;45.28372
49;SOUS-BASSIN;49.398212;0.007135;7;862;0.344800;-74.22806;45.29104
50;SOUS-BASSIN;47.475864;0.032584;1;25;0.010000;-74.22466;45.28302
51;SOUS-BASSIN;46.713776;0.041651;4;62;0.024800;-74.22368;45.28225
52;SOUS-BASSIN;47.680405;0.025488;7;2;0.000800;-74.22514;45.28252
53;SOUS-BASSIN;47.169067;0.031013;8;5;0.002000;-74.22512;45.28227
54;SOUS-BASSIN;47.961433;0.008465;6;128;0.051200;-74.22671;45.28538
55;SOUS-BASSIN;47.661774;0.009066;1;76;0.030400;-74.22717;45.28448
56;SOUS-BASSIN;49.492172;0.006405;8;383;0.153200;-74.23100;45.29048
57;SOUS-BASSIN;47.694828;0.008101;6;51;0.020400;-74.22746;45.28402
58;SOUS-BASSIN;48.660465;0.006327;8;377;0.150800;-74.23087;45.28714
59;SOUS-BASSIN;49.020275;0.005985;8;81;0.032400;-74.23089;45.28791
60;SOUS-BASSIN;47.377056;0.025395;8;35;0.014000;-74.22644;45.28150
61;SOUS-BASSIN;46.787380;0.053727;3;98;0.039200;-74.22576;45.28072
62;SOUS-BASSIN;47.438496;0.007528;6;51;0.020400;-74.22859;45.28251
63;SOUS-BASSIN;48.101974;0.012003;1;80;0.032000;-74.22949;45.28209
64;SOUS-BASSIN;49.117630;0.005850;8;952;0.380800;-74.23456;45.28818
65;SOUS-BASSIN;48.182858;0.017167;1;32;0.012800;-74.22889;45.28055
66;SOUS-BASSIN;46.703560;0.066896;4;27;0.010800;-74.22766;45.28001
67;SOUS-BASSIN;48.087925;0.017119;8;387;0.154800;-74.23204;45.27977
68;SOUS-BASSIN;47.549660;0.034109;3;344;0.137600;-74.23171;45.27690
69;SOUS-BASSIN;47.682079;0.044967;8;1;0.000400;-74.23606;45.27648
70;SOUS-BASSIN;48.789963;0.007801;7;3138;1.255200;-74.24042;45.28534
71;SOUS-BASSIN;47.854900;0.033643;8;105;0.042000;-74.23847;45.27556
72;SOUS-BASSIN;47.831787;0.026366;4;314;0.125600;-74.23748;45.27409
73;SOUS-BASSIN;48.023262;0.012551;6;15;0.006000;-74.24089;45.27492
74;SOUS-BASSIN;47.884460;0.010803;1;18;0.007200;-74.24145;45.27475
75;SOUS-BASSIN;48.462353;0.008235;8;1179;0.471600;-74.24498;45.28265
76;SOUS-BASSIN;47.976223;0.024514;6;27;0.010800;-74.24214;45.27470
77;SOUS-BASSIN;47.366787;0.049642;2;91;0.036400;-74.24225;45.27376
78;SOUS-BASSIN;47.549740;0.007866;6;184;0.073600;-74.24416;45.27784
79;SOUS-BASSIN;47.674545;0.008354;1;166;0.066400;-74.24591;45.27779
80;SOUS-BASSIN;49.019077;0.007377;8;688;0.275200;-74.24984;45.28398
81;SOUS-BASSIN;47.916077;0.030038;7;44;0.017600;-74.24502;45.27551
82;SOUS-BASSIN;46.699356;0.059940;3;43;0.017200;-74.24453;45.27469
83;SOUS-BASSIN;47.764690;0.008163;6;144;0.057600;-74.24745;45.27728
84;SOUS-BASSIN;48.630219;0.007034;1;1159;0.463600;-74.25349;45.27842
85;SOUS-BASSIN;49.046814;0.007396;8;769;0.307600;-74.25309;45.28256
86;SOUS-BASSIN;46.387455;0.165220;1;2;0.000800;-74.24616;45.27456
87;SOUS-BASSIN;48.098473;0.010746;8;562;0.224800;-74.25233;45.27360
88;SOUS-BASSIN;47.556431;0.020746;4;673;0.269200;-74.24728;45.27083
89;SOUS-BASSIN;48.064140;0.021090;7;13;0.005200;-74.25370;45.27117
90;SOUS-BASSIN;47.127537;0.048319;2;23;0.009200;-74.25417;45.27035
91;SOUS-BASSIN;48.028530;0.027016;6;123;0.049200;-74.25542;45.27323
92;SOUS-BASSIN;47.502720;0.039081;1;136;0.054400;-74.25636;45.27237
93;SOUS-BASSIN;48.917049;0.009712;7;1227;0.490800;-74.26228;45.27866
94;SOUS-BASSIN;48.693073;0.014052;3;1477;0.590800;-74.26637;45.27326
95;SOUS-BASSIN;48.582733;0.038419;5;39;0.015600;-74.27060;45.27714
96;SOUS-BASSIN;47.948364;0.034062;1;70;0.028000;-74.27207;45.27700
97;SOUS-BASSIN;48.974377;0.013700;6;891;0.356400;-74.26661;45.28235
98;SOUS-BASSIN;48.382740;0.028242;1;344;0.137600;-74.27162;45.28079
99;SOUS-BASSIN;49.155727;0.010295;4;1824;0.729600;-74.25839;45.28802
100;SOUS-BASSIN;49.272156;0.009654;8;2322;0.928800;-74.26360;45.29107
101;SOUS-BASSIN;56.192631;0.005326;8;81264;32.505600;-74.29402;45.33276
102;SOUS-BASSIN;51.131504;0.006014;7;6925;2.770000;-74.27924;45.29802
103;SOUS-BASSIN;48.355484;0.042177;3;207;0.082800;-74.27585;45.28247
104;SOUS-BASSIN;48.655777;0.034929;6;132;0.052800;-74.27888;45.28387
105;SOUS-BASSIN;49.014008;0.028065;2;394;0.157600;-74.28198;45.28242
106;SOUS-BASSIN;49.117615;0.020030;7;82;0.032800;-74.28503;45.28532
107;SOUS-BASSIN;49.120689;0.019849;2;135;0.054000;-74.28568;45.28372
108;SOUS-BASSIN;54.749065;0.007141;8;19913;7.965200;-74.32757;45.29583
109;SOUS-BASSIN;49.599865;0.016846;6;516;0.206400;-74.28194;45.28812
110;SOUS-BASSIN;48.509045;0.043775;1;279;0.111600;-74.28441;45.28700
111;SOUS-BASSIN;49.903786;0.029373;7;275;0.110000;-74.28909;45.29204
112;SOUS-BASSIN;49.351101;0.034180;2;430;0.172000;-74.29084;45.28988
113;SOUS-BASSIN;51.229965;0.028674;6;462;0.184800;-74.29281;45.29588
114;SOUS-BASSIN;49.951149;0.045284;1;545;0.218000;-74.29577;45.29515
115;SOUS-BASSIN;53.552711;0.022364;6;878;0.351200;-74.30301;45.30428
116;SOUS-BASSIN;52.697525;0.040130;2;685;0.274000;-74.30582;45.30305
117;SOUS-BASSIN;53.380280;0.045928;6;23;0.009200;-74.31056;45.30865
118;SOUS-BASSIN;52.641773;0.045026;2;38;0.015200;-74.31195;45.30771
119;SOUS-BASSIN;53.922310;0.035063;7;187;0.074800;-74.31419;45.31001
120;SOUS-BASSIN;53.512516;0.031767;2;256;0.102400;-74.31653;45.30865
121;SOUS-BASSIN;55.242279;0.011526;6;193;0.077200;-74.31599;45.31328
122;SOUS-BASSIN;54.563183;0.019353;8;83;0.033200;-74.31759;45.31174
123;SOUS-BASSIN;55.812008;0.004829;8;306;0.122400;-74.31867;45.31531
124;SOUS-BASSIN;54.485710;0.034493;6;163;0.065200;-74.31946;45.31225
125;SOUS-BASSIN;53.083752;0.039859;2;155;0.062000;-74.32030;45.31037
126;SOUS-BASSIN;55.778019;0.010498;7;532;0.212800;-74.32273;45.31572
127;SOUS-BASSIN;54.593712;0.030677;1;120;0.048000;-74.32433;45.31354
128;SOUS-BASSIN;56.486748;0.004608;7;502;0.200800;-74.32638;45.31800
129;SOUS-BASSIN;52.926220;0.040730;8;54;0.021600;-74.32346;45.31181
130;SOUS-BASSIN;52.502419;0.056166;3;84;0.033600;-74.32261;45.31086
131;SOUS-BASSIN;54.720615;0.035810;6;336;0.134400;-74.32786;45.31343
132;SOUS-BASSIN;55.467236;0.016209;1;1115;0.446000;-74.33114;45.31032
133;SOUS-BASSIN;54.965973;0.035793;5;10;0.004000;-74.33171;45.31524
134;SOUS-BASSIN;50.494057;0.105486;1;7;0.002800;-74.33298;45.31486
135;SOUS-BASSIN;56.302780;0.017921;6;353;0.141200;-74.32937;45.31839
136;SOUS-BASSIN;56.071442;0.023820;8;330;0.132000;-74.33268;45.31821
137;SOUS-BASSIN;57.429455;0.008286;7;608;0.243200;-74.33203;45.32263
138;SOUS-BASSIN;55.652985;0.036420;7;154;0.061600;-74.33491;45.31670
139;SOUS-BASSIN;55.497906;0.038595;2;369;0.147600;-74.33753;45.31501
140;SOUS-BASSIN;55.039570;0.060606;7;60;0.024000;-74.33901;45.31833
141;SOUS-BASSIN;55.822807;0.028482;2;170;0.068000;-74.34063;45.31616
142;SOUS-BASSIN;55.664940;0.059500;6;73;0.029200;-74.34085;45.31972
143;SOUS-BASSIN;53.961456;0.058358;1;70;0.028000;-74.34208;45.31946
144;SOUS-BASSIN;58.199379;0.011149;7;1721;0.688400;-74.34226;45.32589
145;SOUS-BASSIN;55.293415;0.051053;7;266;0.106400;-74.34499;45.31953
146;SOUS-BASSIN;54.982502;0.063261;2;283;0.113200;-74.34427;45.31764
147;SOUS-BASSIN;57.528873;0.022052;7;909;0.363600;-74.34931;45.32318
148;SOUS-BASSIN;57.312263;0.036841;2;692;0.276800;-74.35609;45.32057
149;SOUS-BASSIN;57.848110;0.033309;5;135;0.054000;-74.35214;45.32462
150;SOUS-BASSIN;58.865921;0.019091;8;759;0.303600;-74.35701;45.32665
151;SOUS-BASSIN;60.641171;0.006045;7;5504;2.201600;-74.35498;45.33541
152;SOUS-BASSIN;58.043995;0.038106;7;796;0.318400;-74.36284;45.32675
153;SOUS-BASSIN;59.320389;0.034035;2;1871;0.748400;-74.36799;45.32343
154;SOUS-BASSIN;57.544575;0.051651;6;387;0.154800;-74.37032;45.33091
155;SOUS-BASSIN;59.166328;0.060203;1;446;0.178400;-74.37443;45.32999
156;SOUS-BASSIN;60.141129;0.022274;4;412;0.164800;-74.36814;45.33388
157;SOUS-BASSIN;59.221436;0.054013;8;280;0.112000;-74.37156;45.33535
158;SOUS-BASSIN;65.374794;0.010320;8;12541;5.016400;-74.37220;45.34986
159;SOUS-BASSIN;59.293861;0.063909;6;40;0.016000;-74.37382;45.33408
160;SOUS-BASSIN;52.873741;0.078125;1;38;0.015200;-74.37458;45.33305
161;SOUS-BASSIN;61.492310;0.026283;6;161;0.064400;-74.37538;45.33618
162;SOUS-BASSIN;59.654495;0.083238;1;108;0.043200;-74.37703;45.33496
163;SOUS-BASSIN;66.259010;0.009652;7;5178;2.071200;-74.38675;45.34756
164;SOUS-BASSIN;69.378426;0.014656;8;12027;4.810800;-74.39945;45.35076
165;SOUS-BASSIN;65.411758;0.037040;3;3616;1.446400;-74.39476;45.33206
166;SOUS-BASSIN;66.876259;0.017548;7;1335;0.534000;-74.41037;45.34249
167;SOUS-BASSIN;67.082474;0.037305;1;1000;0.400000;-74.41263;45.33780
168;SOUS-BASSIN;67.303902;0.016836;5;152;0.060800;-74.41595;45.34277
169;SOUS-BASSIN;67.908875;0.013737;1;219;0.087600;-74.41827;45.34282
170;SOUS-BASSIN;80.447205;0.040679;6;2452;0.980800;-74.42327;45.35675
171;SOUS-BASSIN;80.218163;0.039593;1;4271;1.708400;-74.42980;45.35354
172;SOUS-BASSIN;79.578682;0.033286;7;3713;1.485200;-74.44557;45.37100
173;SOUS-BASSIN;84.107452;0.038288;3;5294;2.117600;-74.44683;45.36309
174;SOUS-BASSIN;81.565399;0.026221;2;2133;0.853200;-74.46348;45.36427
175;SOUS-BASSIN;88.670418;0.045647;4;387;0.154800;-74.42798;45.36556
176;SOUS-BASSIN;93.480988;0.027866;5;3518;1.407200;-74.42450;45.37131
177;SOUS-BASSIN;98.121544;0.020183;4;53;0.021200;-74.42186;45.36549
178;SOUS-BASSIN;85.714508;0.023659;7;2000;0.800000;-74.41145;45.36207
179;SOUS-BASSIN;79.946106;0.024732;8;3366;1.346400;-74.41477;45.35763
180;SOUS-BASSIN;97.102882;0.029828;8;521;0.208400;-74.41876;45.36595
181;SOUS-BASSIN;85.278290;0.027151;8;6591;2.636400;-74.43831;45.34503
182;SOUS-BASSIN;76.517570;0.023502;2;4120;1.648000;-74.43947;45.33785
183;SOUS-BASSIN;96.446182;0.036903;2;103;0.041200;-74.45797;45.34087
184;SOUS-BASSIN;70.324432;0.036055;8;9346;3.738400;-74.43691;45.33059
185;SOUS-BASSIN;67.905258;0.038784;3;7111;2.844400;-74.42945;45.32294
186;SOUS-BASSIN;69.144936;0.054262;7;485;0.194000;-74.45973;45.32110
187;SOUS-BASSIN;68.752434;0.040280;3;768;0.307200;-74.45731;45.31719
188;SOUS-BASSIN;71.327194;0.040544;6;341;0.136400;-74.46456;45.32193
189;SOUS-BASSIN;79.534317;0.024510;8;1140;0.456000;-74.47099;45.32602
190;SOUS-BASSIN;81.971123;0.029879;7;5306;2.122400;-74.46206;45.33102
191;SOUS-BASSIN;76.944382;0.022460;7;15545;6.218000;-74.48869;45.31865
192;SOUS-BASSIN;69.578186;0.026526;4;8557;3.422800;-74.47328;45.30788
193;SOUS-BASSIN;71.833168;0.028057;7;6096;2.438400;-74.51273;45.30339
194;SOUS-BASSIN;70.186211;0.021588;3;9500;3.800000;-74.52072;45.29291
195;SOUS-BASSIN;66.375000;0.020301;6;72;0.028800;-74.53635;45.30334
196;SOUS-BASSIN;65.137253;0.006400;2;51;0.020400;-74.53685;45.30211
197;SOUS-BASSIN;75.179459;0.034824;7;10799;4.319600;-74.54567;45.31141
198;SOUS-BASSIN;71.442375;0.023330;4;6829;2.731600;-74.56032;45.29717
199;SOUS-BASSIN;73.683182;0.037526;6;1837;0.734800;-74.58069;45.30528
200;SOUS-BASSIN;71.828392;0.032969;2;1451;0.580400;-74.58393;45.29973
201;SOUS-BASSIN;74.742218;0.046865;5;803;0.321200;-74.58871;45.30985
202;SOUS-BASSIN;71.411148;0.040641;1;574;0.229600;-74.59266;45.31018
203;SOUS-BASSIN;77.114601;0.022919;5;16684;6.673600;-74.57107;45.31877
204;SOUS-BASSIN;69.042908;0.033612;7;303;0.121200;-74.59343;45.30633
205;SOUS-BASSIN;75.868340;0.035745;3;1314;0.525600;-74.59220;45.30164
206;SOUS-BASSIN;72.764221;0.043313;5;844;0.337600;-74.59936;45.31309
207;SOUS-BASSIN;79.067543;0.027972;2;5789;2.315600;-74.61530;45.30753
208;SOUS-BASSIN;74.617836;0.035265;4;471;0.188400;-74.59898;45.31993
209;SOUS-BASSIN;73.963364;0.028679;2;928;0.371200;-74.60559;45.31941
210;SOUS-BASSIN;70.103897;0.005960;5;77;0.030800;-74.60198;45.32488
211;SOUS-BASSIN;71.276993;0.011394;1;426;0.170400;-74.60582;45.32316
212;SOUS-BASSIN;72.563026;0.024992;5;476;0.190400;-74.59991;45.33065
213;SOUS-BASSIN;74.501495;0.037109;8;670;0.268000;-74.60328;45.33091
214;SOUS-BASSIN;75.971687;0.023932;7;4450;1.780000;-74.60490;45.33801
215;SOUS-BASSIN;74.326378;0.038009;7;959;0.383600;-74.61103;45.32859
216;SOUS-BASSIN;76.722275;0.019050;3;6132;2.452800;-74.61848;45.31769
217;SOUS-BASSIN;81.757233;0.022316;5;9363;3.745200;-74.61984;45.35031
218;SOUS-BASSIN;78.789299;0.022350;1;5083;2.033200;-74.62541;45.34193
219;SOUS-BASSIN;82.957100;0.030621;3;676;0.270400;-74.63025;45.35020
220;SOUS-BASSIN;87.074699;0.025744;1;19411;7.764400;-74.65366;45.34063
221;SOUS-BASSIN;74.113945;0.035883;4;667;0.266800;-74.62422;45.32529
222;SOUS-BASSIN;72.477478;0.014542;8;444;0.177600;-74.63353;45.32566
223;SOUS-BASSIN;73.408333;0.037047;3;120;0.048000;-74.63217;45.32292
224;SOUS-BASSIN;84.119400;0.035819;8;10687;4.274800;-74.66069;45.32750
225;SOUS-BASSIN;81.235840;0.025394;4;9871;3.948400;-74.66906;45.31441
226;SOUS-BASSIN;94.616920;0.037090;8;9455;3.782000;-74.70115;45.31668
227;SOUS-BASSIN;86.629265;0.040909;3;3458;1.383200;-74.70321;45.30814
228;SOUS-BASSIN;93.226898;0.039861;8;4328;1.731200;-74.73417;45.29429
229;SOUS-BASSIN;92.051964;0.030366;4;6851;2.740400;-74.73157;45.28561
230;SOUS-BASSIN;94.483368;0.036983;5;1413;0.565200;-74.74706;45.28909
231;SOUS-BASSIN;94.981972;0.025356;2;2219;0.887600;-74.75406;45.28345
232;SOUS-BASSIN;96.058823;0.028548;8;2193;0.877200;-74.75949;45.29332
233;SOUS-BASSIN;93.850426;0.025195;4;2126;0.850400;-74.76045;45.28550
234;SOUS-BASSIN;103.397346;0.024151;8;4593;1.837200;-74.76933;45.29698
235;SOUS-BASSIN;92.142387;0.018200;1;302;0.120800;-74.77101;45.28807
236;SOUS-BASSIN;107.738319;0.018905;8;1177;0.470800;-74.77901;45.29439
237;SOUS-BASSIN;90.736839;0.009968;8;57;0.022800;-74.76996;45.28563
238;SOUS-BASSIN;98.335472;0.020244;4;1401;0.560400;-74.76640;45.27804
239;SOUS-BASSIN;106.798294;0.017658;8;1175;0.470000;-74.78183;45.29171
240;SOUS-BASSIN;97.924019;0.020983;1;408;0.163200;-74.77705;45.28697
241;SOUS-BASSIN;109.128738;0.016398;1;435;0.174000;-74.78595;45.29034
242;SOUS-BASSIN;97.215797;0.034523;8;899;0.359600;-74.77808;45.28333
243;SOUS-BASSIN;98.708344;0.019853;4;3343;1.337200;-74.77341;45.27505
244;SOUS-BASSIN;108.471466;0.017544;7;1139;0.455600;-74.78794;45.28755
245;SOUS-BASSIN;106.624870;0.018113;1;1970;0.788000;-74.78861;45.28362
246;SOUS-BASSIN;113.968590;0.006825;1;764;0.305600;-74.79740;45.28761
247;SOUS-BASSIN;96.104759;0.022677;1;105;0.042000;-74.78359;45.27803
248;SOUS-BASSIN;96.650002;0.046390;4;100;0.040000;-74.78191;45.27657
249;SOUS-BASSIN;95.000000;0.010000;8;3;0.001200;-74.78386;45.27673
250;SOUS-BASSIN;97.348839;0.027574;8;43;0.017200;-74.78477;45.27773
251;SOUS-BASSIN;102.517555;0.021450;8;2193;0.877200;-74.79084;45.27600
252;SOUS-BASSIN;101.374214;0.019238;4;5553;2.221200;-74.78201;45.26583
253;SOUS-BASSIN;98.814812;0.013304;5;297;0.118800;-74.79342;45.27040
254;SOUS-BASSIN;98.280304;0.018950;1;132;0.052800;-74.79668;45.27019
255;SOUS-BASSIN;111.444351;0.013355;7;1222;0.488800;-74.80477;45.27912
256;SOUS-BASSIN;106.246841;0.017259;1;713;0.285200;-74.80320;45.27404
257;SOUS-BASSIN;113.915344;0.007718;8;567;0.226800;-74.81050;45.27883
258;SOUS-BASSIN;103.551430;0.016461;6;700;0.280000;-74.79483;45.27589
259;SOUS-BASSIN;106.289253;0.020284;1;484;0.193600;-74.79892;45.27705
260;SOUS-BASSIN;110.358971;0.008223;6;39;0.015600;-74.79769;45.28060
261;SOUS-BASSIN;114.627274;0.010714;8;330;0.132000;-74.80264;45.28349
262;SOUS-BASSIN;113.413887;0.014667;8;360;0.144000;-74.79949;45.28324
263;SOUS-BASSIN;110.866669;0.019451;8;15;0.006000;-74.80062;45.28034
264;SOUS-BASSIN;109.333336;0.028451;2;3;0.001200;-74.79991;45.27982
265;SOUS-BASSIN;112.171974;0.015149;1;157;0.062800;-74.80219;45.28008
266;SOUS-BASSIN;96.777779;0.012926;8;72;0.028800;-74.79712;45.26845
267;SOUS-BASSIN;97.937500;0.031412;4;96;0.038400;-74.79627;45.26701
268;SOUS-BASSIN;107.563210;0.013240;8;2120;0.848000;-74.80806;45.27240
269;SOUS-BASSIN;99.577431;0.010753;3;381;0.152400;-74.80244;45.26654
270;SOUS-BASSIN;110.672874;0.012648;1;1718;0.687200;-74.81519;45.27155
271;SOUS-BASSIN;98.870689;0.020827;1;348;0.139200;-74.80103;45.26416
272;SOUS-BASSIN;99.555557;0.035807;4;306;0.122400;-74.79821;45.26367
273;SOUS-BASSIN;102.068130;0.016398;8;1365;0.546000;-74.81001;45.26354
274;SOUS-BASSIN;101.421249;0.020552;3;1073;0.429200;-74.80448;45.25745
275;SOUS-BASSIN;108.596252;0.014936;8;6197;2.478800;-74.82456;45.26359
276;SOUS-BASSIN;108.656006;0.029981;3;4410;1.764000;-74.82305;45.25261
277;SOUS-BASSIN;112.006317;0.016545;5;1741;0.696400;-74.83362;45.26720
278;SOUS-BASSIN;112.004440;0.008302;8;6081;2.432400;-74.84169;45.27375
279;SOUS-BASSIN;113.859276;0.007310;5;3617;1.446800;-74.82746;45.28725
280;SOUS-BASSIN;113.602409;0.006537;1;3491;1.396400;-74.83765;45.28632
281;SOUS-BASSIN;115.682976;0.009304;6;2350;0.940000;-74.82810;45.29693
282;SOUS-BASSIN;113.848976;0.010640;4;735;0.294000;-74.82177;45.27785
283;SOUS-BASSIN;113.427452;0.009810;8;765;0.306000;-74.82408;45.28043
284;SOUS-BASSIN;114.611008;0.008176;4;527;0.210800;-74.81425;45.28524
285;SOUS-BASSIN;115.027054;0.007895;7;1885;0.754000;-74.81744;45.29001
286;SOUS-BASSIN;115.043747;0.006167;5;1600;0.640000;-74.80881;45.28938
287;SOUS-BASSIN;113.468086;0.007507;2;47;0.018800;-74.81868;45.28138
288;SOUS-BASSIN;113.875000;0.012850;5;56;0.022400;-74.81773;45.28259
289;SOUS-BASSIN;114.848740;0.006004;5;476;0.190400;-74.81462;45.28176
290;SOUS-BASSIN;112.636070;0.011630;8;9554;3.821600;-74.85448;45.26480
291;SOUS-BASSIN;115.672218;0.020931;2;8771;3.508400;-74.85480;45.25050
292;SOUS-BASSIN;114.346687;0.009998;8;2097;0.838800;-74.86179;45.25737
293;SOUS-BASSIN;102.606560;0.029599;1;305;0.122000;-74.81153;45.25581
294;SOUS-BASSIN;101.965935;0.019859;5;499;0.199600;-74.80824;45.25618
295;SOUS-BASSIN;112.311783;0.025009;3;2011;0.804400;-74.80795;45.24941
296;SOUS-BASSIN;99.503029;0.014621;3;165;0.066000;-74.80066;45.25796
297;SOUS-BASSIN;99.905663;0.021157;6;159;0.063600;-74.79816;45.26124
298;SOUS-BASSIN;98.000000;0.002500;3;6;0.002400;-74.79764;45.25896
299;SOUS-BASSIN;100.287582;0.016760;6;153;0.061200;-74.79639;45.26053
300;SOUS-BASSIN;100.393257;0.012576;6;267;0.106800;-74.79441;45.25978
301;SOUS-BASSIN;103.736443;0.024199;2;664;0.265600;-74.79843;45.25497
302;SOUS-BASSIN;104.037544;0.017787;5;2424;0.969600;-74.78817;45.25677
303;SOUS-BASSIN;107.019646;0.029855;3;1120;0.448000;-74.79372;45.25141
304;SOUS-BASSIN;94.638657;0.024019;4;476;0.190400;-74.74779;45.29618
305;SOUS-BASSIN;98.176498;0.024007;1;4595;1.838000;-74.75603;45.30527
306;SOUS-BASSIN;98.597458;0.022563;7;6059;2.423600;-74.73706;45.30404
307;SOUS-BASSIN;94.515114;0.035261;2;1555;0.622000;-74.74784;45.27500
308;SOUS-BASSIN;93.037849;0.041157;5;1004;0.401600;-74.74367;45.27460
309;SOUS-BASSIN;95.544426;0.022142;4;709;0.283600;-74.73549;45.26710
310;SOUS-BASSIN;97.048546;0.025229;7;1030;0.412000;-74.73512;45.27192
311;SOUS-BASSIN;98.816261;0.017422;5;996;0.398400;-74.72903;45.26832
312;SOUS-BASSIN;99.991066;0.019925;1;9627;3.850800;-74.75821;45.26494
313;SOUS-BASSIN;96.058640;0.023882;4;3189;1.275600;-74.74978;45.25629
314;SOUS-BASSIN;103.741119;0.015491;8;197;0.078800;-74.76316;45.24814
315;SOUS-BASSIN;106.072510;0.014443;2;593;0.237200;-74.76491;45.24665
316;SOUS-BASSIN;105.557747;0.017143;8;3039;1.215600;-74.77165;45.25428
317;SOUS-BASSIN;103.936172;0.019538;2;376;0.150400;-74.76139;45.24385
318;SOUS-BASSIN;100.680000;0.012047;5;75;0.030000;-74.75833;45.24550
319;SOUS-BASSIN;101.903397;0.016812;5;383;0.153200;-74.75711;45.24304
320;SOUS-BASSIN;87.538025;0.040106;2;355;0.142000;-74.71786;45.29993
321;SOUS-BASSIN;87.669357;0.029563;5;868;0.347200;-74.71463;45.30000
322;SOUS-BASSIN;92.344574;0.027524;3;3233;1.293200;-74.71933;45.28848
323;SOUS-BASSIN;86.665398;0.036643;8;1052;0.420800;-74.69673;45.30330
324;SOUS-BASSIN;88.548759;0.026718;4;3271;1.308400;-74.68660;45.29921
325;SOUS-BASSIN;87.988892;0.033649;1;630;0.252000;-74.70244;45.29651
326;SOUS-BASSIN;90.306450;0.024413;3;1054;0.421600;-74.70296;45.29172
327;SOUS-BASSIN;91.200798;0.024032;8;3003;1.201200;-74.70863;45.29631
328;SOUS-BASSIN;91.380951;0.026475;2;924;0.369600;-74.69830;45.29006
329;SOUS-BASSIN;88.693855;0.025353;5;895;0.358000;-74.69484;45.29437
330;SOUS-BASSIN;89.155174;0.029111;3;58;0.023200;-74.69141;45.28711
331;SOUS-BASSIN;90.781746;0.021175;6;1315;0.526000;-74.68891;45.29085
332;SOUS-BASSIN;91.842972;0.027142;4;121;0.048400;-74.68931;45.28576
333;SOUS-BASSIN;91.621849;0.034119;1;238;0.095200;-74.69526;45.28615
334;SOUS-BASSIN;89.438774;0.035226;5;98;0.039200;-74.69259;45.28609
335;SOUS-BASSIN;89.704224;0.038416;8;71;0.028400;-74.69503;45.28426
336;SOUS-BASSIN;88.567566;0.033835;3;74;0.029600;-74.69389;45.28350
337;SOUS-BASSIN;93.885002;0.032751;7;400;0.160000;-74.69982;45.28565
338;SOUS-BASSIN;90.528793;0.030565;3;191;0.076400;-74.69908;45.28307
339;SOUS-BASSIN;94.647850;0.040641;8;372;0.148800;-74.70577;45.28438
340;SOUS-BASSIN;94.852524;0.026746;3;773;0.309200;-74.70786;45.27966
341;SOUS-BASSIN;97.146538;0.020445;1;1358;0.543200;-74.71283;45.28271
342;SOUS-BASSIN;89.967216;0.025560;1;122;0.048800;-74.70248;45.28198
343;SOUS-BASSIN;92.531601;0.037188;4;269;0.107600;-74.70122;45.28072
344;SOUS-BASSIN;96.480392;0.023413;2;204;0.081600;-74.70483;45.27925
345;SOUS-BASSIN;91.074532;0.033232;1;161;0.064400;-74.69718;45.28146
346;SOUS-BASSIN;92.180687;0.026155;4;321;0.128400;-74.69466;45.28042
347;SOUS-BASSIN;91.671501;0.021459;3;207;0.082800;-74.69807;45.27869
348;SOUS-BASSIN;91.221786;0.022055;2;514;0.205600;-74.69033;45.28045
349;SOUS-BASSIN;91.481483;0.027746;5;297;0.118800;-74.68940;45.28356
350;SOUS-BASSIN;91.917908;0.027695;5;402;0.160800;-74.68573;45.28095
351;SOUS-BASSIN;85.022583;0.025583;8;9566;3.826400;-74.66708;45.30395
352;SOUS-BASSIN;81.891838;0.025470;4;7877;3.150800;-74.65252;45.30950
353;SOUS-BASSIN;92.229088;0.034155;2;1100;0.440000;-74.67061;45.28660
354;SOUS-BASSIN;80.717529;0.027223;1;1848;0.739200;-74.63456;45.31506
355;SOUS-BASSIN;78.794403;0.031928;4;1537;0.614800;-74.62943;45.31325
356;LAC;82.038811;0.006924;3;773;0.309200;-74.63968;45.30600
357;SOUS-BASSIN;85.465797;0.022525;8;614;0.245600;-74.64233;45.30839
358;SOUS-BASSIN;84.650200;0.023902;3;506;0.202400;-74.64108;45.30078
359;SOUS-BASSIN;84.738045;0.021261;4;439;0.175600;-74.63518;45.30571
360;SOUS-BASSIN;86.062195;0.015750;1;2846;1.138400;-74.64046;45.29391
361;SOUS-BASSIN;89.013916;0.023704;4;4384;1.753600;-74.63787;45.28983
362;LAC;88.050514;0.006940;3;2811;1.124400;-74.65945;45.27703
363;SOUS-BASSIN;88.000000;0.006681;3;24;0.009600;-74.65565;45.27130
364;SOUS-BASSIN;88.000000;0.002500;6;30;0.012000;-74.66321;45.27555
365;SOUS-BASSIN;88.000000;0.002500;2;41;0.016400;-74.66456;45.27097
366;SOUS-BASSIN;88.000000;0.002500;6;112;0.044800;-74.65906;45.27219
367;SOUS-BASSIN;91.594963;0.022769;8;3496;1.398400;-74.66759;45.28030
368;SOUS-BASSIN;91.045685;0.017706;4;8296;3.318400;-74.65284;45.27086
369;SOUS-BASSIN;88.000000;0.002500;8;16;0.006400;-74.66659;45.27167
370;SOUS-BASSIN;89.903740;0.025806;8;374;0.149600;-74.67224;45.27270
371;SOUS-BASSIN;89.829178;0.011803;3;562;0.224800;-74.67318;45.26834
372;SOUS-BASSIN;90.899651;0.018128;7;2003;0.801200;-74.68119;45.27637
373;SOUS-BASSIN;88.147919;0.004824;3;649;0.259600;-74.68204;45.27255
374;LAC;89.000000;0.002705;3;219;0.087600;-74.69044;45.27218
375;SOUS-BASSIN;91.023529;0.014258;8;425;0.170000;-74.69186;45.27580
376;SOUS-BASSIN;91.451218;0.026534;3;1066;0.426400;-74.69162;45.26922
377;SOUS-BASSIN;91.530403;0.024918;6;296;0.118400;-74.69496;45.27546
378;SOUS-BASSIN;91.415359;0.019480;1;573;0.229200;-74.69772;45.27357
379;SOUS-BASSIN;94.857880;0.022550;1;774;0.309600;-74.70280;45.27579
380;SOUS-BASSIN;91.972435;0.029721;8;1306;0.522400;-74.68593;45.26702
381;SOUS-BASSIN;92.274551;0.023205;4;1945;0.778000;-74.68099;45.26417
382;LAC;88.798508;0.009986;2;9782;3.912800;-74.70975;45.25411
383;SOUS-BASSIN;88.466667;0.013367;3;75;0.030000;-74.70493;45.25582
384;SOUS-BASSIN;95.672028;0.018827;1;20072;8.028800;-74.72675;45.25088
385;SOUS-BASSIN;90.214531;0.029850;7;289;0.115600;-74.70306;45.26615
386;SOUS-BASSIN;92.455879;0.035780;6;272;0.108800;-74.69535;45.26456
387;SOUS-BASSIN;90.721558;0.028678;8;334;0.133600;-74.71041;45.26189
388;SOUS-BASSIN;93.913246;0.027038;6;1291;0.516400;-74.71654;45.26682
389;SOUS-BASSIN;94.252846;0.027392;1;1582;0.632800;-74.72032;45.26511
390;SOUS-BASSIN;99.736740;0.012219;8;1037;0.414800;-74.72554;45.27479
391;SOUS-BASSIN;93.739609;0.023778;6;1083;0.433200;-74.70691;45.27148
392;SOUS-BASSIN;94.005081;0.029582;1;1772;0.708800;-74.71164;45.26856
393;SOUS-BASSIN;98.903740;0.016990;1;1444;0.577600;-74.71845;45.27726
394;SOUS-BASSIN;91.040543;0.019474;5;518;0.207200;-74.69796;45.26860
395;SOUS-BASSIN;90.533836;0.048756;1;133;0.053200;-74.70060;45.26758
396;SOUS-BASSIN;93.529732;0.031533;8;185;0.074000;-74.70171;45.27103
397;SOUS-BASSIN;85.240372;0.015892;8;2908;1.163200;-74.65333;45.30054
398;SOUS-BASSIN;86.486069;0.021669;4;3123;1.249200;-74.65138;45.29411
399;SOUS-BASSIN;89.457253;0.031512;3;807;0.322800;-74.66408;45.28711
400;SOUS-BASSIN;76.927063;0.020001;4;9447;3.778800;-74.57743;45.33148
401;SOUS-BASSIN;75.267853;0.017979;7;19746;7.898400;-74.57331;45.34684
402;SOUS-BASSIN;77.089996;0.016400;5;500;0.200000;-74.56250;45.34050
403;SOUS-BASSIN;82.110077;0.031740;8;4624;1.849600;-74.61758;45.29737
404;SOUS-BASSIN;85.550682;0.025591;4;8317;3.326800;-74.61244;45.29102
405;SOUS-BASSIN;92.524147;0.029099;3;5260;2.104000;-74.63225;45.27728
406;SOUS-BASSIN;82.301132;0.030572;1;4244;1.697600;-74.59423;45.29321
407;SOUS-BASSIN;74.107018;0.021206;3;2579;1.031600;-74.58010;45.29020
408;SOUS-BASSIN;89.625664;0.023522;2;11169;4.467600;-74.60411;45.27854
409;SOUS-BASSIN;74.500664;0.032041;8;3761;1.504400;-74.55336;45.29321
410;SOUS-BASSIN;75.186447;0.027834;4;6034;2.413600;-74.54514;45.28889
411;SOUS-BASSIN;77.037880;0.024110;2;1188;0.475200;-74.56101;45.28054
412;SOUS-BASSIN;78.704979;0.029788;5;8518;3.407200;-74.51120;45.31972
413;SOUS-BASSIN;73.923325;0.029047;8;4643;1.857200;-74.52088;45.31851
414;SOUS-BASSIN;77.116631;0.032638;7;926;0.370400;-74.51986;45.33785
415;SOUS-BASSIN;78.936363;0.032665;3;770;0.308000;-74.51641;45.33266
416;SOUS-BASSIN;79.597801;0.025510;3;15204;6.081600;-74.53829;45.33076
417;SOUS-BASSIN;80.167633;0.034703;4;1211;0.484400;-74.50123;45.33635
418;SOUS-BASSIN;80.860123;0.033768;7;2059;0.823600;-74.50777;45.34026
419;SOUS-BASSIN;84.758980;0.020346;4;4203;1.681200;-74.49001;45.33803
420;SOUS-BASSIN;68.052086;0.026836;1;96;0.038400;-74.49791;45.30043
421;SOUS-BASSIN;71.677216;0.019908;4;2844;1.137600;-74.49234;45.29576
422;SOUS-BASSIN;72.155655;0.025558;3;1741;0.696400;-74.50193;45.29291
423;SOUS-BASSIN;75.032509;0.027787;3;1045;0.418000;-74.45003;45.31485
424;SOUS-BASSIN;69.898277;0.031580;6;365;0.146000;-74.44881;45.31794
425;SOUS-BASSIN;77.185051;0.026361;3;1118;0.447200;-74.44243;45.31315
426;SOUS-BASSIN;62.032169;0.029872;8;450;0.180000;-74.37762;45.32818
427;SOUS-BASSIN;63.940422;0.014523;1;4193;1.677200;-74.38629;45.32523
428;SOUS-BASSIN;61.545666;0.016000;1;71;0.028400;-74.37791;45.32661
429;SOUS-BASSIN;56.239700;0.049278;1;103;0.041200;-74.34977;45.31797
430;SOUS-BASSIN;53.783844;0.061153;4;86;0.034400;-74.34798;45.31742
431;SOUS-BASSIN;57.067028;0.035565;8;69;0.027600;-74.35108;45.31711
432;SOUS-BASSIN;56.820461;0.023301;2;166;0.066400;-74.35055;45.31441
433;SOUS-BASSIN;65.689346;0.016174;8;17744;7.097600;-74.40497;45.31633
434;SOUS-BASSIN;59.309139;0.018109;2;1686;0.674400;-74.36205;45.31478
435;SOUS-BASSIN;61.990101;0.010339;2;1882;0.752800;-74.37704;45.31298
436;SOUS-BASSIN;57.892723;0.025321;1;87;0.034800;-74.35385;45.31448
437;SOUS-BASSIN;57.337376;0.045927;4;109;0.043600;-74.35240;45.31407
438;SOUS-BASSIN;63.118786;0.013943;2;11122;4.448800;-74.38476;45.30532
439;SOUS-BASSIN;57.515858;0.010174;2;234;0.093600;-74.34885;45.31340
440;SOUS-BASSIN;57.483116;0.012193;5;282;0.112800;-74.34564;45.31541
441;SOUS-BASSIN;58.023399;0.005633;2;601;0.240400;-74.34895;45.31120
442;SOUS-BASSIN;57.437679;0.013643;6;448;0.179200;-74.33606;45.32178
443;SOUS-BASSIN;56.873562;0.017263;8;227;0.090800;-74.33862;45.32027
444;SOUS-BASSIN;57.942532;0.008206;8;88;0.035200;-74.33871;45.32327
445;SOUS-BASSIN;57.133705;0.003907;8;897;0.358800;-74.33998;45.31151
446;SOUS-BASSIN;56.577518;0.005119;4;323;0.129200;-74.33721;45.30979
447;SOUS-BASSIN;57.249691;0.004026;8;474;0.189600;-74.34426;45.30870
448;SOUS-BASSIN;55.207947;0.007592;2;410;0.164000;-74.32524;45.30795
449;SOUS-BASSIN;54.558792;0.013382;5;135;0.054000;-74.32180;45.30861
450;SOUS-BASSIN;55.240177;0.004611;8;339;0.135600;-74.32472;45.30612
451;SOUS-BASSIN;58.872974;0.005522;8;9696;3.878400;-74.33225;45.33284
452;SOUS-BASSIN;54.310715;0.019897;1;477;0.190800;-74.31235;45.31275
453;SOUS-BASSIN;56.787773;0.006310;8;3200;1.280000;-74.32009;45.32204
454;SOUS-BASSIN;54.516388;0.005409;5;795;0.318000;-74.30061;45.31485
455;SOUS-BASSIN;54.834240;0.006153;8;1312;0.524800;-74.30272;45.31576
456;SOUS-BASSIN;56.588253;0.004664;8;2242;0.896800;-74.30759;45.32597
457;SOUS-BASSIN;53.332378;0.004844;6;1188;0.475200;-74.29354;45.30860
458;SOUS-BASSIN;53.551407;0.009184;8;2214;0.885600;-74.29681;45.30548
459;SOUS-BASSIN;54.219269;0.003707;8;175;0.070000;-74.30001;45.31184
460;SOUS-BASSIN;50.907967;0.012013;7;156;0.062400;-74.29690;45.29305
461;SOUS-BASSIN;50.862572;0.012780;2;318;0.127200;-74.29742;45.29201
462;SOUS-BASSIN;53.698971;0.006423;8;3995;1.598000;-74.31208;45.30078
463;SOUS-BASSIN;51.078537;0.006957;7;1403;0.561200;-74.28637;45.29552
464;SOUS-BASSIN;49.057545;0.030557;1;28;0.011200;-74.28652;45.29112
465;SOUS-BASSIN;50.687153;0.011262;7;63;0.025200;-74.28791;45.29295
466;SOUS-BASSIN;50.144104;0.003533;8;1478;0.591200;-74.28920;45.27848
467;SOUS-BASSIN;49.787216;0.003718;4;350;0.140000;-74.28455;45.27712
468;SOUS-BASSIN;50.267849;0.007031;1;78;0.031200;-74.29204;45.27412
469;SOUS-BASSIN;49.048103;0.008485;7;136;0.054400;-74.27347;45.28000
470;SOUS-BASSIN;49.366131;0.006396;2;907;0.362800;-74.28008;45.27693
471;SOUS-BASSIN;49.312286;0.005842;8;77;0.030800;-74.27597;45.28019
472;SOUS-BASSIN;49.793377;0.004731;8;2382;0.952800;-74.28766;45.27313
473;SOUS-BASSIN;49.568264;0.004843;2;4244;1.697600;-74.28624;45.26910
474;SOUS-BASSIN;56.544926;0.007629;8;23948;9.579200;-74.34925;45.28822
475;SOUS-BASSIN;48.868198;0.004085;1;598;0.239200;-74.26116;45.27068
476;SOUS-BASSIN;48.345345;0.006689;4;263;0.105200;-74.25899;45.26971
477;SOUS-BASSIN;48.894375;0.006638;3;51;0.020400;-74.26113;45.26584
478;SOUS-BASSIN;47.997467;0.005333;1;290;0.116000;-74.25720;45.26869
479;SOUS-BASSIN;47.391876;0.007398;4;75;0.030000;-74.25553;45.26804
480;SOUS-BASSIN;47.939053;0.007666;6;24111;9.644400;-74.26065;45.25874
481;SOUS-BASSIN;47.429474;0.013183;1;100;0.040000;-74.25458;45.26792
482;SOUS-BASSIN;47.477749;0.011690;5;232;0.092800;-74.25264;45.26819
483;SOUS-BASSIN;47.672985;0.010277;5;856;0.342400;-74.24889;45.26627
484;SOUS-BASSIN;47.977520;0.007086;2;128;0.051200;-74.24384;45.27202
485;SOUS-BASSIN;48.615810;0.016985;5;168;0.067200;-74.24213;45.27223
486;SOUS-BASSIN;48.091789;0.008331;5;1738;0.695200;-74.23229;45.27128
487;SOUS-BASSIN;47.955254;0.015021;2;68;0.027200;-74.22819;45.27790
488;SOUS-BASSIN;47.696926;0.021777;5;71;0.028400;-74.22685;45.27870
489;SOUS-BASSIN;48.104069;0.009203;3;635;0.254000;-74.22624;45.27437
490;SOUS-BASSIN;48.426399;0.017057;3;1173;0.469200;-74.22125;45.27425
491;SOUS-BASSIN;48.302193;0.009141;4;1954;0.781600;-74.21456;45.27970
492;SOUS-BASSIN;48.745380;0.009959;5;766;0.306400;-74.21788;45.27557
493;SOUS-BASSIN;47.193565;0.006954;2;159;0.063600;-74.21486;45.28602
494;SOUS-BASSIN;46.862431;0.014619;4;22;0.008800;-74.21351;45.28726
495;SOUS-BASSIN;47.408756;0.016294;3;48;0.019200;-74.21284;45.28558
