ETATS RUISSELEMENT SURFACE;ONDE CINEMATIQUE( 4.3.1.0000 )
DATE_HEURE;2020-01-01 00:00

UHRH;DEBITS
1;0.006994409702295811826;0.000000000000000000000;0.000000000000000000000;0.000000000000000000000
2;0.005592401822271201965;0.000000000000000000000;0.000000000000000000000;0.000000000000000000000
3;0.000000000000000000000;0.000000000000000000000;0.000000000000000000000;0.000000000000000000000
4;0.002077836712533809305;0.000000000000000000000;0.000000000000000000000;0.000000000000000000000
5;0.000000000000000000000;0.000000000000000000000;0.000000000000000000000;0.000000000000000000000
6;0.000000000000000000000;0.000000000000000000000;0.000000000000000000000;0.000000000000000000000
7;0.000000000000000000000;0.000000000000000000000;0.000000000000000000000;0.000000000000000000000
8;0.000545043682652827433;0.000000000000000000000;0.000000000000000000000;0.000000000000000000000
9;0.000000000000000000000;0.000000000000000000000;0.000000000000000000000;0.000000000000000000000
10;0.000000000000000000000;0.000000000000000000000;0.000000000000000000000;0.000000000000000000000
11;0.000422540435730152375;0.000000000000000000000;0.000000000000000000000;0.000000000000000000000
12;0.002419969510204270872;0.000000000000000000000;0.000000000000000000000;0.000000000000000000000
13;0.013898919726178737832;0.000000000000000000000;0.000000000000000000000;0.000000000000000000000
14;0.000000000000000000000;0.000000000000000000000;0.000000000000000000000;0.000000000000000000000
15;0.000002842461833004138;0.000000000000000000000;0.000000000000000000000;0.000000000000000000000
16;0.000000000000000000000;0.000000000000000000000;0.000000000000000000000;0.000000000000000000000
17;0.005990297893485670329;0.000000000000000000000;0.000000000000000000000;0.000000000000000000000
18;0.000688199835174846289;0.000000000000000000000;0.000000000000000000000;0.000000000000000000000
19;0.000130155086826839545;0.000000000000000000000;0.000000000000000000000;0.000000000000000000000
20;0.000006056154016001285;0.000000000000000000000;0.000000000000000000000;0.000000000000000000000
21;0.000001545064328215429;0.000000000000000000000;0.000000000000000000000;0.000000000000000000000
22;0.000022944716521616781;0.000000000000000000000;0.000000000000000000000;0.000000000000000000000
23;0.000139329964914889249;0.000000000000000000000;0.000000000000000000000;0.000000000000000000000
24;0.000001909090942198675;0.000000000000000000000;0.000000000000000000000;0.000000000000000000000
25;0.000004810756418498208;0.000000000000000000000;0.000000000000000000000;0.000000000000000000000
26;0.001186579064443675112;0.000000000000000000000;0.000000000000000000000;0.000000000000000000000
27;0.000020621051900608124;0.000000000000000000000;0.000000000000000000000;0.000000000000000000000
28;0.000063798586732777274;0.000000000000000000000;0.000000000000000000000;0.000000000000000000000
29;0.000003833297110272978;0.000000000000000000000;0.000000000000000000000;0.000000000000000000000
30;0.000011606803661518353;0.000000000000000000000;0.000000000000000000000;0.000000000000000000000
31;0.000022008011428419853;0.000000000000000000000;0.000000000000000000000;0.000000000000000000000
32;0.000013622285064885640;0.000000000000000000000;0.000000000000000000000;0.000000000000000000000
33;0.000929170697759144296;0.000000000000000000000;0.000000000000000000000;0.000000000000000000000
34;0.000004936370956254085;0.000000000000000000000;0.000000000000000000000;0.000000000000000000000
35;0.000007622084410800929;0.000000000000000000000;0.000000000000000000000;0.000000000000000000000
36;0.000006531507640259415;0.000000000000000000000;0.000000000000000000000;0.000000000000000000000
37;0.000000000000000000000;0.000000000000000000000;0.000000000000000000000;0.000000000000000000000
38;0.000253576939312008531;0.000000000000000000000;0.000000000000000000000;0.000000000000000000000
39;0.000061146584948513591;0.000000000000000000000;0.000000000000000000000;0.000000000000000000000
40;0.000015097275338769953;0.000000000000000000000;0.000000000000000000000;0.000000000000000000000
41;0.000110205699068002358;0.000000000000000000000;0.000000000000000000000;0.000000000000000000000
42;0.000044058938738118086;0.000000000000000000000;0.000000000000000000000;0.000000000000000000000
43;0.000106103438065769163;0.000000000000000000000;0.000000000000000000000;0.000000000000000000000
44;0.000213980071453560849;0.000000000000000000000;0.000000000000000000000;0.000000000000000000000
45;0.000140650237840392323;0.000000000000000000000;0.000000000000000000000;0.000000000000000000000
46;0.000079658373622719381;0.000000000000000000000;0.000000000000000000000;0.000000000000000000000
47;0.000000000000000000000;0.000000000000000000000;0.000000000000000000000;0.000000000000000000000
48;0.000000000000000000000;0.000000000000000000000;0.000000000000000000000;0.000000000000000000000
49;0.000141510069144937245;0.000000000000000000000;0.000000000000000000000;0.000000000000000000000
50;0.000036949188707522361;0.000000000000000000000;0.000000000000000000000;0.000000000000000000000
51;0.000067100294244618747;0.000000000000000000000;0.000000000000000000000;0.000000000000000000000
52;0.000000000000000000000;0.000000000000000000000;0.000000000000000000000;0.000000000000000000000
53;0.000000000000000000000;0.000000000000000000000;0.000000000000000000000;0.000000000000000000000
54;0.000017473653348590849;0.000000000000000000000;0.000000000000000000000;0.000000000000000000000
55;0.000000000000000000000;0.000000000000000000000;0.000000000000000000000;0.000000000000000000000
56;0.000016140426294566912;0.000000000000000000000;0.000000000000000000000;0.000000000000000000000
57;0.000000591100849836493;0.000000000000000000000;0.000000000000000000000;0.000000000000000000000
58;0.000058101528011199797;0.000000000000000000000;0.000000000000000000000;0.000000000000000000000
59;0.000002194048901079289;0.000000000000000000000;0.000000000000000000000;0.000000000000000000000
60;0.000043401801487063838;0.000000000000000000000;0.000000000000000000000;0.000000000000000000000
61;0.000103781980308678690;0.000000000000000000000;0.000000000000000000000;0.000000000000000000000
62;0.000000816510581356903;0.000000000000000000000;0.000000000000000000000;0.000000000000000000000
63;0.000145197401747555049;0.000000000000000000000;0.000000000000000000000;0.000000000000000000000
64;0.000206506201856175104;0.000000000000000000000;0.000000000000000000000;0.000000000000000000000
65;0.000078264274019889293;0.000000000000000000000;0.000000000000000000000;0.000000000000000000000
66;0.000024039222866062415;0.000000000000000000000;0.000000000000000000000;0.000000000000000000000
67;0.001370728726064418534;0.000000000000000000000;0.000000000000000000000;0.000000000000000000000
68;0.000866629130977153439;0.000000000000000000000;0.000000000000000000000;0.000000000000000000000
69;0.000000000000000000000;0.000000000000000000000;0.000000000000000000000;0.000000000000000000000
70;0.002021773258522106213;0.000000000000000000000;0.000000000000000000000;0.000000000000000000000
71;0.000173270182265472056;0.000000000000000000000;0.000000000000000000000;0.000000000000000000000
72;0.000933087856531955476;0.000000000000000000000;0.000000000000000000000;0.000000000000000000000
73;0.000024827866636481163;0.000000000000000000000;0.000000000000000000000;0.000000000000000000000
74;0.000000000000000000000;0.000000000000000000000;0.000000000000000000000;0.000000000000000000000
75;0.000329465827457231075;0.000000000000000000000;0.000000000000000000000;0.000000000000000000000
76;0.000007970898698688431;0.000000000000000000000;0.000000000000000000000;0.000000000000000000000
77;0.000100307103118538868;0.000000000000000000000;0.000000000000000000000;0.000000000000000000000
78;0.000003606066541460024;0.000000000000000000000;0.000000000000000000000;0.000000000000000000000
79;0.000005152327463750039;0.000000000000000000000;0.000000000000000000000;0.000000000000000000000
80;0.000031190848638270569;0.000000000000000000000;0.000000000000000000000;0.000000000000000000000
81;0.000058604838299730857;0.000000000000000000000;0.000000000000000000000;0.000000000000000000000
82;0.000025014305166253231;0.000000000000000000000;0.000000000000000000000;0.000000000000000000000
83;0.000005501648123197711;0.000000000000000000000;0.000000000000000000000;0.000000000000000000000
84;0.000210772796190047046;0.000000000000000000000;0.000000000000000000000;0.000000000000000000000
85;0.000038442971920678415;0.000000000000000000000;0.000000000000000000000;0.000000000000000000000
86;0.000000000000000000000;0.000000000000000000000;0.000000000000000000000;0.000000000000000000000
87;0.000371751225883149071;0.000000000000000000000;0.000000000000000000000;0.000000000000000000000
88;0.001632236005037646098;0.000000000000000000000;0.000000000000000000000;0.000000000000000000000
89;0.000000378460371233645;0.000000000000000000000;0.000000000000000000000;0.000000000000000000000
90;0.000027018425918802724;0.000000000000000000000;0.000000000000000000000;0.000000000000000000000
91;0.000005303997663383994;0.000000000000000000000;0.000000000000000000000;0.000000000000000000000
92;0.000138797528221973804;0.000000000000000000000;0.000000000000000000000;0.000000000000000000000
93;0.000640774442847204750;0.000000000000000000000;0.000000000000000000000;0.000000000000000000000
94;0.001202416578615916887;0.000000000000000000000;0.000000000000000000000;0.000000000000000000000
95;0.000001925446743883646;0.000000000000000000000;0.000000000000000000000;0.000000000000000000000
96;0.000066062950211996305;0.000000000000000000000;0.000000000000000000000;0.000000000000000000000
97;0.000556275651051277298;0.000000000000000000000;0.000000000000000000000;0.000000000000000000000
98;0.000133161404328924204;0.000000000000000000000;0.000000000000000000000;0.000000000000000000000
99;0.000167601649630650052;0.000000000000000000000;0.000000000000000000000;0.000000000000000000000
100;0.009051681207403516893;0.000000000000000000000;0.000000000000000000000;0.000000000000000000000
101;2.514015944942923130867;0.459900141810867912895;0.155567145272925699828;0.000000000000000000000
102;0.059878342232306557003;0.006207684511480386462;0.000000000000000000000;0.000000000000000000000
103;0.000339605362248196539;0.000000000000000000000;0.000000000000000000000;0.000000000000000000000
104;0.000207691628137403800;0.000000000000000000000;0.000000000000000000000;0.000000000000000000000
105;0.001050540193803730206;0.000000000000000000000;0.000000000000000000000;0.000000000000000000000
106;0.000164738322552456879;0.000000000000000000000;0.000000000000000000000;0.000000000000000000000
107;0.000317356655878000161;0.000000000000000000000;0.000000000000000000000;0.000000000000000000000
108;0.585228640786926157524;0.077276130172009516173;0.000000000000000000000;0.000000000000000000000
109;0.001791807396482880677;0.000000000000000000000;0.000000000000000000000;0.000000000000000000000
110;0.000411578122053247509;0.000000000000000000000;0.000000000000000000000;0.000000000000000000000
111;0.000745897035739004344;0.000000000000000000000;0.000000000000000000000;0.000000000000000000000
112;0.000957873835218910562;0.000000000000000000000;0.000000000000000000000;0.000000000000000000000
113;0.001388187793361445044;0.000000000000000000000;0.000000000000000000000;0.000000000000000000000
114;0.001102459878784878278;0.000000000000000000000;0.000000000000000000000;0.000000000000000000000
115;0.004752329623604353501;0.000000000000000000000;0.000000000000000000000;0.000000000000000000000
116;0.002991200298749607800;0.000000000000000000000;0.000000000000000000000;0.000000000000000000000
117;0.000190245846243192185;0.000000000000000000000;0.000000000000000000000;0.000000000000000000000
118;0.000292554747298515161;0.000000000000000000000;0.000000000000000000000;0.000000000000000000000
119;0.001936059847216009327;0.000000000000000000000;0.000000000000000000000;0.000000000000000000000
120;0.003182981100295283021;0.000000000000000000000;0.000000000000000000000;0.000000000000000000000
121;0.003921104781404801017;0.000000000000000000000;0.000000000000000000000;0.000000000000000000000
122;0.000709929800489233044;0.000000000000000000000;0.000000000000000000000;0.000000000000000000000
123;0.008964676472281718489;0.000000000000000000000;0.000000000000000000000;0.000000000000000000000
124;0.001759945583739819241;0.000000000000000000000;0.000000000000000000000;0.000000000000000000000
125;0.001342378250424047792;0.000000000000000000000;0.000000000000000000000;0.000000000000000000000
126;0.010310941520292660201;0.000000000000000000000;0.000000000000000000000;0.000000000000000000000
127;0.000840221683575133717;0.000000000000000000000;0.000000000000000000000;0.000000000000000000000
128;0.013842339672578416951;0.000000000000000000000;0.000000000000000000000;0.000000000000000000000
129;0.000343611093386273880;0.000000000000000000000;0.000000000000000000000;0.000000000000000000000
130;0.000552450945678147564;0.000000000000000000000;0.000000000000000000000;0.000000000000000000000
131;0.003628529274366520951;0.000000000000000000000;0.000000000000000000000;0.000000000000000000000
132;0.026141131324883083720;0.000000000000000000000;0.000000000000000000000;0.000000000000000000000
133;0.000080568175019962260;0.000000000000000000000;0.000000000000000000000;0.000000000000000000000
134;0.000000000000000000000;0.000000000000000000000;0.000000000000000000000;0.000000000000000000000
135;0.005301344310444970447;0.000000000000000000000;0.000000000000000000000;0.000000000000000000000
136;0.004168344178124246298;0.000000000000000000000;0.000000000000000000000;0.000000000000000000000
137;0.012961015534568669921;0.000000000000000000000;0.000000000000000000000;0.000000000000000000000
138;0.001643863393531175277;0.000000000000000000000;0.000000000000000000000;0.000000000000000000000
139;0.004958415005668995526;0.000000000000000000000;0.000000000000000000000;0.000000000000000000000
140;0.000403502337540231903;0.000000000000000000000;0.000000000000000000000;0.000000000000000000000
141;0.002756765050658693816;0.000000000000000000000;0.000000000000000000000;0.000000000000000000000
142;0.000416868278432964924;0.000000000000000000000;0.000000000000000000000;0.000000000000000000000
143;0.000000000000000000000;0.000000000000000000000;0.000000000000000000000;0.000000000000000000000
144;0.043520396703171947139;0.000000000000000000000;0.000000000000000000000;0.000000000000000000000
145;0.002479659146033726287;0.000000000000000000000;0.000000000000000000000;0.000000000000000000000
146;0.001875265707965922957;0.000000000000000000000;0.000000000000000000000;0.000000000000000000000
147;0.019479743820092210171;0.000000000000000000000;0.000000000000000000000;0.000000000000000000000
148;0.009783763236113074413;0.000000000000000000000;0.000000000000000000000;0.000000000000000000000
149;0.001177544858858015075;0.000000000000000000000;0.000000000000000000000;0.000000000000000000000
150;0.015469159523255893163;0.000000000000000000000;0.000000000000000000000;0.000000000000000000000
151;0.204139463822953587391;0.000000000000000000000;0.000000000000000000000;0.000000000000000000000
152;0.009969354190860091336;0.000000000000000000000;0.000000000000000000000;0.000000000000000000000
153;0.035064495849184133813;0.000000000000000000000;0.000000000000000000000;0.000000000000000000000
154;0.004280145835069045987;0.000000000000000000000;0.000000000000000000000;0.000000000000000000000
155;0.005355561230779626314;0.000000000000000000000;0.000000000000000000000;0.000000000000000000000
156;0.007181513785332049871;0.000000000000000000000;0.000000000000000000000;0.000000000000000000000
157;0.003243332355969148935;0.000000000000000000000;0.000000000000000000000;0.000000000000000000000
158;0.503724591779152075510;0.054055825751035513349;0.000000000000000000000;0.000000000000000000000
159;0.000329821517914145434;0.000000000000000000000;0.000000000000000000000;0.000000000000000000000
160;0.000000000000000000000;0.000000000000000000000;0.000000000000000000000;0.000000000000000000000
161;0.001980654134659439510;0.000000000000000000000;0.000000000000000000000;0.000000000000000000000
162;0.000840969109317829533;0.000000000000000000000;0.000000000000000000000;0.000000000000000000000
163;0.207519448052866484211;0.022591191282804658214;0.000000000000000000000;0.000000000000000000000
164;0.482917474287290759971;0.056445470668677444337;0.000000000000000000000;0.000000000000000000000
165;0.063543795955213866478;0.000000000000000000000;0.000000000000000000000;0.000000000000000000000
166;0.031012781649941700834;0.000000000000000000000;0.000000000000000000000;0.000000000000000000000
167;0.016950563637912658549;0.000000000000000000000;0.000000000000000000000;0.000000000000000000000
168;0.001917942697327997383;0.000000000000000000000;0.000000000000000000000;0.000000000000000000000
169;0.002606974680098184116;0.000000000000000000000;0.000000000000000000000;0.000000000000000000000
170;0.045520812633739630992;0.000000000000000000000;0.000000000000000000000;0.000000000000000000000
171;0.118597755187314135572;0.000000000000000000000;0.000000000000000000000;0.000000000000000000000
172;0.000495596695680548815;0.000000000000000000000;0.000000000000000000000;0.000000000000000000000
173;0.004503065112527071534;0.000000000000000000000;0.000000000000000000000;0.000000000000000000000
174;0.000169208663421281408;0.000000000000000000000;0.000000000000000000000;0.000000000000000000000
175;0.000048570947876752875;0.000000000000000000000;0.000000000000000000000;0.000000000000000000000
176;0.003624638498939347642;0.000000000000000000000;0.000000000000000000000;0.000000000000000000000
177;0.000003549525868910852;0.000000000000000000000;0.000000000000000000000;0.000000000000000000000
178;0.001320963447569378779;0.000000000000000000000;0.000000000000000000000;0.000000000000000000000
179;0.068279639912380687972;0.000000000000000000000;0.000000000000000000000;0.000000000000000000000
180;0.000641281791017312254;0.000000000000000000000;0.000000000000000000000;0.000000000000000000000
181;0.001930187998083199297;0.000000000000000000000;0.000000000000000000000;0.000000000000000000000
182;0.005011648630989240516;0.000000000000000000000;0.000000000000000000000;0.000000000000000000000
183;0.000011154819815865493;0.000000000000000000000;0.000000000000000000000;0.000000000000000000000
184;0.015594633159077051984;0.000000000000000000000;0.000000000000000000000;0.000000000000000000000
185;0.010687735169853107564;0.000000000000000000000;0.000000000000000000000;0.000000000000000000000
186;0.000817226556338312982;0.000000000000000000000;0.000000000000000000000;0.000000000000000000000
187;0.000520834954684889053;0.000000000000000000000;0.000000000000000000000;0.000000000000000000000
188;0.000807142287103287059;0.000000000000000000000;0.000000000000000000000;0.000000000000000000000
189;0.001152908423121074000;0.000000000000000000000;0.000000000000000000000;0.000000000000000000000
190;0.007732242497865970086;0.000000000000000000000;0.000000000000000000000;0.000000000000000000000
191;0.014729803499703209013;0.000000000000000000000;0.000000000000000000000;0.000000000000000000000
192;0.009113408068106565452;0.000000000000000000000;0.000000000000000000000;0.000000000000000000000
193;0.003085166626147106683;0.000000000000000000000;0.000000000000000000000;0.000000000000000000000
194;0.006707144201872683453;0.000000000000000000000;0.000000000000000000000;0.000000000000000000000
195;0.000003344467058681981;0.000000000000000000000;0.000000000000000000000;0.000000000000000000000
196;0.000000816615039094045;0.000000000000000000000;0.000000000000000000000;0.000000000000000000000
197;0.004629022853282371841;0.000000000000000000000;0.000000000000000000000;0.000000000000000000000
198;0.005728174820787690358;0.000000000000000000000;0.000000000000000000000;0.000000000000000000000
199;0.000459298340016347562;0.000000000000000000000;0.000000000000000000000;0.000000000000000000000
200;0.001150795059325915304;0.000000000000000000000;0.000000000000000000000;0.000000000000000000000
201;0.000086230575488833297;0.000000000000000000000;0.000000000000000000000;0.000000000000000000000
202;0.000144992046306330336;0.000000000000000000000;0.000000000000000000000;0.000000000000000000000
203;0.011956519751963217910;0.001240456845204509053;0.000000000000000000000;0.000000000000000000000
204;0.000098172805666395246;0.000000000000000000000;0.000000000000000000000;0.000000000000000000000
205;0.000577241185253529244;0.000000000000000000000;0.000000000000000000000;0.000000000000000000000
206;0.000724699699793662669;0.000000000000000000000;0.000000000000000000000;0.000000000000000000000
207;0.052470121447960593741;0.000000000000000000000;0.000000000000000000000;0.000000000000000000000
208;0.000694001988241243258;0.000000000000000000000;0.000000000000000000000;0.000000000000000000000
209;0.001347204208822283533;0.000000000000000000000;0.000000000000000000000;0.000000000000000000000
210;0.000001726513631703050;0.000000000000000000000;0.000000000000000000000;0.000000000000000000000
211;0.000028977503524500216;0.000000000000000000000;0.000000000000000000000;0.000000000000000000000
212;0.000038701255508269410;0.000000000000000000000;0.000000000000000000000;0.000000000000000000000
213;0.000066987233960690923;0.000000000000000000000;0.000000000000000000000;0.000000000000000000000
214;0.003514695582912471302;0.000000000000000000000;0.000000000000000000000;0.000000000000000000000
215;0.000388867777129153769;0.000000000000000000000;0.000000000000000000000;0.000000000000000000000
216;0.030610434996001689711;0.000000000000000000000;0.000000000000000000000;0.000000000000000000000
217;0.004677717185657126464;0.000000000000000000000;0.000000000000000000000;0.000000000000000000000
218;0.003811875489578324221;0.000000000000000000000;0.000000000000000000000;0.000000000000000000000
219;0.000216687384941488537;0.000000000000000000000;0.000000000000000000000;0.000000000000000000000
220;0.014742305111831575937;0.001575325240397690285;0.000000000000000000000;0.000000000000000000000
221;0.000533563514398358030;0.000000000000000000000;0.000000000000000000000;0.000000000000000000000
222;0.000357903028315500137;0.000000000000000000000;0.000000000000000000000;0.000000000000000000000
223;0.000008792003778269233;0.000000000000000000000;0.000000000000000000000;0.000000000000000000000
224;0.011318728263868337025;0.000000000000000000000;0.000000000000000000000;0.000000000000000000000
225;0.005491930551273505046;0.000000000000000000000;0.000000000000000000000;0.000000000000000000000
226;0.007721967700194584325;0.000000000000000000000;0.000000000000000000000;0.000000000000000000000
227;0.001542596349702681120;0.000000000000000000000;0.000000000000000000000;0.000000000000000000000
228;0.003182328537666867518;0.000000000000000000000;0.000000000000000000000;0.000000000000000000000
229;0.001393969302767657844;0.000000000000000000000;0.000000000000000000000;0.000000000000000000000
230;0.000556171546860662058;0.000000000000000000000;0.000000000000000000000;0.000000000000000000000
231;0.002326930229911853935;0.000000000000000000000;0.000000000000000000000;0.000000000000000000000
232;0.002170893749421291645;0.000000000000000000000;0.000000000000000000000;0.000000000000000000000
233;0.000872876464050875603;0.000000000000000000000;0.000000000000000000000;0.000000000000000000000
234;0.005251641383379931569;0.000000000000000000000;0.000000000000000000000;0.000000000000000000000
235;0.000018627079640762958;0.000000000000000000000;0.000000000000000000000;0.000000000000000000000
236;0.000566992269736369845;0.000000000000000000000;0.000000000000000000000;0.000000000000000000000
237;0.000001693762829620203;0.000000000000000000000;0.000000000000000000000;0.000000000000000000000
238;0.000806001907946218843;0.000000000000000000000;0.000000000000000000000;0.000000000000000000000
239;0.000094183503925043461;0.000000000000000000000;0.000000000000000000000;0.000000000000000000000
240;0.000170741150025850274;0.000000000000000000000;0.000000000000000000000;0.000000000000000000000
241;0.000027156368648607557;0.000000000000000000000;0.000000000000000000000;0.000000000000000000000
242;0.000172905181757717464;0.000000000000000000000;0.000000000000000000000;0.000000000000000000000
243;0.000968673186971413694;0.000000000000000000000;0.000000000000000000000;0.000000000000000000000
244;0.000272128481516309417;0.000000000000000000000;0.000000000000000000000;0.000000000000000000000
245;0.002342408771674964196;0.000000000000000000000;0.000000000000000000000;0.000000000000000000000
246;0.000067187555980840487;0.000006698080482183060;0.000000000000000000000;0.000000000000000000000
247;0.000201277891017076965;0.000000000000000000000;0.000000000000000000000;0.000000000000000000000
248;0.000063742027564310522;0.000000000000000000000;0.000000000000000000000;0.000000000000000000000
249;0.000000000000000000000;0.000000000000000000000;0.000000000000000000000;0.000000000000000000000
250;0.000060906275902538117;0.000000000000000000000;0.000000000000000000000;0.000000000000000000000
251;0.001367738953184760575;0.000000000000000000000;0.000000000000000000000;0.000000000000000000000
252;0.001775484985012565353;0.000000000000000000000;0.000000000000000000000;0.000000000000000000000
253;0.000173078235825234461;0.000000000000000000000;0.000000000000000000000;0.000000000000000000000
254;0.000004430920144123367;0.000000000000000000000;0.000000000000000000000;0.000000000000000000000
255;0.000870273637102782606;0.000000000000000000000;0.000000000000000000000;0.000000000000000000000
256;0.000062110410232471311;0.000000000000000000000;0.000000000000000000000;0.000000000000000000000
257;0.000061944212152395303;0.000000000000000000000;0.000000000000000000000;0.000000000000000000000
258;0.000272926013198768191;0.000000000000000000000;0.000000000000000000000;0.000000000000000000000
259;0.000241358599371503197;0.000000000000000000000;0.000000000000000000000;0.000000000000000000000
260;0.000001461834933124818;0.000000000000000000000;0.000000000000000000000;0.000000000000000000000
261;0.000010035624240709289;0.000000000000000000000;0.000000000000000000000;0.000000000000000000000
262;0.000021402551010285081;0.000000000000000000000;0.000000000000000000000;0.000000000000000000000
263;0.000000663756732651751;0.000000000000000000000;0.000000000000000000000;0.000000000000000000000
264;0.000000000000000000000;0.000000000000000000000;0.000000000000000000000;0.000000000000000000000
265;0.000253922090745759444;0.000000000000000000000;0.000000000000000000000;0.000000000000000000000
266;0.000002514380462727631;0.000000000000000000000;0.000000000000000000000;0.000000000000000000000
267;0.000003162173752179007;0.000000000000000000000;0.000000000000000000000;0.000000000000000000000
268;0.000309361071429703482;0.000000000000000000000;0.000000000000000000000;0.000000000000000000000
269;0.000017524300657594406;0.000000000000000000000;0.000000000000000000000;0.000000000000000000000
270;0.000064262689368158737;0.000000000000000000000;0.000000000000000000000;0.000000000000000000000
271;0.000021763184250170549;0.000000000000000000000;0.000000000000000000000;0.000000000000000000000
272;0.000188314458283392328;0.000000000000000000000;0.000000000000000000000;0.000000000000000000000
273;0.000052565654524068979;0.000000000000000000000;0.000000000000000000000;0.000000000000000000000
274;0.000571057089133149677;0.000000000000000000000;0.000000000000000000000;0.000000000000000000000
275;0.004938972826010746588;0.000000000000000000000;0.000000000000000000000;0.000000000000000000000
276;0.003846960662593379866;0.000000000000000000000;0.000000000000000000000;0.000000000000000000000
277;0.001934856357388196500;0.000000000000000000000;0.000000000000000000000;0.000000000000000000000
278;0.004178148115550302417;0.000000000000000000000;0.000000000000000000000;0.000000000000000000000
279;0.000207816504472301461;0.000000000000000000000;0.000000000000000000000;0.000000000000000000000
280;0.001836721744398935648;0.000000000000000000000;0.000000000000000000000;0.000000000000000000000
281;0.002058237417265407210;0.000000000000000000000;0.000000000000000000000;0.000000000000000000000
282;0.000818894381327437641;0.000000000000000000000;0.000000000000000000000;0.000000000000000000000
283;0.000031028229912563599;0.000000000000000000000;0.000000000000000000000;0.000000000000000000000
284;0.000025602365081152666;0.000000000000000000000;0.000000000000000000000;0.000000000000000000000
285;0.000056494055488937045;0.000000000000000000000;0.000000000000000000000;0.000000000000000000000
286;0.000053723546467449722;0.000000000000000000000;0.000000000000000000000;0.000000000000000000000
287;0.000001992091694299428;0.000000000000000000000;0.000000000000000000000;0.000000000000000000000
288;0.000002738851159972215;0.000000000000000000000;0.000000000000000000000;0.000000000000000000000
289;0.000026599815192130068;0.000000000000000000000;0.000000000000000000000;0.000000000000000000000
290;0.001323418325445355811;0.000124618001774891545;0.000000000000000000000;0.000000000000000000000
291;0.001554357405150530447;0.000000000000000000000;0.000000000000000000000;0.000000000000000000000
292;0.000268971066342234722;0.000000000000000000000;0.000000000000000000000;0.000000000000000000000
293;0.000190175514696189234;0.000000000000000000000;0.000000000000000000000;0.000000000000000000000
294;0.000265797733115751445;0.000000000000000000000;0.000000000000000000000;0.000000000000000000000
295;0.000111225612416263053;0.000000000000000000000;0.000000000000000000000;0.000000000000000000000
296;0.000164923044954190496;0.000000000000000000000;0.000000000000000000000;0.000000000000000000000
297;0.000109035312451718824;0.000000000000000000000;0.000000000000000000000;0.000000000000000000000
298;0.000000042425240812396;0.000000000000000000000;0.000000000000000000000;0.000000000000000000000
299;0.000008624163827177130;0.000000000000000000000;0.000000000000000000000;0.000000000000000000000
300;0.000017848734650506223;0.000000000000000000000;0.000000000000000000000;0.000000000000000000000
301;0.000482941801424931704;0.000000000000000000000;0.000000000000000000000;0.000000000000000000000
302;0.000320428880314800157;0.000000000000000000000;0.000000000000000000000;0.000000000000000000000
303;0.000373483971608488952;0.000000000000000000000;0.000000000000000000000;0.000000000000000000000
304;0.000028953745455307111;0.000000000000000000000;0.000000000000000000000;0.000000000000000000000
305;0.000660649504638876174;0.000000000000000000000;0.000000000000000000000;0.000000000000000000000
306;0.000000000000000000000;0.000000000000000000000;0.000000000000000000000;0.000000000000000000000
307;0.001353215147929742951;0.000000000000000000000;0.000000000000000000000;0.000000000000000000000
308;0.000100639194820705449;0.000000000000000000000;0.000000000000000000000;0.000000000000000000000
309;0.000522471551959955761;0.000000000000000000000;0.000000000000000000000;0.000000000000000000000
310;0.000108593634295203731;0.000000000000000000000;0.000000000000000000000;0.000000000000000000000
311;0.000969349761129584156;0.000000000000000000000;0.000000000000000000000;0.000000000000000000000
312;0.005643145462489821199;0.000000000000000000000;0.000000000000000000000;0.000000000000000000000
313;0.003038756800637643085;0.000000000000000000000;0.000000000000000000000;0.000000000000000000000
314;0.000226749837948014843;0.000000000000000000000;0.000000000000000000000;0.000000000000000000000
315;0.000398100142658096789;0.000000000000000000000;0.000000000000000000000;0.000000000000000000000
316;0.000054652837705660276;0.000000000000000000000;0.000000000000000000000;0.000000000000000000000
317;0.000025661845811950888;0.000000000000000000000;0.000000000000000000000;0.000000000000000000000
318;0.000002051534412526847;0.000000000000000000000;0.000000000000000000000;0.000000000000000000000
319;0.000012187594308944959;0.000000000000000000000;0.000000000000000000000;0.000000000000000000000
320;0.000029581520167305805;0.000000000000000000000;0.000000000000000000000;0.000000000000000000000
321;0.000084912515628803045;0.000000000000000000000;0.000000000000000000000;0.000000000000000000000
322;0.000000000000000000000;0.000000000000000000000;0.000000000000000000000;0.000000000000000000000
323;0.000399792671095661244;0.000000000000000000000;0.000000000000000000000;0.000000000000000000000
324;0.002085136369123219424;0.000000000000000000000;0.000000000000000000000;0.000000000000000000000
325;0.000099382220444297939;0.000000000000000000000;0.000000000000000000000;0.000000000000000000000
326;0.000151017196071842608;0.000000000000000000000;0.000000000000000000000;0.000000000000000000000
327;0.000000000000000000000;0.000000000000000000000;0.000000000000000000000;0.000000000000000000000
328;0.000102423662242806524;0.000000000000000000000;0.000000000000000000000;0.000000000000000000000
329;0.002870135550010847417;0.000000000000000000000;0.000000000000000000000;0.000000000000000000000
330;0.000002917655567798103;0.000000000000000000000;0.000000000000000000000;0.000000000000000000000
331;0.001987160900904153763;0.000000000000000000000;0.000000000000000000000;0.000000000000000000000
332;0.000032542434195283014;0.000000000000000000000;0.000000000000000000000;0.000000000000000000000
333;0.000027341911930334077;0.000000000000000000000;0.000000000000000000000;0.000000000000000000000
334;0.000004608661859349574;0.000000000000000000000;0.000000000000000000000;0.000000000000000000000
335;0.000004442284044698470;0.000000000000000000000;0.000000000000000000000;0.000000000000000000000
336;0.000002650515456106926;0.000000000000000000000;0.000000000000000000000;0.000000000000000000000
337;0.000036776628855941795;0.000000000000000000000;0.000000000000000000000;0.000000000000000000000
338;0.000011591546483346454;0.000000000000000000000;0.000000000000000000000;0.000000000000000000000
339;0.000039168384153584250;0.000000000000000000000;0.000000000000000000000;0.000000000000000000000
340;0.000165516826234469533;0.000000000000000000000;0.000000000000000000000;0.000000000000000000000
341;0.000094223398935576477;0.000000000000000000000;0.000000000000000000000;0.000000000000000000000
342;0.000038235188379738778;0.000000000000000000000;0.000000000000000000000;0.000000000000000000000
343;0.000060985156767057180;0.000000000000000000000;0.000000000000000000000;0.000000000000000000000
344;0.000053827961655564416;0.000000000000000000000;0.000000000000000000000;0.000000000000000000000
345;0.000070669780233459489;0.000000000000000000000;0.000000000000000000000;0.000000000000000000000
346;0.000237125591161665983;0.000000000000000000000;0.000000000000000000000;0.000000000000000000000
347;0.000474082131711448028;0.000000000000000000000;0.000000000000000000000;0.000000000000000000000
348;0.000311220234311781585;0.000000000000000000000;0.000000000000000000000;0.000000000000000000000
349;0.000358940460381161174;0.000000000000000000000;0.000000000000000000000;0.000000000000000000000
350;0.000032356160916873888;0.000000000000000000000;0.000000000000000000000;0.000000000000000000000
351;0.013067715302317020956;0.000000000000000000000;0.000000000000000000000;0.000000000000000000000
352;0.041963270889354468973;0.000000000000000000000;0.000000000000000000000;0.000000000000000000000
353;0.000043082216313688158;0.000000000000000000000;0.000000000000000000000;0.000000000000000000000
354;0.020368745993012634526;0.000000000000000000000;0.000000000000000000000;0.000000000000000000000
355;0.014331079593173923215;0.000000000000000000000;0.000000000000000000000;0.000000000000000000000
356;0.000000000000000000000;0.000000000000000000000;0.000000000000000000000;0.000000000000000000000
357;0.006787257405070985967;0.000000000000000000000;0.000000000000000000000;0.000000000000000000000
358;0.000014641261578562329;0.000000000000000000000;0.000000000000000000000;0.000000000000000000000
359;0.005836220383715820872;0.000000000000000000000;0.000000000000000000000;0.000000000000000000000
360;0.000597870719610848144;0.000000000000000000000;0.000000000000000000000;0.000000000000000000000
361;0.017359945014649252187;0.000000000000000000000;0.000000000000000000000;0.000000000000000000000
362;0.000000000000000000000;0.000000000000000000000;0.000000000000000000000;0.000000000000000000000
363;0.000000000000000000000;0.000000000000000000000;0.000000000000000000000;0.000000000000000000000
364;0.000000000000000000000;0.000000000000000000000;0.000000000000000000000;0.000000000000000000000
365;0.000000000000000000000;0.000000000000000000000;0.000000000000000000000;0.000000000000000000000
366;0.000000000000000000000;0.000000000000000000000;0.000000000000000000000;0.000000000000000000000
367;0.000714274881421506080;0.000000000000000000000;0.000000000000000000000;0.000000000000000000000
368;0.000007223896258290453;0.000000000000000000000;0.000000000000000000000;0.000000000000000000000
369;0.000000000000000000000;0.000000000000000000000;0.000000000000000000000;0.000000000000000000000
370;0.000039256722454757143;0.000000000000000000000;0.000000000000000000000;0.000000000000000000000
371;0.000272394607625792097;0.000000000000000000000;0.000000000000000000000;0.000000000000000000000
372;0.002995555080033296402;0.000000000000000000000;0.000000000000000000000;0.000000000000000000000
373;0.000015553179191101808;0.000000000000000000000;0.000000000000000000000;0.000000000000000000000
374;0.000000000000000000000;0.000000000000000000000;0.000000000000000000000;0.000000000000000000000
375;0.000000000000000000000;0.000000000000000000000;0.000000000000000000000;0.000000000000000000000
376;0.000000000000000000000;0.000000000000000000000;0.000000000000000000000;0.000000000000000000000
377;0.000022305197836672053;0.000000000000000000000;0.000000000000000000000;0.000000000000000000000
378;0.000451534206065011046;0.000000000000000000000;0.000000000000000000000;0.000000000000000000000
379;0.000341922080398050722;0.000000000000000000000;0.000000000000000000000;0.000000000000000000000
380;0.000835102916270868967;0.000000000000000000000;0.000000000000000000000;0.000000000000000000000
381;0.000958045871283952463;0.000000000000000000000;0.000000000000000000000;0.000000000000000000000
382;0.000000000000000000000;0.000000000000000000000;0.000000000000000000000;0.000000000000000000000
383;0.000000901749176291625;0.000000000000000000000;0.000000000000000000000;0.000000000000000000000
384;0.002082077248989122175;0.000000000000000000000;0.000000000000000000000;0.000000000000000000000
385;0.000000581004503104852;0.000000000000000000000;0.000000000000000000000;0.000000000000000000000
386;0.000008636724601351919;0.000000000000000000000;0.000000000000000000000;0.000000000000000000000
387;0.000183700450408542243;0.000000000000000000000;0.000000000000000000000;0.000000000000000000000
388;0.000546541926215032836;0.000000000000000000000;0.000000000000000000000;0.000000000000000000000
389;0.000462756021534403261;0.000000000000000000000;0.000000000000000000000;0.000000000000000000000
390;0.000006834934489877384;0.000000000000000000000;0.000000000000000000000;0.000000000000000000000
391;0.000533664479342499279;0.000000000000000000000;0.000000000000000000000;0.000000000000000000000
392;0.000276458265810755610;0.000000000000000000000;0.000000000000000000000;0.000000000000000000000
393;0.000231379374559498280;0.000000000000000000000;0.000000000000000000000;0.000000000000000000000
394;0.000651085305390005200;0.000000000000000000000;0.000000000000000000000;0.000000000000000000000
395;0.000012463902186802798;0.000000000000000000000;0.000000000000000000000;0.000000000000000000000
396;0.000019958020366800305;0.000000000000000000000;0.000000000000000000000;0.000000000000000000000
397;0.007071685757797041560;0.000000000000000000000;0.000000000000000000000;0.000000000000000000000
398;0.001426932307724837262;0.000000000000000000000;0.000000000000000000000;0.000000000000000000000
399;0.000972450295644809227;0.000000000000000000000;0.000000000000000000000;0.000000000000000000000
400;0.006118646102888814810;0.000000000000000000000;0.000000000000000000000;0.000000000000000000000
401;0.017402770025790971486;0.000000000000000000000;0.000000000000000000000;0.000000000000000000000
402;0.000037354272850716706;0.000000000000000000000;0.000000000000000000000;0.000000000000000000000
403;0.010471608892027362003;0.000000000000000000000;0.000000000000000000000;0.000000000000000000000
404;0.006358796558876241185;0.000000000000000000000;0.000000000000000000000;0.000000000000000000000
405;0.000169259708787376312;0.000000000000000000000;0.000000000000000000000;0.000000000000000000000
406;0.000213061316690910080;0.000000000000000000000;0.000000000000000000000;0.000000000000000000000
407;0.000221249054077457541;0.000000000000000000000;0.000000000000000000000;0.000000000000000000000
408;0.021167357402719133574;0.000000000000000000000;0.000000000000000000000;0.000000000000000000000
409;0.001578120629917856288;0.000000000000000000000;0.000000000000000000000;0.000000000000000000000
410;0.005125084637365827887;0.000000000000000000000;0.000000000000000000000;0.000000000000000000000
411;0.000150667167043729705;0.000000000000000000000;0.000000000000000000000;0.000000000000000000000
412;0.005079717145942130863;0.000000000000000000000;0.000000000000000000000;0.000000000000000000000
413;0.001314290746605162536;0.000000000000000000000;0.000000000000000000000;0.000000000000000000000
414;0.000645480657123428947;0.000000000000000000000;0.000000000000000000000;0.000000000000000000000
415;0.000153207205690642862;0.000000000000000000000;0.000000000000000000000;0.000000000000000000000
416;0.012948585694072534125;0.000000000000000000000;0.000000000000000000000;0.000000000000000000000
417;0.000606954414689534817;0.000000000000000000000;0.000000000000000000000;0.000000000000000000000
418;0.001935065900414127292;0.000000000000000000000;0.000000000000000000000;0.000000000000000000000
419;0.007229055896459612995;0.000000000000000000000;0.000000000000000000000;0.000000000000000000000
420;0.000005744773614605987;0.000000000000000000000;0.000000000000000000000;0.000000000000000000000
421;0.003860953841473631527;0.000000000000000000000;0.000000000000000000000;0.000000000000000000000
422;0.001410757252905643806;0.000000000000000000000;0.000000000000000000000;0.000000000000000000000
423;0.000526784458693816738;0.000000000000000000000;0.000000000000000000000;0.000000000000000000000
424;0.000110872856873799053;0.000000000000000000000;0.000000000000000000000;0.000000000000000000000
425;0.000141294150235003399;0.000000000000000000000;0.000000000000000000000;0.000000000000000000000
426;0.008019225723927695185;0.000000000000000000000;0.000000000000000000000;0.000000000000000000000
427;0.142956727056840066092;0.000000000000000000000;0.000000000000000000000;0.000000000000000000000
428;0.000893524321732101280;0.000000000000000000000;0.000000000000000000000;0.000000000000000000000
429;0.000845696504361045931;0.000000000000000000000;0.000000000000000000000;0.000000000000000000000
430;0.000000000000000000000;0.000000000000000000000;0.000000000000000000000;0.000000000000000000000
431;0.000809704557178334786;0.000000000000000000000;0.000000000000000000000;0.000000000000000000000
432;0.002458513189865119131;0.000000000000000000000;0.000000000000000000000;0.000000000000000000000
433;0.811990498223952306134;0.079230619163878884814;0.000000000000000000000;0.000000000000000000000
434;0.037606195626912843066;0.000000000000000000000;0.000000000000000000000;0.000000000000000000000
435;0.057670281779046199400;0.000000000000000000000;0.000000000000000000000;0.000000000000000000000
436;0.000911082830315892989;0.000000000000000000000;0.000000000000000000000;0.000000000000000000000
437;0.000778478972925406021;0.000000000000000000000;0.000000000000000000000;0.000000000000000000000
438;0.039052417358223179278;0.003841895785243003118;0.000000000000000000000;0.000000000000000000000
439;0.004118048475722502211;0.000000000000000000000;0.000000000000000000000;0.000000000000000000000
440;0.004410869807225381578;0.000000000000000000000;0.000000000000000000000;0.000000000000000000000
441;0.014642450807487902495;0.000000000000000000000;0.000000000000000000000;0.000000000000000000000
442;0.007149141164177122768;0.000000000000000000000;0.000000000000000000000;0.000000000000000000000
443;0.002521280636694248848;0.000000000000000000000;0.000000000000000000000;0.000000000000000000000
444;0.001474441032715184674;0.000000000000000000000;0.000000000000000000000;0.000000000000000000000
445;0.020058164793864165232;0.000000000000000000000;0.000000000000000000000;0.000000000000000000000
446;0.003262290526224731046;0.000000000000000000000;0.000000000000000000000;0.000000000000000000000
447;0.013345542889971362399;0.000000000000000000000;0.000000000000000000000;0.000000000000000000000
448;0.007898112547273386866;0.000000000000000000000;0.000000000000000000000;0.000000000000000000000
449;0.001221530377139901091;0.000000000000000000000;0.000000000000000000000;0.000000000000000000000
450;0.008986377087345806189;0.000000000000000000000;0.000000000000000000000;0.000000000000000000000
451;0.497845516169408641716;0.070814523776851601156;0.000000000000000000000;0.000000000000000000000
452;0.006319923258696717554;0.000000000000000000000;0.000000000000000000000;0.000000000000000000000
453;0.100650854040824341840;0.000000000000000000000;0.000000000000000000000;0.000000000000000000000
454;0.009039321296057851313;0.000000000000000000000;0.000000000000000000000;0.000000000000000000000
455;0.025398182133735680566;0.000000000000000000000;0.000000000000000000000;0.000000000000000000000
456;0.078796971337624199805;0.000000000000000000000;0.000000000000000000000;0.000000000000000000000
457;0.005310787559071882512;0.000000000000000000000;0.000000000000000000000;0.000000000000000000000
458;0.012179240867797275910;0.000000000000000000000;0.000000000000000000000;0.000000000000000000000
459;0.001202107430232311367;0.000000000000000000000;0.000000000000000000000;0.000000000000000000000
460;0.000343537861394772881;0.000000000000000000000;0.000000000000000000000;0.000000000000000000000
461;0.000756233387276534661;0.000000000000000000000;0.000000000000000000000;0.000000000000000000000
462;0.092675667342552614514;0.000000000000000000000;0.000000000000000000000;0.000000000000000000000
463;0.008881116269735828822;0.000000000000000000000;0.000000000000000000000;0.000000000000000000000
464;0.000000000000000000000;0.000000000000000000000;0.000000000000000000000;0.000000000000000000000
465;0.000197016797720113462;0.000000000000000000000;0.000000000000000000000;0.000000000000000000000
466;0.008766974659410417189;0.000000000000000000000;0.000000000000000000000;0.000000000000000000000
467;0.000818470084525291242;0.000000000000000000000;0.000000000000000000000;0.000000000000000000000
468;0.000304719494548522096;0.000000000000000000000;0.000000000000000000000;0.000000000000000000000
469;0.000003996259443378057;0.000000000000000000000;0.000000000000000000000;0.000000000000000000000
470;0.000653583409137274197;0.000000000000000000000;0.000000000000000000000;0.000000000000000000000
471;0.000047821216044213168;0.000000000000000000000;0.000000000000000000000;0.000000000000000000000
472;0.002712816726669527775;0.000000000000000000000;0.000000000000000000000;0.000000000000000000000
473;0.003712908982457241436;0.000000000000000000000;0.000000000000000000000;0.000000000000000000000
474;1.113496239534701226503;0.145612645079179231500;0.000000000000000000000;0.000000000000000000000
475;0.000025526672887434251;0.000000000000000000000;0.000000000000000000000;0.000000000000000000000
476;0.000011838418622905274;0.000000000000000000000;0.000000000000000000000;0.000000000000000000000
477;0.000012997127601786609;0.000000000000000000000;0.000000000000000000000;0.000000000000000000000
478;0.000008252139707298578;0.000000000000000000000;0.000000000000000000000;0.000000000000000000000
479;0.000000000000000000000;0.000000000000000000000;0.000000000000000000000;0.000000000000000000000
480;0.049280790019106422706;0.005293259815486450748;0.000000000000000000000;0.000000000000000000000
481;0.000004950396606913564;0.000000000000000000000;0.000000000000000000000;0.000000000000000000000
482;0.000132224794754651209;0.000000000000000000000;0.000000000000000000000;0.000000000000000000000
483;0.000647953154711370717;0.000000000000000000000;0.000000000000000000000;0.000000000000000000000
484;0.000043699757530660938;0.000000000000000000000;0.000000000000000000000;0.000000000000000000000
485;0.000183782326999074042;0.000000000000000000000;0.000000000000000000000;0.000000000000000000000
486;0.003830382868825533017;0.000000000000000000000;0.000000000000000000000;0.000000000000000000000
487;0.000162740597582415603;0.000000000000000000000;0.000000000000000000000;0.000000000000000000000
488;0.000044945259905041869;0.000000000000000000000;0.000000000000000000000;0.000000000000000000000
489;0.002035768485564526387;0.000000000000000000000;0.000000000000000000000;0.000000000000000000000
490;0.000857402796533383253;0.000000000000000000000;0.000000000000000000000;0.000000000000000000000
491;0.000624564559194851210;0.000000000000000000000;0.000000000000000000000;0.000000000000000000000
492;0.000486872156596172183;0.000049433262692020682;0.000000000000000000000;0.000000000000000000000
493;0.000153785362571774720;0.000000000000000000000;0.000000000000000000000;0.000000000000000000000
494;0.000000000000000000000;0.000000000000000000000;0.000000000000000000000;0.000000000000000000000
495;0.000058014900589522848;0.000000000000000000000;0.000000000000000000000;0.000000000000000000000
