ETATS RUISSELEMENT SURFACE (oc_surf);ONDE CINEMATIQUE( 4.3.1.0000 )
DATE_HEURE;2020-01-01 00:00

UHRH;DEBITS
1;0.006637738862298903086;0.000000000000000000000;0.000000000000000000000;0.000000000000000000000
2;0.004690302316718779167;0.000000000000000000000;0.000000000000000000000;0.000000000000000000000
3;0.000000000000000000000;0.000000000000000000000;0.000000000000000000000;0.000000000000000000000
4;0.001454504201568451727;0.000000000000000000000;0.000000000000000000000;0.000000000000000000000
5;0.000000000000000000000;0.000000000000000000000;0.000000000000000000000;0.000000000000000000000
6;0.000000000000000000000;0.000000000000000000000;0.000000000000000000000;0.000000000000000000000
7;0.000000000000000000000;0.000000000000000000000;0.000000000000000000000;0.000000000000000000000
8;0.000316850671750357193;0.000000000000000000000;0.000000000000000000000;0.000000000000000000000
9;0.000000000000000000000;0.000000000000000000000;0.000000000000000000000;0.000000000000000000000
10;0.000000000000000000000;0.000000000000000000000;0.000000000000000000000;0.000000000000000000000
11;0.000325230154791927351;0.000000000000000000000;0.000000000000000000000;0.000000000000000000000
12;0.002307107658012212074;0.000000000000000000000;0.000000000000000000000;0.000000000000000000000
13;0.011287821727589278722;0.000000000000000000000;0.000000000000000000000;0.000000000000000000000
14;0.000000000000000000000;0.000000000000000000000;0.000000000000000000000;0.000000000000000000000
15;0.000001759190207383710;0.000000000000000000000;0.000000000000000000000;0.000000000000000000000
16;0.000000000000000000000;0.000000000000000000000;0.000000000000000000000;0.000000000000000000000
17;0.004666018511614078434;0.000000000000000000000;0.000000000000000000000;0.000000000000000000000
18;0.000447135800738055866;0.000000000000000000000;0.000000000000000000000;0.000000000000000000000
19;0.000110812215127679040;0.000000000000000000000;0.000000000000000000000;0.000000000000000000000
20;0.000003706859035270890;0.000000000000000000000;0.000000000000000000000;0.000000000000000000000
21;0.000000000000000000000;0.000000000000000000000;0.000000000000000000000;0.000000000000000000000
22;0.000015076822542561126;0.000000000000000000000;0.000000000000000000000;0.000000000000000000000
23;0.000085225444442511275;0.000000000000000000000;0.000000000000000000000;0.000000000000000000000
24;0.000000000000000000000;0.000000000000000000000;0.000000000000000000000;0.000000000000000000000
25;0.000002075210341838385;0.000000000000000000000;0.000000000000000000000;0.000000000000000000000
26;0.001002587586868312506;0.000000000000000000000;0.000000000000000000000;0.000000000000000000000
27;0.000012661382419419663;0.000000000000000000000;0.000000000000000000000;0.000000000000000000000
28;0.000053443613764710594;0.000000000000000000000;0.000000000000000000000;0.000000000000000000000
29;0.000002304161016646966;0.000000000000000000000;0.000000000000000000000;0.000000000000000000000
30;0.000008398492752186015;0.000000000000000000000;0.000000000000000000000;0.000000000000000000000
31;0.000000000000000000000;0.000000000000000000000;0.000000000000000000000;0.000000000000000000000
32;0.000009949829623075803;0.000000000000000000000;0.000000000000000000000;0.000000000000000000000
33;0.000757519694845332214;0.000000000000000000000;0.000000000000000000000;0.000000000000000000000
34;0.000002423828931412755;0.000000000000000000000;0.000000000000000000000;0.000000000000000000000
35;0.000004985389365055925;0.000000000000000000000;0.000000000000000000000;0.000000000000000000000
36;0.000000000000000000000;0.000000000000000000000;0.000000000000000000000;0.000000000000000000000
37;0.000000000000000000000;0.000000000000000000000;0.000000000000000000000;0.000000000000000000000
38;0.000173676388822881195;0.000000000000000000000;0.000000000000000000000;0.000000000000000000000
39;0.000038860297263798582;0.000000000000000000000;0.000000000000000000000;0.000000000000000000000
40;0.000009924253582736537;0.000000000000000000000;0.000000000000000000000;0.000000000000000000000
41;0.000069983855426734965;0.000000000000000000000;0.000000000000000000000;0.000000000000000000000
42;0.000000000000000000000;0.000000000000000000000;0.000000000000000000000;0.000000000000000000000
43;0.000074792078183007552;0.000000000000000000000;0.000000000000000000000;0.000000000000000000000
44;0.000130330916870050051;0.000000000000000000000;0.000000000000000000000;0.000000000000000000000
45;0.000121451688258427531;0.000000000000000000000;0.000000000000000000000;0.000000000000000000000
46;0.000050502087612161468;0.000000000000000000000;0.000000000000000000000;0.000000000000000000000
47;0.000000000000000000000;0.000000000000000000000;0.000000000000000000000;0.000000000000000000000
48;0.000000000000000000000;0.000000000000000000000;0.000000000000000000000;0.000000000000000000000
49;0.000094028145977582508;0.000000000000000000000;0.000000000000000000000;0.000000000000000000000
50;0.000030681599074088364;0.000000000000000000000;0.000000000000000000000;0.000000000000000000000
51;0.000046041330215549480;0.000000000000000000000;0.000000000000000000000;0.000000000000000000000
52;0.000000000000000000000;0.000000000000000000000;0.000000000000000000000;0.000000000000000000000
53;0.000000000000000000000;0.000000000000000000000;0.000000000000000000000;0.000000000000000000000
54;0.000014285377171895732;0.000000000000000000000;0.000000000000000000000;0.000000000000000000000
55;0.000000000000000000000;0.000000000000000000000;0.000000000000000000000;0.000000000000000000000
56;0.000000000000000000000;0.000000000000000000000;0.000000000000000000000;0.000000000000000000000
57;0.000000000000000000000;0.000000000000000000000;0.000000000000000000000;0.000000000000000000000
58;0.000044132536004224760;0.000000000000000000000;0.000000000000000000000;0.000000000000000000000
59;0.000000000000000000000;0.000000000000000000000;0.000000000000000000000;0.000000000000000000000
60;0.000032974292970412822;0.000000000000000000000;0.000000000000000000000;0.000000000000000000000
61;0.000077006878473409590;0.000000000000000000000;0.000000000000000000000;0.000000000000000000000
62;0.000000000000000000000;0.000000000000000000000;0.000000000000000000000;0.000000000000000000000
63;0.000140751343795784940;0.000000000000000000000;0.000000000000000000000;0.000000000000000000000
64;0.000151276453054851684;0.000000000000000000000;0.000000000000000000000;0.000000000000000000000
65;0.000075674257460943306;0.000000000000000000000;0.000000000000000000000;0.000000000000000000000
66;0.000016982233123977175;0.000000000000000000000;0.000000000000000000000;0.000000000000000000000
67;0.001323222590144094383;0.000000000000000000000;0.000000000000000000000;0.000000000000000000000
68;0.000852539346724588199;0.000000000000000000000;0.000000000000000000000;0.000000000000000000000
69;0.000000000000000000000;0.000000000000000000000;0.000000000000000000000;0.000000000000000000000
70;0.001710689250513143913;0.000000000000000000000;0.000000000000000000000;0.000000000000000000000
71;0.000153058970291327506;0.000000000000000000000;0.000000000000000000000;0.000000000000000000000
72;0.000907666486704011843;0.000000000000000000000;0.000000000000000000000;0.000000000000000000000
73;0.000024827866636481163;0.000000000000000000000;0.000000000000000000000;0.000000000000000000000
74;0.000000000000000000000;0.000000000000000000000;0.000000000000000000000;0.000000000000000000000
75;0.000246055473612912467;0.000000000000000000000;0.000000000000000000000;0.000000000000000000000
76;0.000006318892325734808;0.000000000000000000000;0.000000000000000000000;0.000000000000000000000
77;0.000079571075283779713;0.000000000000000000000;0.000000000000000000000;0.000000000000000000000
78;0.000000000000000000000;0.000000000000000000000;0.000000000000000000000;0.000000000000000000000
79;0.000002198367250399818;0.000000000000000000000;0.000000000000000000000;0.000000000000000000000
80;0.000000000000000000000;0.000000000000000000000;0.000000000000000000000;0.000000000000000000000
81;0.000041330400450538776;0.000000000000000000000;0.000000000000000000000;0.000000000000000000000
82;0.000017796966761554827;0.000000000000000000000;0.000000000000000000000;0.000000000000000000000
83;0.000002548157433122820;0.000000000000000000000;0.000000000000000000000;0.000000000000000000000
84;0.000147520131112521824;0.000000000000000000000;0.000000000000000000000;0.000000000000000000000
85;0.000000000000000000000;0.000000000000000000000;0.000000000000000000000;0.000000000000000000000
86;0.000000000000000000000;0.000000000000000000000;0.000000000000000000000;0.000000000000000000000
87;0.000309509768874061065;0.000000000000000000000;0.000000000000000000000;0.000000000000000000000
88;0.001108203620096115394;0.000000000000000000000;0.000000000000000000000;0.000000000000000000000
89;0.000000000000000000000;0.000000000000000000000;0.000000000000000000000;0.000000000000000000000
90;0.000023157124184403421;0.000000000000000000000;0.000000000000000000000;0.000000000000000000000
91;0.000000000000000000000;0.000000000000000000000;0.000000000000000000000;0.000000000000000000000
92;0.000087699870788308460;0.000000000000000000000;0.000000000000000000000;0.000000000000000000000
93;0.000538956246414104556;0.000000000000000000000;0.000000000000000000000;0.000000000000000000000
94;0.000976675028376561283;0.000000000000000000000;0.000000000000000000000;0.000000000000000000000
95;0.000000000000000000000;0.000000000000000000000;0.000000000000000000000;0.000000000000000000000
96;0.000039939172493483152;0.000000000000000000000;0.000000000000000000000;0.000000000000000000000
97;0.000458805601694497079;0.000000000000000000000;0.000000000000000000000;0.000000000000000000000
98;0.000102502567718140702;0.000000000000000000000;0.000000000000000000000;0.000000000000000000000
99;0.000078002307544268457;0.000000000000000000000;0.000000000000000000000;0.000000000000000000000
100;0.008938202516446946966;0.000000000000000000000;0.000000000000000000000;0.000000000000000000000
101;2.503639367859242792491;0.457881661962234787211;0.155076909604794366260;0.000000000000000000000
102;0.059239968775826760961;0.006156036468982957650;0.000000000000000000000;0.000000000000000000000
103;0.000325183781503775803;0.000000000000000000000;0.000000000000000000000;0.000000000000000000000
104;0.000200285910009275397;0.000000000000000000000;0.000000000000000000000;0.000000000000000000000
105;0.001023285960280108983;0.000000000000000000000;0.000000000000000000000;0.000000000000000000000
106;0.000160795315512445470;0.000000000000000000000;0.000000000000000000000;0.000000000000000000000
107;0.000309975246675540494;0.000000000000000000000;0.000000000000000000000;0.000000000000000000000
108;0.582999688898851786689;0.077015621269570289087;0.000000000000000000000;0.000000000000000000000
109;0.001759644400407545323;0.000000000000000000000;0.000000000000000000000;0.000000000000000000000
110;0.000397001822391588710;0.000000000000000000000;0.000000000000000000000;0.000000000000000000000
111;0.000725711241146102305;0.000000000000000000000;0.000000000000000000000;0.000000000000000000000
112;0.000926374072442587185;0.000000000000000000000;0.000000000000000000000;0.000000000000000000000
113;0.001359977852638620142;0.000000000000000000000;0.000000000000000000000;0.000000000000000000000
114;0.001063482892471878660;0.000000000000000000000;0.000000000000000000000;0.000000000000000000000
115;0.004727006986369630681;0.000000000000000000000;0.000000000000000000000;0.000000000000000000000
116;0.002977305468982800914;0.000000000000000000000;0.000000000000000000000;0.000000000000000000000
117;0.000189557741366655458;0.000000000000000000000;0.000000000000000000000;0.000000000000000000000
118;0.000289954635230354086;0.000000000000000000000;0.000000000000000000000;0.000000000000000000000
119;0.001920399563680101227;0.000000000000000000000;0.000000000000000000000;0.000000000000000000000
120;0.003161759903838119896;0.000000000000000000000;0.000000000000000000000;0.000000000000000000000
121;0.003908341973794119198;0.000000000000000000000;0.000000000000000000000;0.000000000000000000000
122;0.000706658137876306383;0.000000000000000000000;0.000000000000000000000;0.000000000000000000000
123;0.008950194201058653959;0.000000000000000000000;0.000000000000000000000;0.000000000000000000000
124;0.001750595918771284286;0.000000000000000000000;0.000000000000000000000;0.000000000000000000000
125;0.001332970969840197245;0.000000000000000000000;0.000000000000000000000;0.000000000000000000000
126;0.010279854203599114726;0.000000000000000000000;0.000000000000000000000;0.000000000000000000000
127;0.000833476688841002346;0.000000000000000000000;0.000000000000000000000;0.000000000000000000000
128;0.013820761421925453760;0.000000000000000000000;0.000000000000000000000;0.000000000000000000000
129;0.000340443906351380998;0.000000000000000000000;0.000000000000000000000;0.000000000000000000000
130;0.000547043581893502662;0.000000000000000000000;0.000000000000000000000;0.000000000000000000000
131;0.003601455943069709065;0.000000000000000000000;0.000000000000000000000;0.000000000000000000000
132;0.026037366255483359451;0.000000000000000000000;0.000000000000000000000;0.000000000000000000000
133;0.000079890326616790603;0.000000000000000000000;0.000000000000000000000;0.000000000000000000000
134;0.000000000000000000000;0.000000000000000000000;0.000000000000000000000;0.000000000000000000000
135;0.005275478707490677266;0.000000000000000000000;0.000000000000000000000;0.000000000000000000000
136;0.004142924500294556736;0.000000000000000000000;0.000000000000000000000;0.000000000000000000000
137;0.012929665573630325440;0.000000000000000000000;0.000000000000000000000;0.000000000000000000000
138;0.001631624428732880716;0.000000000000000000000;0.000000000000000000000;0.000000000000000000000
139;0.004917261224339959831;0.000000000000000000000;0.000000000000000000000;0.000000000000000000000
140;0.000399641864815660386;0.000000000000000000000;0.000000000000000000000;0.000000000000000000000
141;0.002738385810480914451;0.000000000000000000000;0.000000000000000000000;0.000000000000000000000
142;0.000410500578233760681;0.000000000000000000000;0.000000000000000000000;0.000000000000000000000
143;0.000000000000000000000;0.000000000000000000000;0.000000000000000000000;0.000000000000000000000
144;0.043389718150113644468;0.000000000000000000000;0.000000000000000000000;0.000000000000000000000
145;0.002451025494329406307;0.000000000000000000000;0.000000000000000000000;0.000000000000000000000
146;0.001857262419540317566;0.000000000000000000000;0.000000000000000000000;0.000000000000000000000
147;0.019371175599349754748;0.000000000000000000000;0.000000000000000000000;0.000000000000000000000
148;0.009708580876379713231;0.000000000000000000000;0.000000000000000000000;0.000000000000000000000
149;0.001167295828693459825;0.000000000000000000000;0.000000000000000000000;0.000000000000000000000
150;0.015389830198193619679;0.000000000000000000000;0.000000000000000000000;0.000000000000000000000
151;0.203747730819578976025;0.000000000000000000000;0.000000000000000000000;0.000000000000000000000
152;0.009885722858535542570;0.000000000000000000000;0.000000000000000000000;0.000000000000000000000
153;0.034785691071303879995;0.000000000000000000000;0.000000000000000000000;0.000000000000000000000
154;0.004231781139537446265;0.000000000000000000000;0.000000000000000000000;0.000000000000000000000
155;0.005287848520566073261;0.000000000000000000000;0.000000000000000000000;0.000000000000000000000
156;0.007146543095311597149;0.000000000000000000000;0.000000000000000000000;0.000000000000000000000
157;0.003198192042079532442;0.000000000000000000000;0.000000000000000000000;0.000000000000000000000
158;0.502073513458844655766;0.053900041511827367913;0.000000000000000000000;0.000000000000000000000
159;0.000327268265756091691;0.000000000000000000000;0.000000000000000000000;0.000000000000000000000
160;0.000000000000000000000;0.000000000000000000000;0.000000000000000000000;0.000000000000000000000
161;0.001969687763135608005;0.000000000000000000000;0.000000000000000000000;0.000000000000000000000
162;0.000823549561053321666;0.000000000000000000000;0.000000000000000000000;0.000000000000000000000
163;0.206884458825647044034;0.022529130940997177390;0.000000000000000000000;0.000000000000000000000
164;0.480628663554067969699;0.056223804477970894256;0.000000000000000000000;0.000000000000000000000
165;0.063005172277378562740;0.000000000000000000000;0.000000000000000000000;0.000000000000000000000
166;0.030870061521071075900;0.000000000000000000000;0.000000000000000000000;0.000000000000000000000
167;0.016799601954233356338;0.000000000000000000000;0.000000000000000000000;0.000000000000000000000
168;0.001909633435448921052;0.000000000000000000000;0.000000000000000000000;0.000000000000000000000
169;0.002597420899378644066;0.000000000000000000000;0.000000000000000000000;0.000000000000000000000
170;0.045131799219593204953;0.000000000000000000000;0.000000000000000000000;0.000000000000000000000
171;0.117517647666602456646;0.000000000000000000000;0.000000000000000000000;0.000000000000000000000
172;0.000000000000000000000;0.000000000000000000000;0.000000000000000000000;0.000000000000000000000
173;0.003843684660881882195;0.000000000000000000000;0.000000000000000000000;0.000000000000000000000
174;0.000000000000000000000;0.000000000000000000000;0.000000000000000000000;0.000000000000000000000
175;0.000000000000000000000;0.000000000000000000000;0.000000000000000000000;0.000000000000000000000
176;0.003361580493178806250;0.000000000000000000000;0.000000000000000000000;0.000000000000000000000
177;0.000000000000000000000;0.000000000000000000000;0.000000000000000000000;0.000000000000000000000
178;0.001175238958079416474;0.000000000000000000000;0.000000000000000000000;0.000000000000000000000
179;0.067906927597207442093;0.000000000000000000000;0.000000000000000000000;0.000000000000000000000
180;0.000594164912477650187;0.000000000000000000000;0.000000000000000000000;0.000000000000000000000
181;0.001001941299959063780;0.000000000000000000000;0.000000000000000000000;0.000000000000000000000
182;0.004551379748762221858;0.000000000000000000000;0.000000000000000000000;0.000000000000000000000
183;0.000000000000000000000;0.000000000000000000000;0.000000000000000000000;0.000000000000000000000
184;0.014023895731786861774;0.000000000000000000000;0.000000000000000000000;0.000000000000000000000
185;0.009600760907604311001;0.000000000000000000000;0.000000000000000000000;0.000000000000000000000
186;0.000751931394262772557;0.000000000000000000000;0.000000000000000000000;0.000000000000000000000
187;0.000421939720697211030;0.000000000000000000000;0.000000000000000000000;0.000000000000000000000
188;0.000735203246626644157;0.000000000000000000000;0.000000000000000000000;0.000000000000000000000
189;0.001028947711874779068;0.000000000000000000000;0.000000000000000000000;0.000000000000000000000
190;0.007031890848117616777;0.000000000000000000000;0.000000000000000000000;0.000000000000000000000
191;0.012515628827303617102;0.000000000000000000000;0.000000000000000000000;0.000000000000000000000
192;0.007982991012263518371;0.000000000000000000000;0.000000000000000000000;0.000000000000000000000
193;0.002222872626030270027;0.000000000000000000000;0.000000000000000000000;0.000000000000000000000
194;0.005602148953033570834;0.000000000000000000000;0.000000000000000000000;0.000000000000000000000
195;0.000000000000000000000;0.000000000000000000000;0.000000000000000000000;0.000000000000000000000
196;0.000000000000000000000;0.000000000000000000000;0.000000000000000000000;0.000000000000000000000
197;0.003149084205582889599;0.000000000000000000000;0.000000000000000000000;0.000000000000000000000
198;0.004909715723206975468;0.000000000000000000000;0.000000000000000000000;0.000000000000000000000
199;0.000220486969340921241;0.000000000000000000000;0.000000000000000000000;0.000000000000000000000
200;0.000968432196678525870;0.000000000000000000000;0.000000000000000000000;0.000000000000000000000
201;0.000000000000000000000;0.000000000000000000000;0.000000000000000000000;0.000000000000000000000
202;0.000103909250350295301;0.000000000000000000000;0.000000000000000000000;0.000000000000000000000
203;0.009160985117882911727;0.000973041833334168716;0.000000000000000000000;0.000000000000000000000
204;0.000073743066509091883;0.000000000000000000000;0.000000000000000000000;0.000000000000000000000
205;0.000458447347766420489;0.000000000000000000000;0.000000000000000000000;0.000000000000000000000
206;0.000630687833516885179;0.000000000000000000000;0.000000000000000000000;0.000000000000000000000
207;0.043933776512004620030;0.000000000000000000000;0.000000000000000000000;0.000000000000000000000
208;0.000627838437346613597;0.000000000000000000000;0.000000000000000000000;0.000000000000000000000
209;0.001176626237497035987;0.000000000000000000000;0.000000000000000000000;0.000000000000000000000
210;0.000000000000000000000;0.000000000000000000000;0.000000000000000000000;0.000000000000000000000
211;0.000000000000000000000;0.000000000000000000000;0.000000000000000000000;0.000000000000000000000
212;0.000000000000000000000;0.000000000000000000000;0.000000000000000000000;0.000000000000000000000
213;0.000000000000000000000;0.000000000000000000000;0.000000000000000000000;0.000000000000000000000
214;0.002741227723406976843;0.000000000000000000000;0.000000000000000000000;0.000000000000000000000
215;0.000272235905728899553;0.000000000000000000000;0.000000000000000000000;0.000000000000000000000
216;0.027291306178432339635;0.000000000000000000000;0.000000000000000000000;0.000000000000000000000
217;0.003514878957347145061;0.000000000000000000000;0.000000000000000000000;0.000000000000000000000
218;0.003110661235981989400;0.000000000000000000000;0.000000000000000000000;0.000000000000000000000
219;0.000127943552557842815;0.000000000000000000000;0.000000000000000000000;0.000000000000000000000
220;0.011618710066145253312;0.001299459972382335012;0.000000000000000000000;0.000000000000000000000
221;0.000462955073775084323;0.000000000000000000000;0.000000000000000000000;0.000000000000000000000
222;0.000314702669951700599;0.000000000000000000000;0.000000000000000000000;0.000000000000000000000
223;0.000000000000000000000;0.000000000000000000000;0.000000000000000000000;0.000000000000000000000
224;0.009440686393849873070;0.000000000000000000000;0.000000000000000000000;0.000000000000000000000
225;0.004242793608397742687;0.000000000000000000000;0.000000000000000000000;0.000000000000000000000
226;0.006088111844428922836;0.000000000000000000000;0.000000000000000000000;0.000000000000000000000
227;0.001137467635566842940;0.000000000000000000000;0.000000000000000000000;0.000000000000000000000
228;0.002599855089676824001;0.000000000000000000000;0.000000000000000000000;0.000000000000000000000
229;0.000251387451199847067;0.000000000000000000000;0.000000000000000000000;0.000000000000000000000
230;0.000396816337259436880;0.000000000000000000000;0.000000000000000000000;0.000000000000000000000
231;0.002046424826633808092;0.000000000000000000000;0.000000000000000000000;0.000000000000000000000
232;0.001919566030230764227;0.000000000000000000000;0.000000000000000000000;0.000000000000000000000
233;0.000624879229391694826;0.000000000000000000000;0.000000000000000000000;0.000000000000000000000
234;0.004853511622080475263;0.000000000000000000000;0.000000000000000000000;0.000000000000000000000
235;0.000000000000000000000;0.000000000000000000000;0.000000000000000000000;0.000000000000000000000
236;0.000412961884775316535;0.000000000000000000000;0.000000000000000000000;0.000000000000000000000
237;0.000000000000000000000;0.000000000000000000000;0.000000000000000000000;0.000000000000000000000
238;0.000643378519762399792;0.000000000000000000000;0.000000000000000000000;0.000000000000000000000
239;0.000053035339352655239;0.000000000000000000000;0.000000000000000000000;0.000000000000000000000
240;0.000148538099386794076;0.000000000000000000000;0.000000000000000000000;0.000000000000000000000
241;0.000000000000000000000;0.000000000000000000000;0.000000000000000000000;0.000000000000000000000
242;0.000055144849566416666;0.000000000000000000000;0.000000000000000000000;0.000000000000000000000
243;0.000806627522339800509;0.000000000000000000000;0.000000000000000000000;0.000000000000000000000
244;0.000154774044851674342;0.000000000000000000000;0.000000000000000000000;0.000000000000000000000
245;0.002093152985806895350;0.000000000000000000000;0.000000000000000000000;0.000000000000000000000
246;0.000000000000000000000;0.000000000000000000000;0.000000000000000000000;0.000000000000000000000
247;0.000190745905944844863;0.000000000000000000000;0.000000000000000000000;0.000000000000000000000
248;0.000056292540706483672;0.000000000000000000000;0.000000000000000000000;0.000000000000000000000
249;0.000000000000000000000;0.000000000000000000000;0.000000000000000000000;0.000000000000000000000
250;0.000057055025330663208;0.000000000000000000000;0.000000000000000000000;0.000000000000000000000
251;0.001189927815089086849;0.000000000000000000000;0.000000000000000000000;0.000000000000000000000
252;0.001037480417740821231;0.000000000000000000000;0.000000000000000000000;0.000000000000000000000
253;0.000154275511679728694;0.000000000000000000000;0.000000000000000000000;0.000000000000000000000
254;0.000000000000000000000;0.000000000000000000000;0.000000000000000000000;0.000000000000000000000
255;0.000765683881563126501;0.000000000000000000000;0.000000000000000000000;0.000000000000000000000
256;0.000000000000000000000;0.000000000000000000000;0.000000000000000000000;0.000000000000000000000
257;0.000058298915551985533;0.000000000000000000000;0.000000000000000000000;0.000000000000000000000
258;0.000222028492613203954;0.000000000000000000000;0.000000000000000000000;0.000000000000000000000
259;0.000200812452653626822;0.000000000000000000000;0.000000000000000000000;0.000000000000000000000
260;0.000000000000000000000;0.000000000000000000000;0.000000000000000000000;0.000000000000000000000
261;0.000000000000000000000;0.000000000000000000000;0.000000000000000000000;0.000000000000000000000
262;0.000000000000000000000;0.000000000000000000000;0.000000000000000000000;0.000000000000000000000
263;0.000000000000000000000;0.000000000000000000000;0.000000000000000000000;0.000000000000000000000
264;0.000000000000000000000;0.000000000000000000000;0.000000000000000000000;0.000000000000000000000
265;0.000238288376638892213;0.000000000000000000000;0.000000000000000000000;0.000000000000000000000
266;0.000000000000000000000;0.000000000000000000000;0.000000000000000000000;0.000000000000000000000
267;0.000000000000000000000;0.000000000000000000000;0.000000000000000000000;0.000000000000000000000
268;0.000225734172141014961;0.000000000000000000000;0.000000000000000000000;0.000000000000000000000
269;0.000000000000000000000;0.000000000000000000000;0.000000000000000000000;0.000000000000000000000
270;0.000026546631426919119;0.000000000000000000000;0.000000000000000000000;0.000000000000000000000
271;0.000000000000000000000;0.000000000000000000000;0.000000000000000000000;0.000000000000000000000
272;0.000168179354421327699;0.000000000000000000000;0.000000000000000000000;0.000000000000000000000
273;0.000000000000000000000;0.000000000000000000000;0.000000000000000000000;0.000000000000000000000
274;0.000500566473690936876;0.000000000000000000000;0.000000000000000000000;0.000000000000000000000
275;0.004440133935523782327;0.000000000000000000000;0.000000000000000000000;0.000000000000000000000
276;0.003240304948872008151;0.000000000000000000000;0.000000000000000000000;0.000000000000000000000
277;0.001803614545843990058;0.000000000000000000000;0.000000000000000000000;0.000000000000000000000
278;0.003711669253731952889;0.000000000000000000000;0.000000000000000000000;0.000000000000000000000
279;0.000000000000000000000;0.000000000000000000000;0.000000000000000000000;0.000000000000000000000
280;0.001675550059759907786;0.000000000000000000000;0.000000000000000000000;0.000000000000000000000
281;0.001902875728347963808;0.000000000000000000000;0.000000000000000000000;0.000000000000000000000
282;0.000768145857424286762;0.000000000000000000000;0.000000000000000000000;0.000000000000000000000
283;0.000000000000000000000;0.000000000000000000000;0.000000000000000000000;0.000000000000000000000
284;0.000000000000000000000;0.000000000000000000000;0.000000000000000000000;0.000000000000000000000
285;0.000000000000000000000;0.000000000000000000000;0.000000000000000000000;0.000000000000000000000
286;0.000000000000000000000;0.000000000000000000000;0.000000000000000000000;0.000000000000000000000
287;0.000000000000000000000;0.000000000000000000000;0.000000000000000000000;0.000000000000000000000
288;0.000000000000000000000;0.000000000000000000000;0.000000000000000000000;0.000000000000000000000
289;0.000000000000000000000;0.000000000000000000000;0.000000000000000000000;0.000000000000000000000
290;0.000932820122730137037;0.000099850790739169443;0.000000000000000000000;0.000000000000000000000
291;0.001220154989934348457;0.000000000000000000000;0.000000000000000000000;0.000000000000000000000
292;0.000240832481771470930;0.000000000000000000000;0.000000000000000000000;0.000000000000000000000
293;0.000167196847824402334;0.000000000000000000000;0.000000000000000000000;0.000000000000000000000
294;0.000233124095191955094;0.000000000000000000000;0.000000000000000000000;0.000000000000000000000
295;0.000000000000000000000;0.000000000000000000000;0.000000000000000000000;0.000000000000000000000
296;0.000157831831525442889;0.000000000000000000000;0.000000000000000000000;0.000000000000000000000
297;0.000098284575043752168;0.000000000000000000000;0.000000000000000000000;0.000000000000000000000
298;0.000000000000000000000;0.000000000000000000000;0.000000000000000000000;0.000000000000000000000
299;0.000000000000000000000;0.000000000000000000000;0.000000000000000000000;0.000000000000000000000
300;0.000000000000000000000;0.000000000000000000000;0.000000000000000000000;0.000000000000000000000
301;0.000426594874696137327;0.000000000000000000000;0.000000000000000000000;0.000000000000000000000
302;0.000000000000000000000;0.000000000000000000000;0.000000000000000000000;0.000000000000000000000
303;0.000294209932996669697;0.000000000000000000000;0.000000000000000000000;0.000000000000000000000
304;0.000000000000000000000;0.000000000000000000000;0.000000000000000000000;0.000000000000000000000
305;0.000347215095090627702;0.000000000000000000000;0.000000000000000000000;0.000000000000000000000
306;0.000000000000000000000;0.000000000000000000000;0.000000000000000000000;0.000000000000000000000
307;0.001185173410733736388;0.000000000000000000000;0.000000000000000000000;0.000000000000000000000
308;0.000000000000000000000;0.000000000000000000000;0.000000000000000000000;0.000000000000000000000
309;0.000457505923630007415;0.000000000000000000000;0.000000000000000000000;0.000000000000000000000
310;0.000038847879237053663;0.000000000000000000000;0.000000000000000000000;0.000000000000000000000
311;0.000879046054817686387;0.000000000000000000000;0.000000000000000000000;0.000000000000000000000
312;0.004321834913252923897;0.000000000000000000000;0.000000000000000000000;0.000000000000000000000
313;0.002696637434422184849;0.000000000000000000000;0.000000000000000000000;0.000000000000000000000
314;0.000216180315728712713;0.000000000000000000000;0.000000000000000000000;0.000000000000000000000
315;0.000367607767793274643;0.000000000000000000000;0.000000000000000000000;0.000000000000000000000
316;0.000043418250361100419;0.000000000000000000000;0.000000000000000000000;0.000000000000000000000
317;0.000000000000000000000;0.000000000000000000000;0.000000000000000000000;0.000000000000000000000
318;0.000000000000000000000;0.000000000000000000000;0.000000000000000000000;0.000000000000000000000
319;0.000009006498553766545;0.000000000000000000000;0.000000000000000000000;0.000000000000000000000
320;0.000000000000000000000;0.000000000000000000000;0.000000000000000000000;0.000000000000000000000
321;0.000000000000000000000;0.000000000000000000000;0.000000000000000000000;0.000000000000000000000
322;0.000000000000000000000;0.000000000000000000000;0.000000000000000000000;0.000000000000000000000
323;0.000284139867438290561;0.000000000000000000000;0.000000000000000000000;0.000000000000000000000
324;0.001631282101033360021;0.000000000000000000000;0.000000000000000000000;0.000000000000000000000
325;0.000032811549254181269;0.000000000000000000000;0.000000000000000000000;0.000000000000000000000
326;0.000000000000000000000;0.000000000000000000000;0.000000000000000000000;0.000000000000000000000
327;0.000000000000000000000;0.000000000000000000000;0.000000000000000000000;0.000000000000000000000
328;0.000000000000000000000;0.000000000000000000000;0.000000000000000000000;0.000000000000000000000
329;0.002559989910658922330;0.000000000000000000000;0.000000000000000000000;0.000000000000000000000
330;0.000000000000000000000;0.000000000000000000000;0.000000000000000000000;0.000000000000000000000
331;0.001874041969957958688;0.000000000000000000000;0.000000000000000000000;0.000000000000000000000
332;0.000023822814259331138;0.000000000000000000000;0.000000000000000000000;0.000000000000000000000
333;0.000000000000000000000;0.000000000000000000000;0.000000000000000000000;0.000000000000000000000
334;0.000000000000000000000;0.000000000000000000000;0.000000000000000000000;0.000000000000000000000
335;0.000000000000000000000;0.000000000000000000000;0.000000000000000000000;0.000000000000000000000
336;0.000000000000000000000;0.000000000000000000000;0.000000000000000000000;0.000000000000000000000
337;0.000000000000000000000;0.000000000000000000000;0.000000000000000000000;0.000000000000000000000
338;0.000000000000000000000;0.000000000000000000000;0.000000000000000000000;0.000000000000000000000
339;0.000000000000000000000;0.000000000000000000000;0.000000000000000000000;0.000000000000000000000
340;0.000120315315545539245;0.000000000000000000000;0.000000000000000000000;0.000000000000000000000
341;0.000000000000000000000;0.000000000000000000000;0.000000000000000000000;0.000000000000000000000
342;0.000031042322162133422;0.000000000000000000000;0.000000000000000000000;0.000000000000000000000
343;0.000043207705610457760;0.000000000000000000000;0.000000000000000000000;0.000000000000000000000
344;0.000035165770197198309;0.000000000000000000000;0.000000000000000000000;0.000000000000000000000
345;0.000058965027313366496;0.000000000000000000000;0.000000000000000000000;0.000000000000000000000
346;0.000213734853781715584;0.000000000000000000000;0.000000000000000000000;0.000000000000000000000
347;0.000446510314412789321;0.000000000000000000000;0.000000000000000000000;0.000000000000000000000
348;0.000264268849607118828;0.000000000000000000000;0.000000000000000000000;0.000000000000000000000
349;0.000334534400036098911;0.000000000000000000000;0.000000000000000000000;0.000000000000000000000
350;0.000025517468441055118;0.000000000000000000000;0.000000000000000000000;0.000000000000000000000
351;0.011937209534647646308;0.000000000000000000000;0.000000000000000000000;0.000000000000000000000
352;0.036167766620732955118;0.000000000000000000000;0.000000000000000000000;0.000000000000000000000
353;0.000000000000000000000;0.000000000000000000000;0.000000000000000000000;0.000000000000000000000
354;0.018938066013312045838;0.000000000000000000000;0.000000000000000000000;0.000000000000000000000
355;0.013356081061271693131;0.000000000000000000000;0.000000000000000000000;0.000000000000000000000
356;0.000000000000000000000;0.000000000000000000000;0.000000000000000000000;0.000000000000000000000
357;0.006639246208456720325;0.000000000000000000000;0.000000000000000000000;0.000000000000000000000
358;0.000012600349085398373;0.000000000000000000000;0.000000000000000000000;0.000000000000000000000
359;0.005815424061991573794;0.000000000000000000000;0.000000000000000000000;0.000000000000000000000
360;0.000399017240106993632;0.000000000000000000000;0.000000000000000000000;0.000000000000000000000
361;0.015972259229529349456;0.000000000000000000000;0.000000000000000000000;0.000000000000000000000
362;0.000000000000000000000;0.000000000000000000000;0.000000000000000000000;0.000000000000000000000
363;0.000000000000000000000;0.000000000000000000000;0.000000000000000000000;0.000000000000000000000
364;0.000000000000000000000;0.000000000000000000000;0.000000000000000000000;0.000000000000000000000
365;0.000000000000000000000;0.000000000000000000000;0.000000000000000000000;0.000000000000000000000
366;0.000000000000000000000;0.000000000000000000000;0.000000000000000000000;0.000000000000000000000
367;0.000655230181358101849;0.000000000000000000000;0.000000000000000000000;0.000000000000000000000
368;0.000006225008795318822;0.000000000000000000000;0.000000000000000000000;0.000000000000000000000
369;0.000000000000000000000;0.000000000000000000000;0.000000000000000000000;0.000000000000000000000
370;0.000000000000000000000;0.000000000000000000000;0.000000000000000000000;0.000000000000000000000
371;0.000238711912619778615;0.000000000000000000000;0.000000000000000000000;0.000000000000000000000
372;0.002765856233991115676;0.000000000000000000000;0.000000000000000000000;0.000000000000000000000
373;0.000000000000000000000;0.000000000000000000000;0.000000000000000000000;0.000000000000000000000
374;0.000000000000000000000;0.000000000000000000000;0.000000000000000000000;0.000000000000000000000
375;0.000000000000000000000;0.000000000000000000000;0.000000000000000000000;0.000000000000000000000
376;0.000000000000000000000;0.000000000000000000000;0.000000000000000000000;0.000000000000000000000
377;0.000000000000000000000;0.000000000000000000000;0.000000000000000000000;0.000000000000000000000
378;0.000404006602483353294;0.000000000000000000000;0.000000000000000000000;0.000000000000000000000
379;0.000303422666740084390;0.000000000000000000000;0.000000000000000000000;0.000000000000000000000
380;0.000669283389908385427;0.000000000000000000000;0.000000000000000000000;0.000000000000000000000
381;0.000728930573278108065;0.000000000000000000000;0.000000000000000000000;0.000000000000000000000
382;0.000000000000000000000;0.000000000000000000000;0.000000000000000000000;0.000000000000000000000
383;0.000000000000000000000;0.000000000000000000000;0.000000000000000000000;0.000000000000000000000
384;0.001792944540773444562;0.000000000000000000000;0.000000000000000000000;0.000000000000000000000
385;0.000000000000000000000;0.000000000000000000000;0.000000000000000000000;0.000000000000000000000
386;0.000000000000000000000;0.000000000000000000000;0.000000000000000000000;0.000000000000000000000
387;0.000168181917113373547;0.000000000000000000000;0.000000000000000000000;0.000000000000000000000
388;0.000417568740665036353;0.000000000000000000000;0.000000000000000000000;0.000000000000000000000
389;0.000327456078481310809;0.000000000000000000000;0.000000000000000000000;0.000000000000000000000
390;0.000002688331019757253;0.000000000000000000000;0.000000000000000000000;0.000000000000000000000
391;0.000421115989238163291;0.000000000000000000000;0.000000000000000000000;0.000000000000000000000
392;0.000024408503459376254;0.000000000000000000000;0.000000000000000000000;0.000000000000000000000
393;0.000177900513851254882;0.000000000000000000000;0.000000000000000000000;0.000000000000000000000
394;0.000603469156435373910;0.000000000000000000000;0.000000000000000000000;0.000000000000000000000
395;0.000005788717775339948;0.000000000000000000000;0.000000000000000000000;0.000000000000000000000
396;0.000000000000000000000;0.000000000000000000000;0.000000000000000000000;0.000000000000000000000
397;0.006722399849302008491;0.000000000000000000000;0.000000000000000000000;0.000000000000000000000
398;0.001101235056133057942;0.000000000000000000000;0.000000000000000000000;0.000000000000000000000
399;0.000851193068595138989;0.000000000000000000000;0.000000000000000000000;0.000000000000000000000
400;0.005044298367284223879;0.000000000000000000000;0.000000000000000000000;0.000000000000000000000
401;0.014406428739132929109;0.000000000000000000000;0.000000000000000000000;0.000000000000000000000
402;0.000000000000000000000;0.000000000000000000000;0.000000000000000000000;0.000000000000000000000
403;0.009886215051629823961;0.000000000000000000000;0.000000000000000000000;0.000000000000000000000
404;0.005548089155332039737;0.000000000000000000000;0.000000000000000000000;0.000000000000000000000
405;0.000141773588279861307;0.000000000000000000000;0.000000000000000000000;0.000000000000000000000
406;0.000000000000000000000;0.000000000000000000000;0.000000000000000000000;0.000000000000000000000
407;0.000020167983235836399;0.000000000000000000000;0.000000000000000000000;0.000000000000000000000
408;0.020111720022628176707;0.000000000000000000000;0.000000000000000000000;0.000000000000000000000
409;0.001181794348867337913;0.000000000000000000000;0.000000000000000000000;0.000000000000000000000
410;0.004541751970821072959;0.000000000000000000000;0.000000000000000000000;0.000000000000000000000
411;0.000000000000000000000;0.000000000000000000000;0.000000000000000000000;0.000000000000000000000
412;0.003961102548327340329;0.000000000000000000000;0.000000000000000000000;0.000000000000000000000
413;0.000913453263713809305;0.000000000000000000000;0.000000000000000000000;0.000000000000000000000
414;0.000542452518949451679;0.000000000000000000000;0.000000000000000000000;0.000000000000000000000
415;0.000126987272463591899;0.000000000000000000000;0.000000000000000000000;0.000000000000000000000
416;0.010499512483441719723;0.000000000000000000000;0.000000000000000000000;0.000000000000000000000
417;0.000472493997173140058;0.000000000000000000000;0.000000000000000000000;0.000000000000000000000
418;0.001727317441463742213;0.000000000000000000000;0.000000000000000000000;0.000000000000000000000
419;0.006810004855471636816;0.000000000000000000000;0.000000000000000000000;0.000000000000000000000
420;0.000000000000000000000;0.000000000000000000000;0.000000000000000000000;0.000000000000000000000
421;0.003432753305142218544;0.000000000000000000000;0.000000000000000000000;0.000000000000000000000
422;0.001232144760833442376;0.000000000000000000000;0.000000000000000000000;0.000000000000000000000
423;0.000421340578742564697;0.000000000000000000000;0.000000000000000000000;0.000000000000000000000
424;0.000090325809542363592;0.000000000000000000000;0.000000000000000000000;0.000000000000000000000
425;0.000121773948938549051;0.000000000000000000000;0.000000000000000000000;0.000000000000000000000
426;0.007956824270858309234;0.000000000000000000000;0.000000000000000000000;0.000000000000000000000
427;0.142389699984185824633;0.000000000000000000000;0.000000000000000000000;0.000000000000000000000
428;0.000889592161112025769;0.000000000000000000000;0.000000000000000000000;0.000000000000000000000
429;0.000839972992396141095;0.000000000000000000000;0.000000000000000000000;0.000000000000000000000
430;0.000000000000000000000;0.000000000000000000000;0.000000000000000000000;0.000000000000000000000
431;0.000803620260189606196;0.000000000000000000000;0.000000000000000000000;0.000000000000000000000
432;0.002444793030918157150;0.000000000000000000000;0.000000000000000000000;0.000000000000000000000
433;0.808237777127887135897;0.078896016409103111866;0.000000000000000000000;0.000000000000000000000
434;0.037420996372203418900;0.000000000000000000000;0.000000000000000000000;0.000000000000000000000
435;0.057497708556242400901;0.000000000000000000000;0.000000000000000000000;0.000000000000000000000
436;0.000904953811306549727;0.000000000000000000000;0.000000000000000000000;0.000000000000000000000
437;0.000769132834384826268;0.000000000000000000000;0.000000000000000000000;0.000000000000000000000
438;0.037111426084299792283;0.003662650149363362757;0.000000000000000000000;0.000000000000000000000
439;0.004105999728436874989;0.000000000000000000000;0.000000000000000000000;0.000000000000000000000
440;0.004396130852839963410;0.000000000000000000000;0.000000000000000000000;0.000000000000000000000
441;0.014616263899336642482;0.000000000000000000000;0.000000000000000000000;0.000000000000000000000
442;0.007124582683337044031;0.000000000000000000000;0.000000000000000000000;0.000000000000000000000
443;0.002510116032974796241;0.000000000000000000000;0.000000000000000000000;0.000000000000000000000
444;0.001471387314411626073;0.000000000000000000000;0.000000000000000000000;0.000000000000000000000
445;0.020030587233144991899;0.000000000000000000000;0.000000000000000000000;0.000000000000000000000
446;0.003256855923114347455;0.000000000000000000000;0.000000000000000000000;0.000000000000000000000
447;0.013326672227568449672;0.000000000000000000000;0.000000000000000000000;0.000000000000000000000
448;0.007880431421568950129;0.000000000000000000000;0.000000000000000000000;0.000000000000000000000
449;0.001217051813802013218;0.000000000000000000000;0.000000000000000000000;0.000000000000000000000
450;0.008972361888192873294;0.000000000000000000000;0.000000000000000000000;0.000000000000000000000
451;0.496894003567856401560;0.070695525024332184216;0.000000000000000000000;0.000000000000000000000
452;0.006286058137797331455;0.000000000000000000000;0.000000000000000000000;0.000000000000000000000
453;0.100451847262358853752;0.000000000000000000000;0.000000000000000000000;0.000000000000000000000
454;0.009018885493467115183;0.000000000000000000000;0.000000000000000000000;0.000000000000000000000
455;0.025355648632411725146;0.000000000000000000000;0.000000000000000000000;0.000000000000000000000
456;0.078680985571357567321;0.000000000000000000000;0.000000000000000000000;0.000000000000000000000
457;0.005273157386513459798;0.000000000000000000000;0.000000000000000000000;0.000000000000000000000
458;0.012090623352232135815;0.000000000000000000000;0.000000000000000000000;0.000000000000000000000
459;0.001197383203852218306;0.000000000000000000000;0.000000000000000000000;0.000000000000000000000
460;0.000338672835696884889;0.000000000000000000000;0.000000000000000000000;0.000000000000000000000
461;0.000744031899275155676;0.000000000000000000000;0.000000000000000000000;0.000000000000000000000
462;0.092454684159298139434;0.000000000000000000000;0.000000000000000000000;0.000000000000000000000
463;0.008800462252901802146;0.000000000000000000000;0.000000000000000000000;0.000000000000000000000
464;0.000000000000000000000;0.000000000000000000000;0.000000000000000000000;0.000000000000000000000
465;0.000196364207465775820;0.000000000000000000000;0.000000000000000000000;0.000000000000000000000
466;0.008718553392832006921;0.000000000000000000000;0.000000000000000000000;0.000000000000000000000
467;0.000813665627990123319;0.000000000000000000000;0.000000000000000000000;0.000000000000000000000
468;0.000303179772385142599;0.000000000000000000000;0.000000000000000000000;0.000000000000000000000
469;0.000000000000000000000;0.000000000000000000000;0.000000000000000000000;0.000000000000000000000
470;0.000563035664331084317;0.000000000000000000000;0.000000000000000000000;0.000000000000000000000
471;0.000038205655395408725;0.000000000000000000000;0.000000000000000000000;0.000000000000000000000
472;0.002057402389605463618;0.000000000000000000000;0.000000000000000000000;0.000000000000000000000
473;0.003433215596563011108;0.000000000000000000000;0.000000000000000000000;0.000000000000000000000
474;1.110163442699064972885;0.145226905164154374006;0.000000000000000000000;0.000000000000000000000
475;0.000009892350390219143;0.000000000000000000000;0.000000000000000000000;0.000000000000000000000
476;0.000007221969400743091;0.000000000000000000000;0.000000000000000000000;0.000000000000000000000
477;0.000011182593519556191;0.000000000000000000000;0.000000000000000000000;0.000000000000000000000
478;0.000000000000000000000;0.000000000000000000000;0.000000000000000000000;0.000000000000000000000
479;0.000000000000000000000;0.000000000000000000000;0.000000000000000000000;0.000000000000000000000
480;0.044890773757162549806;0.004850266544198511554;0.000000000000000000000;0.000000000000000000000
481;0.000002356478130974607;0.000000000000000000000;0.000000000000000000000;0.000000000000000000000
482;0.000105003855231620966;0.000000000000000000000;0.000000000000000000000;0.000000000000000000000
483;0.000546645041374443919;0.000000000000000000000;0.000000000000000000000;0.000000000000000000000
484;0.000037157849054374310;0.000000000000000000000;0.000000000000000000000;0.000000000000000000000
485;0.000115640002982357590;0.000000000000000000000;0.000000000000000000000;0.000000000000000000000
486;0.002907025832189250383;0.000000000000000000000;0.000000000000000000000;0.000000000000000000000
487;0.000159426840529851261;0.000000000000000000000;0.000000000000000000000;0.000000000000000000000
488;0.000027438516143572324;0.000000000000000000000;0.000000000000000000000;0.000000000000000000000
489;0.001485810353404559908;0.000000000000000000000;0.000000000000000000000;0.000000000000000000000
490;0.000698643244454016043;0.000000000000000000000;0.000000000000000000000;0.000000000000000000000
491;0.000486585186083784928;0.000000000000000000000;0.000000000000000000000;0.000000000000000000000
492;0.000394601693621614042;0.000040718502965082254;0.000000000000000000000;0.000000000000000000000
493;0.000110132030305612236;0.000000000000000000000;0.000000000000000000000;0.000000000000000000000
494;0.000000000000000000000;0.000000000000000000000;0.000000000000000000000;0.000000000000000000000
495;0.000034415389933459967;0.000000000000000000000;0.000000000000000000000;0.000000000000000000000
